-- phpMyAdmin SQL Dump
-- version 3.5.2.2
-- http://www.phpmyadmin.net
--
-- Host: localhost
-- Czas wygenerowania: 24 Paź 2016, 10:05
-- Wersja serwera: 5.1.56-log
-- Wersja PHP: 5.3.27

SET SQL_MODE="NO_AUTO_VALUE_ON_ZERO";
SET time_zone = "+00:00";


/*!40101 SET @OLD_CHARACTER_SET_CLIENT=@@CHARACTER_SET_CLIENT */;
/*!40101 SET @OLD_CHARACTER_SET_RESULTS=@@CHARACTER_SET_RESULTS */;
/*!40101 SET @OLD_COLLATION_CONNECTION=@@COLLATION_CONNECTION */;
/*!40101 SET NAMES utf8 */;

--
-- Baza danych: `mennica_magazyn`
--
CREATE DATABASE `mennica_magazyn` DEFAULT CHARACTER SET latin1 COLLATE latin1_swedish_ci;
USE `mennica_magazyn`;

-- --------------------------------------------------------

--
-- Struktura tabeli dla tabeli `arrival_items`
--

CREATE TABLE IF NOT EXISTS `arrival_items` (
  `id` int(11) NOT NULL AUTO_INCREMENT,
  `product_id` int(11) NOT NULL,
  `quantity` int(11) NOT NULL,
  `arrival_id` int(11) NOT NULL,
  `arrival_type_id` int(11) NOT NULL,
  `storage_id` int(11) NOT NULL,
  PRIMARY KEY (`id`)
) ENGINE=InnoDB  DEFAULT CHARSET=latin2 COLLATE=latin2_bin AUTO_INCREMENT=422 ;

--
-- Zrzut danych tabeli `arrival_items`
--

INSERT INTO `arrival_items` (`id`, `product_id`, `quantity`, `arrival_id`, `arrival_type_id`, `storage_id`) VALUES
(1, 1, 14, 1, 1, 2),
(2, 2, 1, 1, 1, 2),
(3, 3, 2, 1, 1, 2),
(4, 4, 15, 1, 1, 2),
(5, 5, 2, 1, 1, 2),
(6, 7, 13, 1, 1, 2),
(7, 8, 6, 1, 1, 2),
(8, 9, 5, 1, 1, 2),
(9, 10, 5, 1, 1, 2),
(10, 11, 5, 1, 1, 2),
(11, 12, 2, 1, 1, 2),
(12, 13, 4, 1, 1, 2),
(13, 14, 18, 1, 1, 2),
(14, 16, 5, 1, 1, 2),
(15, 17, 5, 1, 1, 2),
(16, 18, 13, 1, 1, 2),
(17, 19, 1, 1, 1, 2),
(18, 21, 1, 1, 1, 2),
(19, 22, 19, 1, 1, 2),
(20, 24, 3, 1, 1, 2),
(21, 25, 6, 1, 1, 2),
(22, 26, 10, 1, 1, 2),
(23, 27, 43, 1, 1, 2),
(24, 28, 10, 1, 1, 2),
(25, 29, 1, 1, 1, 2),
(26, 30, 3, 1, 1, 2),
(27, 31, 7, 1, 1, 2),
(28, 32, 1, 1, 1, 2),
(29, 33, 9, 1, 1, 2),
(30, 34, 12, 1, 1, 2),
(31, 35, 11, 1, 1, 2),
(32, 36, 13, 1, 1, 2),
(33, 37, 7, 1, 1, 2),
(34, 39, 7, 1, 1, 2),
(35, 40, 10, 1, 1, 2),
(36, 41, 9, 1, 1, 2),
(37, 42, 30, 1, 1, 2),
(38, 43, 5, 1, 1, 2),
(39, 44, 13, 1, 1, 2),
(40, 61, 19, 1, 1, 2),
(41, 78, 2, 1, 1, 2),
(42, 7, -1, 2, 2, 2),
(43, 7, -1, 3, 2, 2),
(44, 7, -1, 4, 2, 2),
(45, 25, -1, 4, 2, 2),
(46, 45, 1, 5, 1, 2),
(47, 49, 2, 5, 1, 2),
(48, 52, 5, 5, 1, 2),
(49, 55, 1, 5, 1, 2),
(50, 58, 38, 5, 1, 2),
(51, 64, 13, 5, 1, 2),
(52, 65, 18, 5, 1, 2),
(53, 66, 23, 5, 1, 2),
(54, 67, 42, 5, 1, 2),
(55, 68, 7, 5, 1, 2),
(56, 69, 31, 5, 1, 2),
(57, 73, 121, 5, 1, 2),
(58, 74, 7, 5, 1, 2),
(59, 75, 40, 5, 1, 2),
(60, 76, 12, 5, 1, 2),
(61, 77, 4, 5, 1, 2),
(62, 79, 3, 5, 1, 2),
(63, 80, 2, 5, 1, 2),
(64, 81, 2, 5, 1, 2),
(65, 82, 4, 5, 1, 2),
(66, 83, 2, 5, 1, 2),
(67, 84, 1, 5, 1, 2),
(68, 85, 2, 5, 1, 2),
(69, 86, 1, 5, 1, 2),
(70, 87, 1, 5, 1, 2),
(71, 88, 3, 5, 1, 2),
(72, 89, 2, 5, 1, 2),
(73, 90, 1, 5, 1, 2),
(74, 91, 10, 5, 1, 2),
(75, 92, 19, 5, 1, 2),
(76, 93, 4, 5, 1, 2),
(77, 94, 2, 5, 1, 2),
(78, 95, 2, 5, 1, 2),
(79, 96, 2, 5, 1, 2),
(80, 97, 2, 5, 1, 2),
(81, 105, 5, 5, 1, 2),
(82, 106, 2, 5, 1, 2),
(83, 108, 5, 5, 1, 2),
(84, 109, 1, 5, 1, 2),
(85, 110, 2, 5, 1, 2),
(86, 111, 1, 5, 1, 2),
(87, 113, 5, 5, 1, 2),
(88, 114, 2, 5, 1, 2),
(89, 115, 7, 5, 1, 2),
(90, 116, 10, 5, 1, 2),
(91, 117, 20, 5, 1, 2),
(92, 118, 6, 5, 1, 2),
(93, 119, 7, 5, 1, 2),
(94, 120, 46, 5, 1, 2),
(95, 121, 4, 5, 1, 2),
(96, 122, 28, 5, 1, 2),
(97, 123, 8, 5, 1, 2),
(98, 124, 2, 5, 1, 2),
(99, 125, 1, 5, 1, 2),
(100, 7, 1, 7, 3, 2),
(101, 25, 1, 7, 3, 2),
(102, 30, -1, 8, 2, 2),
(103, 46, 4, 9, 1, 2),
(104, 50, 3, 9, 1, 2),
(105, 51, 5, 9, 1, 2),
(106, 63, 55, 9, 1, 2),
(107, 90, 1, 9, 1, 2),
(108, 99, 5, 9, 1, 2),
(109, 100, 5, 9, 1, 2),
(110, 101, 7, 9, 1, 2),
(111, 102, 2, 9, 1, 2),
(112, 103, 2, 9, 1, 2),
(113, 104, 3, 9, 1, 2),
(114, 98, 16, 10, 1, 2),
(115, 112, 14, 10, 1, 2),
(116, 7, -1, 11, 2, 2),
(117, 42, 30, 12, 1, 2),
(118, 126, 2, 12, 1, 2),
(119, 126, -1, 13, 2, 2),
(120, 7, -1, 14, 2, 2),
(121, 93, -1, 15, 2, 2),
(122, 7, 1, 16, 3, 2),
(123, 7, -1, 17, 2, 2),
(124, 14, -1, 17, 2, 2),
(125, 43, -1, 18, 2, 2),
(126, 65, -1, 19, 2, 2),
(127, 1, -1, 20, 2, 2),
(128, 75, -1, 21, 2, 2),
(129, 66, -1, 22, 2, 2),
(130, 7, -1, 23, 2, 2),
(131, 31, -1, 23, 2, 2),
(132, 43, -2, 23, 2, 2),
(133, 42, -3, 23, 2, 2),
(134, 65, 1, 24, 4, 2),
(135, 44, -1, 25, 2, 2),
(136, 42, -1, 26, 2, 2),
(137, 14, -1, 27, 2, 2),
(138, 42, -10, 27, 2, 2),
(139, 42, -10, 28, 2, 2),
(140, 14, -1, 28, 2, 2),
(141, 31, -1, 28, 2, 2),
(142, 7, 1, 29, 3, 2),
(143, 42, 2, 29, 3, 2),
(144, 43, 2, 29, 3, 2),
(145, 42, -10, 30, 2, 2),
(146, 42, 7, 31, 3, 2),
(147, 42, -1, 32, 2, 2),
(148, 44, -2, 33, 2, 2),
(149, 44, 1, 34, 4, 2),
(150, 44, 1, 35, 3, 2),
(151, 11, -1, 36, 2, 2),
(152, 17, -1, 37, 2, 2),
(153, 33, -1, 37, 2, 2),
(154, 34, -1, 37, 2, 2),
(155, 42, -2, 37, 2, 2),
(156, 1, -2, 37, 2, 2),
(157, 44, -2, 37, 2, 2),
(158, 39, -2, 37, 2, 2),
(159, 30, -1, 38, 2, 2),
(160, 42, -8, 39, 2, 2),
(161, 1, 2, 40, 3, 2),
(162, 17, 1, 40, 3, 2),
(163, 33, 1, 40, 3, 2),
(164, 34, 1, 40, 3, 2),
(165, 39, 2, 40, 3, 2),
(166, 42, 1, 40, 3, 2),
(167, 44, 2, 40, 3, 2),
(168, 93, -1, 41, 2, 2),
(169, 46, -1, 41, 2, 2),
(170, 42, -1, 42, 2, 2),
(171, 33, -1, 43, 2, 2),
(172, 44, -1, 43, 2, 2),
(173, 34, -1, 44, 2, 2),
(174, 44, -1, 45, 2, 2),
(175, 7, -1, 46, 2, 2),
(176, 33, 1, 47, 4, 2),
(177, 42, 1, 47, 4, 2),
(178, 44, -2, 48, 2, 2),
(179, 44, 2, 49, 3, 2),
(180, 46, 1, 49, 3, 2),
(181, 42, -5, 50, 2, 2),
(182, 44, -3, 51, 2, 2),
(183, 44, -3, 52, 2, 2),
(184, 39, -1, 52, 2, 2),
(185, 34, -1, 52, 2, 2),
(186, 44, 2, 53, 3, 2),
(187, 42, 8, 54, 3, 2),
(188, 43, 1, 55, 4, 2),
(189, 42, -4, 56, 2, 2),
(190, 42, -2, 57, 2, 2),
(191, 33, -1, 57, 2, 2),
(192, 34, -1, 57, 2, 2),
(193, 17, -1, 57, 2, 2),
(194, 39, -1, 57, 2, 2),
(195, 44, -2, 57, 2, 2),
(196, 1, -1, 57, 2, 2),
(197, 7, -1, 57, 2, 2),
(198, 42, -4, 58, 2, 2),
(199, 7, -1, 58, 2, 2),
(200, 7, 1, 59, 3, 2),
(201, 42, 13, 59, 3, 2),
(202, 42, -25, 60, 2, 2),
(203, 7, -1, 61, 2, 2),
(204, 7, 1, 62, 3, 2),
(205, 44, 3, 62, 3, 2),
(206, 34, 1, 63, 4, 2),
(207, 1, 1, 65, 3, 2),
(208, 17, 1, 65, 3, 2),
(209, 33, 1, 65, 3, 2),
(210, 34, 1, 65, 3, 2),
(211, 39, 1, 65, 3, 2),
(212, 42, 2, 65, 3, 2),
(213, 44, 2, 65, 3, 2),
(214, 42, -7, 66, 2, 2),
(215, 17, -1, 67, 2, 2),
(216, 7, -1, 67, 2, 2),
(217, 26, -1, 67, 2, 2),
(218, 127, 1, 68, 1, 2),
(219, 7, 1, 69, 3, 2),
(220, 26, 1, 69, 3, 2),
(221, 113, -1, 70, 2, 2),
(222, 24, -1, 70, 2, 2),
(223, 127, -1, 70, 2, 2),
(224, 7, -1, 71, 2, 2),
(225, 26, -1, 71, 2, 2),
(226, 7, -1, 72, 2, 2),
(227, 7, 1, 73, 3, 2),
(228, 42, 3, 73, 3, 2),
(229, 44, -1, 74, 2, 2),
(230, 7, -1, 75, 2, 2),
(231, 7, 1, 76, 3, 2),
(232, 44, 1, 76, 3, 2),
(233, 7, -1, 77, 2, 2),
(234, 7, 1, 78, 3, 2),
(235, 113, 1, 78, 3, 2),
(236, 42, -1, 79, 2, 2),
(237, 95, -1, 80, 2, 2),
(238, 44, -4, 81, 2, 2),
(239, 7, 3, 82, 4, 2),
(240, 30, 1, 82, 4, 2),
(241, 7, 1, 83, 4, 2),
(242, 34, -1, 84, 2, 2),
(243, 33, -1, 84, 2, 2),
(244, 39, -1, 84, 2, 2),
(245, 1, -1, 84, 2, 2),
(246, 42, -3, 84, 2, 2),
(247, 44, -1, 84, 2, 2),
(248, 14, -1, 84, 2, 2),
(249, 7, -1, 85, 2, 2),
(250, 7, 1, 86, 3, 2),
(251, 42, 1, 86, 3, 2),
(252, 44, -1, 87, 2, 2),
(253, 42, -1, 87, 2, 2),
(254, 44, 4, 88, 3, 2),
(255, 1, 1, 89, 3, 2),
(256, 14, 1, 89, 3, 2),
(257, 33, 1, 89, 3, 2),
(258, 34, 1, 89, 3, 2),
(259, 39, 1, 89, 3, 2),
(260, 42, 4, 89, 3, 2),
(261, 44, 1, 89, 3, 2),
(262, 61, -1, 90, 2, 2),
(263, 14, -1, 91, 2, 2),
(264, 65, -2, 92, 2, 2),
(265, 25, -1, 93, 2, 2),
(266, 17, -4, 93, 2, 2),
(267, 42, -4, 93, 2, 2),
(268, 42, 1, 94, 3, 2),
(269, 61, -1, 95, 2, 2),
(270, 121, -1, 95, 2, 2),
(271, 65, -1, 96, 2, 2),
(272, 65, -1, 97, 2, 2),
(273, 7, -2, 98, 2, 2),
(274, 7, -1, 99, 2, 2),
(275, 42, -1, 101, 2, 2),
(276, 44, 1, 102, 4, 2),
(277, 33, -1, 103, 2, 2),
(278, 34, -1, 103, 2, 2),
(279, 39, -1, 103, 2, 2),
(280, 44, -1, 103, 2, 2),
(281, 26, -1, 103, 2, 2),
(282, 27, -2, 103, 2, 2),
(283, 36, -2, 103, 2, 2),
(284, 1, -1, 103, 2, 2),
(285, 14, -1, 103, 2, 2),
(286, 31, -1, 103, 2, 2),
(287, 1, 1, 104, 3, 2),
(288, 14, 1, 104, 3, 2),
(289, 26, 1, 104, 3, 2),
(290, 27, 2, 104, 3, 2),
(291, 31, 1, 104, 3, 2),
(292, 33, 1, 104, 3, 2),
(293, 34, 1, 104, 3, 2),
(294, 36, 2, 104, 3, 2),
(295, 39, 1, 104, 3, 2),
(296, 44, 1, 104, 3, 2),
(297, 14, -1, 105, 2, 2),
(298, 31, -1, 105, 2, 2),
(299, 18, -1, 106, 2, 2),
(300, 27, -1, 106, 2, 2),
(301, 1, -1, 107, 2, 2),
(302, 26, -1, 107, 2, 2),
(303, 27, -1, 107, 2, 2),
(304, 31, -1, 107, 2, 2),
(305, 33, -1, 107, 2, 2),
(306, 34, -1, 107, 2, 2),
(307, 36, -2, 107, 2, 2),
(308, 39, -1, 107, 2, 2),
(309, 44, -2, 107, 2, 2),
(310, 1, -1, 108, 2, 2),
(311, 14, -1, 108, 2, 2),
(312, 26, -1, 108, 2, 2),
(313, 27, -1, 108, 2, 2),
(314, 31, -1, 108, 2, 2),
(315, 33, -1, 108, 2, 2),
(316, 34, -1, 108, 2, 2),
(317, 36, -2, 108, 2, 2),
(318, 39, -1, 108, 2, 2),
(319, 44, -2, 108, 2, 2),
(320, 27, 1, 109, 4, 2),
(321, 31, 1, 110, 3, 2),
(322, 1, 1, 111, 3, 2),
(323, 26, 1, 111, 3, 2),
(324, 27, 1, 111, 3, 2),
(325, 31, 1, 111, 3, 2),
(326, 33, 1, 111, 3, 2),
(327, 34, 1, 111, 3, 2),
(328, 36, 2, 111, 3, 2),
(329, 39, 1, 111, 3, 2),
(330, 44, 2, 111, 3, 2),
(331, 1, 1, 112, 3, 2),
(332, 14, 1, 112, 3, 2),
(333, 26, 1, 112, 3, 2),
(334, 27, 1, 112, 3, 2),
(335, 31, 1, 112, 3, 2),
(336, 33, 1, 112, 3, 2),
(337, 34, 1, 112, 3, 2),
(338, 36, 2, 112, 3, 2),
(339, 39, 1, 112, 3, 2),
(340, 44, 2, 112, 3, 2),
(341, 1, -1, 113, 2, 2),
(342, 14, -1, 113, 2, 2),
(343, 26, -1, 113, 2, 2),
(344, 27, -2, 113, 2, 2),
(345, 31, -1, 113, 2, 2),
(346, 33, -1, 113, 2, 2),
(347, 34, -1, 113, 2, 2),
(348, 36, -2, 113, 2, 2),
(349, 39, -1, 113, 2, 2),
(350, 44, -2, 113, 2, 2),
(351, 1, -1, 114, 2, 2),
(352, 14, -1, 114, 2, 2),
(353, 26, -1, 114, 2, 2),
(354, 27, -2, 114, 2, 2),
(355, 31, -1, 114, 2, 2),
(356, 33, -1, 114, 2, 2),
(357, 34, -1, 114, 2, 2),
(358, 36, -1, 114, 2, 2),
(359, 39, -1, 114, 2, 2),
(360, 44, -2, 114, 2, 2),
(361, 1, 1, 115, 3, 2),
(362, 14, 1, 115, 3, 2),
(363, 26, 1, 115, 3, 2),
(364, 27, 2, 115, 3, 2),
(365, 31, 1, 115, 3, 2),
(366, 33, 1, 115, 3, 2),
(367, 34, 1, 115, 3, 2),
(368, 36, 2, 115, 3, 2),
(369, 39, 1, 115, 3, 2),
(370, 44, 2, 115, 3, 2),
(371, 1, 1, 116, 3, 2),
(372, 14, 1, 116, 3, 2),
(373, 26, 1, 116, 3, 2),
(374, 27, 2, 116, 3, 2),
(375, 31, 1, 116, 3, 2),
(376, 33, 1, 116, 3, 2),
(377, 34, 1, 116, 3, 2),
(378, 36, 1, 116, 3, 2),
(379, 39, 1, 116, 3, 2),
(380, 44, 2, 116, 3, 2),
(381, 1, -1, 117, 2, 2),
(382, 36, -2, 117, 2, 2),
(383, 39, -1, 117, 2, 2),
(384, 44, -2, 117, 2, 2),
(385, 31, -1, 117, 2, 2),
(386, 33, -1, 117, 2, 2),
(387, 34, -1, 117, 2, 2),
(388, 27, -2, 117, 2, 2),
(389, 14, -1, 117, 2, 2),
(390, 26, -1, 117, 2, 2),
(391, 25, -1, 118, 2, 2),
(392, 1, 1, 119, 3, 2),
(393, 31, 1, 119, 3, 2),
(394, 33, 1, 119, 3, 2),
(395, 34, 1, 119, 3, 2),
(396, 36, 1, 119, 3, 2),
(397, 39, 1, 119, 3, 2),
(398, 44, 2, 119, 3, 2),
(399, 1, -1, 120, 2, 2),
(400, 14, -1, 120, 2, 2),
(401, 26, -1, 120, 2, 2),
(402, 27, -2, 120, 2, 2),
(403, 31, -1, 120, 2, 2),
(404, 33, -1, 120, 2, 2),
(405, 34, -1, 120, 2, 2),
(406, 39, -1, 120, 2, 2),
(407, 44, -2, 120, 2, 2),
(408, 1, -1, 121, 2, 2),
(409, 14, -1, 121, 2, 2),
(410, 26, -1, 121, 2, 2),
(411, 27, -2, 121, 2, 2),
(412, 31, -1, 121, 2, 2),
(413, 33, -1, 121, 2, 2),
(414, 34, -1, 121, 2, 2),
(415, 36, -2, 121, 2, 2),
(416, 39, -1, 121, 2, 2),
(417, 44, -2, 121, 2, 2),
(418, 14, 1, 122, 3, 2),
(419, 26, 1, 122, 3, 2),
(420, 27, 2, 122, 3, 2),
(421, 36, 1, 122, 3, 2);

-- --------------------------------------------------------

--
-- Struktura tabeli dla tabeli `arrival_products_temp`
--

CREATE TABLE IF NOT EXISTS `arrival_products_temp` (
  `id` int(11) NOT NULL AUTO_INCREMENT,
  `item_name` varchar(255) COLLATE latin2_bin NOT NULL,
  `item_sn` varchar(20) COLLATE latin2_bin NOT NULL,
  `item_quantity` int(11) NOT NULL,
  `item_product_id` int(11) NOT NULL,
  `document_name` varchar(20) COLLATE latin2_bin NOT NULL,
  `storage_id` int(11) NOT NULL,
  `create_user_id` int(11) NOT NULL,
  `create_date` datetime NOT NULL,
  PRIMARY KEY (`id`)
) ENGINE=InnoDB  DEFAULT CHARSET=latin2 COLLATE=latin2_bin AUTO_INCREMENT=6 ;

-- --------------------------------------------------------

--
-- Struktura tabeli dla tabeli `arrival_types`
--

CREATE TABLE IF NOT EXISTS `arrival_types` (
  `id` int(1) NOT NULL AUTO_INCREMENT,
  `name` varchar(255) COLLATE latin2_bin NOT NULL,
  `prefix` varchar(3) COLLATE latin2_bin NOT NULL,
  PRIMARY KEY (`id`)
) ENGINE=InnoDB  DEFAULT CHARSET=latin2 COLLATE=latin2_bin AUTO_INCREMENT=7 ;

--
-- Zrzut danych tabeli `arrival_types`
--

INSERT INTO `arrival_types` (`id`, `name`, `prefix`) VALUES
(1, 'Dostawa', 'N'),
(2, 'Transfer wydany', 'WYD'),
(3, 'Zwrot na magazyn', 'Z'),
(4, 'Transfer wewnętrzny', 'WEW'),
(5, 'Odesłano do serwisu', 'U'),
(6, 'Przyjęto w serwisie', 'S');

-- --------------------------------------------------------

--
-- Struktura tabeli dla tabeli `arrivals`
--

CREATE TABLE IF NOT EXISTS `arrivals` (
  `id` int(11) NOT NULL AUTO_INCREMENT,
  `arrival_type_id` int(11) NOT NULL,
  `document_name` varchar(255) COLLATE latin2_bin NOT NULL,
  `storage_id` int(11) NOT NULL,
  `create_user_id` int(11) NOT NULL,
  `accept_user_id` int(11) DEFAULT NULL,
  `release_user_id` int(11) DEFAULT NULL,
  `create_date` datetime NOT NULL,
  `accept_date` datetime NOT NULL,
  `release_date` datetime NOT NULL,
  PRIMARY KEY (`id`)
) ENGINE=InnoDB  DEFAULT CHARSET=latin2 COLLATE=latin2_bin AUTO_INCREMENT=123 ;

--
-- Zrzut danych tabeli `arrivals`
--

INSERT INTO `arrivals` (`id`, `arrival_type_id`, `document_name`, `storage_id`, `create_user_id`, `accept_user_id`, `release_user_id`, `create_date`, `accept_date`, `release_date`) VALUES
(1, 1, 'WRO/N/01/2016', 2, 18, 15, NULL, '2016-10-03 11:25:33', '2016-10-03 11:29:15', '0000-00-00 00:00:00'),
(2, 2, 'WRO/WYD/01/2016', 2, 15, NULL, 14, '2016-10-03 11:33:17', '0000-00-00 00:00:00', '2016-10-03 11:33:17'),
(3, 2, 'WRO/WYD/02/2016', 2, 15, NULL, 8, '2016-10-04 11:37:50', '0000-00-00 00:00:00', '2016-10-04 11:37:50'),
(4, 2, 'WRO/WYD/03/2016', 2, 15, NULL, 10, '2016-10-04 11:38:41', '0000-00-00 00:00:00', '2016-10-04 11:38:41'),
(5, 1, 'WRO/N/02/2016', 2, 18, 15, NULL, '2016-10-04 11:13:21', '2016-10-04 12:04:48', '0000-00-00 00:00:00'),
(6, 666, 'Błąd', 2, 15, 15, NULL, '2016-10-04 14:56:53', '2016-10-04 14:56:53', '0000-00-00 00:00:00'),
(7, 3, 'WRO/Z/01/2016', 2, 15, 15, NULL, '2016-10-04 14:57:48', '2016-10-04 14:57:48', '0000-00-00 00:00:00'),
(8, 2, 'WRO/WYD/04/2016', 2, 15, NULL, 10, '2016-10-04 14:58:30', '0000-00-00 00:00:00', '2016-10-04 14:58:30'),
(9, 1, 'WRO/N/03/2016', 2, 18, 15, NULL, '2016-10-04 11:32:29', '2016-10-05 10:58:58', '0000-00-00 00:00:00'),
(10, 1, 'WRO/N/04/2016', 2, 18, 15, NULL, '2016-10-05 12:56:40', '2016-10-05 12:59:00', '0000-00-00 00:00:00'),
(11, 2, 'WRO/WYD/05/2016', 2, 15, NULL, 5, '2016-10-06 07:21:44', '0000-00-00 00:00:00', '2016-10-06 07:21:44'),
(12, 1, 'WRO/N/05/2016', 2, 18, 15, NULL, '2016-10-06 10:50:32', '2016-10-06 10:51:04', '0000-00-00 00:00:00'),
(13, 2, 'WRO/WYD/06/2016', 2, 15, NULL, 9, '2016-10-06 13:46:17', '0000-00-00 00:00:00', '2016-10-06 13:46:17'),
(14, 2, 'WRO/WYD/07/2016', 2, 15, NULL, 8, '2016-10-07 07:50:28', '0000-00-00 00:00:00', '2016-10-07 07:50:28'),
(15, 2, 'WRO/WYD/08/2016', 2, 15, NULL, 8, '2016-10-07 14:01:44', '0000-00-00 00:00:00', '2016-10-07 14:01:44'),
(16, 3, 'WRO/Z/02/2016', 2, 15, 15, NULL, '2016-10-07 15:00:50', '2016-10-07 15:00:50', '0000-00-00 00:00:00'),
(17, 2, 'WRO/WYD/09/2016', 2, 15, NULL, 6, '2016-10-07 15:04:50', '0000-00-00 00:00:00', '2016-10-07 15:04:50'),
(18, 2, 'WRO/WYD/10/2016', 2, 15, NULL, 11, '2016-10-07 22:07:46', '0000-00-00 00:00:00', '2016-10-07 22:07:46'),
(19, 2, 'WRO/WYD/11/2016', 2, 15, NULL, 13, '2016-10-08 21:40:00', '0000-00-00 00:00:00', '2016-10-08 21:40:00'),
(20, 2, 'WRO/WYD/12/2016', 2, 15, NULL, 10, '2016-10-09 13:43:43', '0000-00-00 00:00:00', '2016-10-09 13:43:43'),
(21, 2, 'WRO/WYD/13/2016', 2, 15, NULL, 9, '2016-10-10 07:55:28', '0000-00-00 00:00:00', '2016-10-10 07:55:28'),
(22, 2, 'WRO/WYD/14/2016', 2, 15, NULL, 7, '2016-10-10 08:43:27', '0000-00-00 00:00:00', '2016-10-10 08:43:27'),
(23, 2, 'WRO/WYD/15/2016', 2, 15, NULL, 7, '2016-10-10 09:27:42', '0000-00-00 00:00:00', '2016-10-10 09:27:42'),
(24, 4, 'WRO/WEW/01/2016', 2, 15, 15, NULL, '2016-10-10 10:31:12', '2016-10-10 10:31:12', '0000-00-00 00:00:00'),
(25, 2, 'WRO/WYD/10/2016', 2, 15, NULL, 11, '2016-10-10 13:19:17', '0000-00-00 00:00:00', '2016-10-10 13:19:17'),
(26, 2, 'WRO/WYD/16/2016', 2, 15, NULL, 14, '2016-10-10 14:10:48', '0000-00-00 00:00:00', '2016-10-10 14:10:48'),
(27, 2, 'WRO/WYD/17/2016', 2, 15, NULL, 6, '2016-10-10 14:16:46', '0000-00-00 00:00:00', '2016-10-10 14:16:46'),
(28, 2, 'WRO/WYD/18/2016', 2, 15, NULL, 10, '2016-10-10 14:17:24', '0000-00-00 00:00:00', '2016-10-10 14:17:24'),
(29, 3, 'WRO/Z/03/2016', 2, 15, 15, NULL, '2016-10-10 14:29:33', '2016-10-10 14:29:33', '0000-00-00 00:00:00'),
(30, 2, 'WRO/WYD/19/2016', 2, 15, NULL, 14, '2016-10-11 06:56:59', '0000-00-00 00:00:00', '2016-10-11 06:56:59'),
(31, 3, 'WRO/Z/04/2016', 2, 15, 15, NULL, '2016-10-11 07:32:26', '2016-10-11 07:32:26', '0000-00-00 00:00:00'),
(32, 2, 'WRO/WYD/20/2016', 2, 15, NULL, 11, '2016-10-11 08:23:03', '0000-00-00 00:00:00', '2016-10-11 08:23:03'),
(33, 2, 'WRO/WYD/21/2016', 2, 15, NULL, 13, '2016-10-11 09:28:46', '0000-00-00 00:00:00', '2016-10-11 09:28:46'),
(34, 4, 'WRO/WEW/02/2016', 2, 15, 15, NULL, '2016-10-11 11:46:11', '2016-10-11 11:46:11', '0000-00-00 00:00:00'),
(35, 3, 'WRO/Z/05/2016', 2, 15, 15, NULL, '2016-10-11 14:00:10', '2016-10-11 14:00:10', '0000-00-00 00:00:00'),
(36, 2, 'WRO/WYD/22/2016', 2, 15, NULL, 13, '2016-10-11 14:16:30', '0000-00-00 00:00:00', '2016-10-11 14:16:30'),
(37, 2, 'WRO/WYD/23/2016', 2, 15, NULL, 8, '2016-10-11 14:26:30', '0000-00-00 00:00:00', '2016-10-11 14:26:30'),
(38, 2, 'WRO/WYD/24/2016', 2, 15, NULL, 14, '2016-10-11 14:27:20', '0000-00-00 00:00:00', '2016-10-11 14:27:20'),
(39, 2, 'WRO/WYD/25/2016', 2, 15, NULL, 10, '2016-10-11 15:51:04', '0000-00-00 00:00:00', '2016-10-11 15:51:04'),
(40, 3, 'WRO/Z/06/2016', 2, 15, 15, NULL, '2016-10-12 07:24:38', '2016-10-12 07:24:38', '0000-00-00 00:00:00'),
(41, 2, 'WRO/WYD/26/2016', 2, 15, NULL, 13, '2016-10-12 08:07:54', '0000-00-00 00:00:00', '2016-10-12 08:07:54'),
(42, 2, 'WRO/WYD/27/2016', 2, 15, NULL, 7, '2016-10-12 08:50:12', '0000-00-00 00:00:00', '2016-10-12 08:50:12'),
(43, 2, 'WRO/WYD/28/2016', 2, 15, NULL, 13, '2016-10-12 09:34:23', '0000-00-00 00:00:00', '2016-10-12 09:34:23'),
(44, 2, 'WRO/WYD/29/2016', 2, 15, NULL, 13, '2016-10-12 11:22:26', '0000-00-00 00:00:00', '2016-10-12 11:22:26'),
(45, 2, 'WRO/WYD/30/2016', 2, 15, NULL, 13, '2016-10-12 12:01:46', '0000-00-00 00:00:00', '2016-10-12 12:01:46'),
(46, 2, 'WRO/WYD/31/2016', 2, 15, NULL, 11, '2016-10-12 12:04:15', '0000-00-00 00:00:00', '2016-10-12 12:04:15'),
(47, 4, 'WRO/WEW/03/2016', 2, 15, 15, NULL, '2016-10-12 12:12:13', '2016-10-12 12:12:13', '0000-00-00 00:00:00'),
(48, 2, 'WRO/WYD/32/2016', 2, 15, NULL, 13, '2016-10-12 12:35:13', '0000-00-00 00:00:00', '2016-10-12 12:35:13'),
(49, 3, 'WRO/Z/07/2016', 2, 15, 15, NULL, '2016-10-12 12:37:07', '2016-10-12 12:37:07', '0000-00-00 00:00:00'),
(50, 2, 'WRO/WYD/33/2016', 2, 15, NULL, 14, '2016-10-12 12:39:07', '0000-00-00 00:00:00', '2016-10-12 12:39:07'),
(51, 2, 'WRO/WYD/34/2016', 2, 15, NULL, 14, '2016-10-12 12:51:22', '0000-00-00 00:00:00', '2016-10-12 12:51:22'),
(52, 2, 'WRO/WYD/34/2016', 2, 15, NULL, 14, '2016-10-12 12:53:49', '0000-00-00 00:00:00', '2016-10-12 12:53:49'),
(53, 3, 'WRO/Z/08/2016', 2, 15, 15, NULL, '2016-10-12 13:47:59', '2016-10-12 13:47:59', '0000-00-00 00:00:00'),
(54, 3, 'WRO/Z/09/2016', 2, 15, 15, NULL, '2016-10-12 13:49:06', '2016-10-12 13:49:06', '0000-00-00 00:00:00'),
(55, 4, 'WRO/WEW/04/2016', 2, 15, 15, NULL, '2016-10-12 13:57:46', '2016-10-12 13:57:46', '0000-00-00 00:00:00'),
(56, 2, 'WRO/WYD/35/2016', 2, 15, NULL, 14, '2016-10-12 14:17:39', '0000-00-00 00:00:00', '2016-10-12 14:17:39'),
(57, 2, 'WRO/WYD/36/2016', 2, 15, NULL, 8, '2016-10-12 14:42:16', '0000-00-00 00:00:00', '2016-10-12 14:42:16'),
(58, 2, 'WRO/WYD/37/2016', 2, 15, NULL, 10, '2016-10-12 14:49:29', '0000-00-00 00:00:00', '2016-10-12 14:49:29'),
(59, 3, 'WRO/Z/10/2016', 2, 15, 15, NULL, '2016-10-12 14:50:51', '2016-10-12 14:50:51', '0000-00-00 00:00:00'),
(60, 2, 'WRO/WYD/38/2016', 2, 15, NULL, 14, '2016-10-12 14:54:54', '0000-00-00 00:00:00', '2016-10-12 14:54:54'),
(61, 2, 'WRO/WYD/39/2016', 2, 15, NULL, 14, '2016-10-12 14:56:34', '0000-00-00 00:00:00', '2016-10-12 14:56:34'),
(62, 3, 'WRO/Z/11/2016', 2, 15, 15, NULL, '2016-10-12 14:58:08', '2016-10-12 14:58:08', '0000-00-00 00:00:00'),
(63, 4, 'WRO/WEW/05/2016', 2, 15, 15, NULL, '2016-10-12 15:18:32', '2016-10-12 15:18:32', '0000-00-00 00:00:00'),
(64, 5, 'WRO/U/01/2016', 2, 15, 15, NULL, '2016-10-12 15:20:30', '2016-10-12 15:20:30', '0000-00-00 00:00:00'),
(65, 3, 'WRO/Z/12/2016', 2, 15, 15, NULL, '2016-10-13 09:25:14', '2016-10-13 09:25:14', '0000-00-00 00:00:00'),
(66, 2, 'WRO/WYD/40/2016', 2, 15, NULL, 14, '2016-10-13 09:28:12', '0000-00-00 00:00:00', '2016-10-13 09:28:12'),
(67, 2, 'WRO/WYD/40/2016', 2, 15, NULL, 9, '2016-10-13 09:30:43', '0000-00-00 00:00:00', '2016-10-13 09:30:43'),
(68, 1, 'WRO/N/06/2016', 2, 18, 15, NULL, '2016-10-13 13:15:54', '2016-10-13 13:16:27', '0000-00-00 00:00:00'),
(69, 3, 'WRO/Z/13/2016', 2, 15, 15, NULL, '2016-10-13 14:03:07', '2016-10-13 14:03:07', '0000-00-00 00:00:00'),
(70, 2, 'WRO/WYD/41/2016', 2, 15, NULL, 7, '2016-10-13 14:28:48', '0000-00-00 00:00:00', '2016-10-13 14:28:48'),
(71, 2, 'WRO/WYD/42/2016', 2, 15, NULL, 8, '2016-10-13 14:29:28', '0000-00-00 00:00:00', '2016-10-13 14:29:28'),
(72, 2, 'WRO/WYD/43/2016', 2, 15, NULL, 14, '2016-10-13 14:34:32', '0000-00-00 00:00:00', '2016-10-13 14:34:32'),
(73, 3, 'WRO/Z/14/2016', 2, 15, 15, NULL, '2016-10-13 14:35:39', '2016-10-13 14:35:39', '0000-00-00 00:00:00'),
(74, 2, 'WRO/WYD/44/2016', 2, 15, NULL, 9, '2016-10-13 14:36:25', '0000-00-00 00:00:00', '2016-10-13 14:36:25'),
(75, 2, 'WRO/WYD/45/2016', 2, 15, NULL, 9, '2016-10-13 14:38:36', '0000-00-00 00:00:00', '2016-10-13 14:38:36'),
(76, 3, 'WRO/Z/15/2016', 2, 15, 15, NULL, '2016-10-13 14:41:30', '2016-10-13 14:41:30', '0000-00-00 00:00:00'),
(77, 2, 'WRO/WYD/46/2016', 2, 15, NULL, 7, '2016-10-14 07:03:34', '0000-00-00 00:00:00', '2016-10-14 07:03:34'),
(78, 3, 'WRO/Z/16/2016', 2, 15, 15, NULL, '2016-10-14 07:04:19', '2016-10-14 07:04:19', '0000-00-00 00:00:00'),
(79, 2, 'WRO/WYD/47/2016', 2, 15, NULL, 8, '2016-10-14 07:08:00', '0000-00-00 00:00:00', '2016-10-14 07:08:00'),
(80, 2, 'WRO/WYD/48/2016', 2, 15, NULL, 11, '2016-10-14 09:16:17', '0000-00-00 00:00:00', '2016-10-14 09:16:17'),
(81, 2, 'WRO/WYD/49/2016', 2, 15, NULL, 14, '2016-10-14 09:52:31', '0000-00-00 00:00:00', '2016-10-14 09:52:31'),
(82, 4, 'WRO/WEW/06/2016', 2, 15, 15, NULL, '2016-10-14 13:30:45', '2016-10-14 13:30:45', '0000-00-00 00:00:00'),
(83, 4, 'WRO/WEW/07/2016', 2, 15, 15, NULL, '2016-10-14 14:12:09', '2016-10-14 14:12:09', '0000-00-00 00:00:00'),
(84, 2, 'WRO/WYD/50/2016', 2, 15, NULL, 8, '2016-10-14 14:53:24', '0000-00-00 00:00:00', '2016-10-14 14:53:24'),
(85, 2, 'WRO/WYD/51/2016', 2, 15, NULL, 10, '2016-10-14 14:54:28', '0000-00-00 00:00:00', '2016-10-14 14:54:28'),
(86, 3, 'WRO/Z/17/2016', 2, 15, 15, NULL, '2016-10-14 14:55:29', '2016-10-14 14:55:29', '0000-00-00 00:00:00'),
(87, 2, 'WRO/WYD/52/2016', 2, 15, NULL, 8, '2016-10-14 14:58:49', '0000-00-00 00:00:00', '2016-10-14 14:58:49'),
(88, 3, 'WRO/Z/18/2016', 2, 15, 15, NULL, '2016-10-14 15:43:44', '2016-10-14 15:43:44', '0000-00-00 00:00:00'),
(89, 3, 'WRO/Z/19/2016', 2, 15, 15, NULL, '2016-10-15 10:24:56', '2016-10-15 10:24:56', '0000-00-00 00:00:00'),
(90, 2, 'WRO/WYD/53/2016', 2, 15, NULL, 7, '2016-10-17 08:17:28', '0000-00-00 00:00:00', '2016-10-17 08:17:28'),
(91, 2, 'WRO/WYD/54/2016', 2, 15, NULL, 8, '2016-10-17 08:47:49', '0000-00-00 00:00:00', '2016-10-17 08:47:49'),
(92, 2, 'WRO/WYD/55/2016', 2, 15, NULL, 14, '2016-10-17 11:35:17', '0000-00-00 00:00:00', '2016-10-17 11:35:17'),
(93, 2, 'WRO/WYD/56/2016', 2, 15, NULL, 14, '2016-10-17 12:30:23', '0000-00-00 00:00:00', '2016-10-17 12:30:23'),
(94, 3, 'WRO/Z/20/2016', 2, 15, 15, NULL, '2016-10-17 15:52:55', '2016-10-17 15:52:55', '0000-00-00 00:00:00'),
(95, 2, 'WRO/WYD/57/2016', 2, 15, NULL, 8, '2016-10-18 07:21:22', '0000-00-00 00:00:00', '2016-10-18 07:21:22'),
(96, 2, 'WRO/WYD/58/2016', 2, 15, NULL, 8, '2016-10-18 08:01:56', '0000-00-00 00:00:00', '2016-10-18 08:01:56'),
(97, 2, 'WRO/WYD/59/2016', 2, 15, NULL, 7, '2016-10-18 08:13:22', '0000-00-00 00:00:00', '2016-10-18 08:13:22'),
(98, 2, 'WRO/WYD/60/2016', 2, 15, NULL, 14, '2016-10-18 08:21:38', '0000-00-00 00:00:00', '2016-10-18 08:21:38'),
(99, 2, 'WRO/WYD/61/2016', 2, 15, NULL, 6, '2016-10-18 10:43:03', '0000-00-00 00:00:00', '2016-10-18 10:43:03'),
(100, 5, 'WRO/U/02/2016', 2, 15, 15, NULL, '2016-10-18 13:44:36', '2016-10-18 13:44:36', '0000-00-00 00:00:00'),
(101, 2, 'WRO/WYD/62/2016', 2, 15, NULL, 7, '2016-10-18 14:22:33', '0000-00-00 00:00:00', '2016-10-18 14:22:33'),
(102, 4, 'WRO/WEW/08/2016', 2, 15, 15, NULL, '2016-10-19 13:49:01', '2016-10-19 13:49:01', '0000-00-00 00:00:00'),
(103, 2, 'WRO/WYD/63/2016', 2, 15, NULL, 9, '2016-10-19 14:05:18', '0000-00-00 00:00:00', '2016-10-19 14:05:18'),
(104, 3, 'WRO/Z/21/2016', 2, 15, 15, NULL, '2016-10-20 09:52:16', '2016-10-20 09:52:16', '0000-00-00 00:00:00'),
(105, 2, 'WRO/WYD/64/2016', 2, 15, NULL, 6, '2016-10-20 14:19:45', '0000-00-00 00:00:00', '2016-10-20 14:19:45'),
(106, 2, 'WRO/WYD/65/2016', 2, 15, NULL, 14, '2016-10-20 15:11:22', '0000-00-00 00:00:00', '2016-10-20 15:11:22'),
(107, 2, 'WRO/WYD/66/2016', 2, 15, NULL, 10, '2016-10-21 08:07:47', '0000-00-00 00:00:00', '2016-10-21 08:07:47'),
(108, 2, 'WRO/WYD/66/2016', 2, 15, NULL, 14, '2016-10-21 08:09:04', '0000-00-00 00:00:00', '2016-10-21 08:09:04'),
(109, 4, 'WRO/WEW/09/2016', 2, 15, 15, NULL, '2016-10-21 08:15:31', '2016-10-21 08:15:31', '0000-00-00 00:00:00'),
(110, 3, 'WRO/Z/22/2016', 2, 15, 15, NULL, '2016-10-21 14:28:20', '2016-10-21 14:28:20', '0000-00-00 00:00:00'),
(111, 3, 'WRO/Z/23/2016', 2, 15, 15, NULL, '2016-10-21 14:28:33', '2016-10-21 14:28:33', '0000-00-00 00:00:00'),
(112, 3, 'WRO/Z/24/2016', 2, 15, 15, NULL, '2016-10-21 14:29:01', '2016-10-21 14:29:01', '0000-00-00 00:00:00'),
(113, 2, 'WRO/WYD/67/2016', 2, 15, NULL, 6, '2016-10-21 14:30:36', '0000-00-00 00:00:00', '2016-10-21 14:30:36'),
(114, 2, 'WRO/WYD/67/2016', 2, 15, NULL, 9, '2016-10-21 14:31:54', '0000-00-00 00:00:00', '2016-10-21 14:31:54'),
(115, 3, 'WRO/Z/25/2016', 2, 15, 15, NULL, '2016-10-22 11:09:29', '2016-10-22 11:09:29', '0000-00-00 00:00:00'),
(116, 3, 'WRO/Z/26/2016', 2, 15, 15, NULL, '2016-10-22 11:09:38', '2016-10-22 11:09:38', '0000-00-00 00:00:00'),
(117, 2, 'WRO/WYD/68/2016', 2, 15, NULL, 10, '2016-10-22 11:22:57', '0000-00-00 00:00:00', '2016-10-22 11:22:57'),
(118, 2, 'WRO/WYD/69/2016', 2, 17, NULL, 10, '2016-10-22 18:35:45', '0000-00-00 00:00:00', '2016-10-22 18:35:45'),
(119, 3, 'WRO/Z/27/2016', 2, 15, 15, NULL, '2016-10-22 21:24:51', '2016-10-22 21:24:51', '0000-00-00 00:00:00'),
(120, 2, 'WRO/WYD/70/2016', 2, 15, NULL, 5, '2016-10-24 07:44:57', '0000-00-00 00:00:00', '2016-10-24 07:44:57'),
(121, 2, 'WRO/WYD/70/2016', 2, 15, NULL, 7, '2016-10-24 07:46:08', '0000-00-00 00:00:00', '2016-10-24 07:46:08'),
(122, 3, 'WRO/Z/28/2016', 2, 15, 15, NULL, '2016-10-24 09:43:09', '2016-10-24 09:43:09', '0000-00-00 00:00:00');

-- --------------------------------------------------------

--
-- Struktura tabeli dla tabeli `automat_type`
--

CREATE TABLE IF NOT EXISTS `automat_type` (
  `id` int(11) NOT NULL AUTO_INCREMENT,
  `name` varchar(255) COLLATE latin2_bin NOT NULL,
  PRIMARY KEY (`id`)
) ENGINE=InnoDB  DEFAULT CHARSET=latin2 COLLATE=latin2_bin AUTO_INCREMENT=4 ;

--
-- Zrzut danych tabeli `automat_type`
--

INSERT INTO `automat_type` (`id`, `name`) VALUES
(1, 'stacjonarny - SB'),
(2, 'mobilny - BM 101'),
(3, 'stacjonarny - BS 201');

-- --------------------------------------------------------

--
-- Struktura tabeli dla tabeli `broken_arrival_items`
--

CREATE TABLE IF NOT EXISTS `broken_arrival_items` (
  `id` int(11) NOT NULL AUTO_INCREMENT,
  `product_id` int(11) NOT NULL,
  `quantity` int(11) NOT NULL,
  `arrival_id` int(11) NOT NULL,
  `arrival_type_id` int(11) NOT NULL,
  `storage_id` int(11) NOT NULL,
  PRIMARY KEY (`id`)
) ENGINE=InnoDB  DEFAULT CHARSET=latin2 COLLATE=latin2_bin AUTO_INCREMENT=26 ;

--
-- Zrzut danych tabeli `broken_arrival_items`
--

INSERT INTO `broken_arrival_items` (`id`, `product_id`, `quantity`, `arrival_id`, `arrival_type_id`, `storage_id`) VALUES
(1, 7, 1, 64, 5, 2),
(2, 14, 3, 64, 5, 2),
(3, 93, 2, 64, 5, 2),
(4, 126, 1, 64, 5, 2),
(5, 66, 1, 64, 5, 2),
(6, 44, 4, 64, 5, 2),
(7, 75, 1, 64, 5, 2),
(8, 1, 1, 64, 5, 2),
(9, 31, 2, 64, 5, 2),
(10, 34, 1, 64, 5, 2),
(11, 39, 1, 64, 5, 2),
(12, 42, 48, 64, 5, 2),
(13, 7, 4, 100, 5, 2),
(14, 11, 1, 100, 5, 2),
(15, 14, 1, 100, 5, 2),
(16, 61, 2, 100, 5, 2),
(17, 65, 4, 100, 5, 2),
(18, 95, 1, 100, 5, 2),
(19, 121, 1, 100, 5, 2),
(20, 127, 1, 100, 5, 2),
(21, 25, 1, 100, 5, 2),
(22, 17, 5, 100, 5, 2),
(23, 24, 1, 100, 5, 2),
(24, 26, 1, 100, 5, 2),
(25, 42, 11, 100, 5, 2);

-- --------------------------------------------------------

--
-- Struktura tabeli dla tabeli `broken_product_details`
--

CREATE TABLE IF NOT EXISTS `broken_product_details` (
  `id` int(11) NOT NULL AUTO_INCREMENT,
  `product_id` int(11) NOT NULL,
  `sn` varchar(255) COLLATE latin2_bin NOT NULL,
  `arrival_id` int(11) NOT NULL,
  `storage_id` int(11) NOT NULL,
  `product_status_id` int(11) NOT NULL,
  `product_status_change_datetime` datetime NOT NULL,
  PRIMARY KEY (`id`)
) ENGINE=InnoDB  DEFAULT CHARSET=latin2 COLLATE=latin2_bin AUTO_INCREMENT=26 ;

--
-- Zrzut danych tabeli `broken_product_details`
--

INSERT INTO `broken_product_details` (`id`, `product_id`, `sn`, `arrival_id`, `storage_id`, `product_status_id`, `product_status_change_datetime`) VALUES
(1, 7, '', 64, 2, 1, '2016-10-12 15:20:30'),
(2, 14, '167300264082057', 64, 2, 1, '2016-10-12 15:20:30'),
(3, 93, '', 64, 2, 1, '2016-10-12 15:20:30'),
(4, 126, '03419660', 64, 2, 1, '2016-10-12 15:20:30'),
(5, 66, '', 64, 2, 1, '2016-10-12 15:20:30'),
(6, 44, '', 64, 2, 1, '2016-10-12 15:20:31'),
(7, 75, '165394', 64, 2, 1, '2016-10-12 15:20:31'),
(8, 1, '', 64, 2, 1, '2016-10-12 15:20:31'),
(9, 31, '', 64, 2, 1, '2016-10-12 15:20:31'),
(10, 34, '', 64, 2, 1, '2016-10-12 15:20:31'),
(11, 39, '', 64, 2, 1, '2016-10-12 15:20:31'),
(12, 42, '', 64, 2, 1, '2016-10-12 15:20:31'),
(13, 7, '', 100, 2, 1, '2016-10-18 13:44:36'),
(14, 11, '', 100, 2, 1, '2016-10-18 13:44:36'),
(15, 14, '167300264082057', 100, 2, 1, '2016-10-18 13:44:36'),
(16, 61, '', 100, 2, 1, '2016-10-18 13:44:36'),
(17, 65, 'E8GMJJ160497139', 100, 2, 1, '2016-10-18 13:44:36'),
(18, 95, '', 100, 2, 1, '2016-10-18 13:44:37'),
(19, 121, '', 100, 2, 1, '2016-10-18 13:44:37'),
(20, 127, '', 100, 2, 1, '2016-10-18 13:44:37'),
(21, 25, '', 100, 2, 1, '2016-10-18 13:44:37'),
(22, 17, '', 100, 2, 1, '2016-10-18 13:44:37'),
(23, 24, '', 100, 2, 1, '2016-10-18 13:44:37'),
(24, 26, '', 100, 2, 1, '2016-10-18 13:44:37'),
(25, 42, '', 100, 2, 1, '2016-10-18 13:44:37');

-- --------------------------------------------------------

--
-- Struktura tabeli dla tabeli `damaged_devices`
--

CREATE TABLE IF NOT EXISTS `damaged_devices` (
  `id` int(11) NOT NULL AUTO_INCREMENT,
  `arrival_id` int(11) DEFAULT NULL,
  `service_request_id` int(11) NOT NULL,
  `service_user_id` int(11) NOT NULL,
  `product_id` int(11) NOT NULL,
  `sn` varchar(255) COLLATE latin2_bin NOT NULL,
  `quantity` int(11) NOT NULL,
  `storage_id` int(11) NOT NULL,
  `damaged_devices_status_id` int(11) NOT NULL,
  `change_status_datetime` datetime NOT NULL,
  PRIMARY KEY (`id`)
) ENGINE=InnoDB  DEFAULT CHARSET=latin2 COLLATE=latin2_bin AUTO_INCREMENT=156 ;

--
-- Zrzut danych tabeli `damaged_devices`
--

INSERT INTO `damaged_devices` (`id`, `arrival_id`, `service_request_id`, `service_user_id`, `product_id`, `sn`, `quantity`, `storage_id`, `damaged_devices_status_id`, `change_status_datetime`) VALUES
(1, NULL, 2, 14, 7, '', 1, 2, 2, '2016-10-03 13:15:07'),
(2, NULL, 11, 10, 30, '', 1, 2, 2, '2016-10-04 14:59:53'),
(3, NULL, 12, 8, 7, '', 1, 2, 2, '2016-10-04 15:19:45'),
(4, NULL, 15, 5, 7, '', 1, 2, 2, '2016-10-06 14:06:43'),
(5, NULL, 16, 9, 126, '03419660', 1, 2, 1, '2016-10-06 19:06:03'),
(6, NULL, 20, 8, 93, '', 1, 2, 1, '2016-10-07 14:02:31'),
(7, NULL, 24, 6, 14, '167300264082057', 1, 2, 1, '2016-10-07 21:58:16'),
(8, NULL, 25, 6, 7, '', 1, 2, 1, '2016-10-07 21:58:41'),
(9, NULL, 27, 11, 43, '', 1, 2, 2, '2016-10-07 22:08:23'),
(10, NULL, 29, 13, 65, '', 1, 2, 2, '2016-10-08 21:43:44'),
(11, NULL, 32, 9, 75, '165394', 1, 2, 1, '2016-10-10 07:57:45'),
(12, NULL, 33, 10, 1, '', 1, 2, 1, '2016-10-10 08:08:09'),
(13, NULL, 35, 7, 66, '', 1, 2, 1, '2016-10-10 08:44:45'),
(14, 24, 0, 0, 65, '', -1, 2, 3, '2016-10-10 10:31:12'),
(15, NULL, 41, 11, 44, '', 1, 2, 1, '2016-10-10 13:20:21'),
(16, NULL, 43, 14, 42, '', 1, 2, 1, '2016-10-10 14:11:28'),
(17, NULL, 51, 7, 31, '', 1, 2, 1, '2016-10-10 14:23:31'),
(18, NULL, 52, 7, 42, '', 1, 2, 2, '2016-10-10 14:23:48'),
(19, NULL, 58, 6, 14, 'ZR/C3/167300264024532', 1, 2, 1, '2016-10-11 07:16:16'),
(20, NULL, 59, 6, 42, '', 1, 2, 1, '2016-10-11 07:16:38'),
(21, NULL, 60, 6, 42, '', 1, 2, 1, '2016-10-11 07:16:55'),
(22, NULL, 61, 6, 42, '', 1, 2, 1, '2016-10-11 07:17:44'),
(23, NULL, 63, 10, 14, '', 1, 2, 1, '2016-10-11 07:27:35'),
(24, NULL, 64, 10, 31, '', 1, 2, 1, '2016-10-11 07:28:26'),
(25, NULL, 65, 10, 42, '', 1, 2, 1, '2016-10-11 07:28:51'),
(26, NULL, 66, 10, 42, '', 1, 2, 1, '2016-10-11 07:29:12'),
(27, NULL, 67, 10, 42, '', 1, 2, 1, '2016-10-11 07:29:32'),
(28, NULL, 72, 11, 42, '', 1, 2, 1, '2016-10-11 08:23:44'),
(29, NULL, 74, 13, 44, '', 1, 2, 2, '2016-10-11 11:41:21'),
(30, 34, 0, 0, 44, '', -1, 2, 3, '2016-10-11 11:46:11'),
(31, NULL, 78, 13, 11, '', 1, 2, 1, '2016-10-11 14:22:42'),
(32, NULL, 87, 14, 42, '', 1, 2, 1, '2016-10-11 15:19:10'),
(33, NULL, 88, 14, 42, '', 1, 2, 1, '2016-10-11 15:19:36'),
(34, NULL, 90, 14, 30, '', 1, 2, 0, '2016-10-11 12:01:25'),
(35, NULL, 92, 10, 42, '', 1, 2, 1, '2016-10-12 07:15:18'),
(36, NULL, 93, 10, 42, '', 1, 2, 1, '2016-10-12 07:15:37'),
(37, NULL, 101, 8, 42, '', 1, 2, 1, '2016-10-12 07:23:36'),
(38, NULL, 113, 7, 42, '', 1, 2, 1, '2016-10-12 08:50:45'),
(39, NULL, 114, 13, 93, '', 1, 2, 1, '2016-10-12 09:22:14'),
(40, NULL, 118, 13, 33, '', 1, 2, 2, '2016-10-12 10:52:13'),
(41, NULL, 122, 11, 7, '', 1, 2, 1, '2016-10-12 12:04:49'),
(42, 47, 0, 0, 33, '', -1, 2, 3, '2016-10-12 12:12:14'),
(43, 47, 0, 0, 42, '', -1, 2, 3, '2016-10-12 12:12:14'),
(44, NULL, 123, 13, 34, '', 1, 2, 2, '2016-10-12 12:30:23'),
(45, NULL, 133, 14, 34, '', 1, 2, 1, '2016-10-12 12:55:08'),
(46, NULL, 134, 14, 39, '', 1, 2, 1, '2016-10-12 12:55:23'),
(47, NULL, 135, 14, 44, '', 1, 2, 1, '2016-10-12 12:57:40'),
(48, NULL, 135, 14, 44, '', 1, 2, 1, '2016-10-12 12:57:40'),
(49, NULL, 135, 14, 44, '', 1, 2, 1, '2016-10-12 12:57:40'),
(50, 55, 0, 0, 43, '', -1, 2, 3, '2016-10-12 13:57:46'),
(51, NULL, 139, 14, 42, '', 1, 2, 1, '2016-10-12 14:07:11'),
(52, NULL, 140, 14, 42, '', 1, 2, 1, '2016-10-12 14:07:26'),
(53, NULL, 141, 14, 42, '', 1, 2, 1, '2016-10-12 14:07:45'),
(54, NULL, 142, 14, 42, '', 1, 2, 1, '2016-10-12 14:08:50'),
(55, NULL, 143, 14, 42, '', 1, 2, 1, '2016-10-12 14:09:05'),
(56, NULL, 146, 14, 42, '', 1, 2, 1, '2016-10-12 14:18:09'),
(57, NULL, 147, 14, 42, '', 1, 2, 1, '2016-10-12 14:18:35'),
(58, NULL, 148, 14, 42, '', 1, 2, 1, '2016-10-12 14:18:51'),
(59, NULL, 149, 14, 42, '', 1, 2, 1, '2016-10-12 14:19:04'),
(60, NULL, 164, 14, 42, '', 1, 2, 1, '2016-10-12 14:55:44'),
(61, NULL, 164, 14, 42, '', 1, 2, 1, '2016-10-12 14:55:44'),
(62, NULL, 164, 14, 42, '', 1, 2, 1, '2016-10-12 14:55:44'),
(63, NULL, 164, 14, 42, '', 1, 2, 1, '2016-10-12 14:55:44'),
(64, NULL, 164, 14, 42, '', 1, 2, 1, '2016-10-12 14:55:44'),
(65, NULL, 164, 14, 42, '', 1, 2, 1, '2016-10-12 14:55:44'),
(66, NULL, 164, 14, 42, '', 1, 2, 1, '2016-10-12 14:55:44'),
(67, NULL, 164, 14, 42, '', 1, 2, 1, '2016-10-12 14:55:44'),
(68, NULL, 164, 14, 42, '', 1, 2, 1, '2016-10-12 14:55:44'),
(69, NULL, 164, 14, 42, '', 1, 2, 1, '2016-10-12 14:55:44'),
(70, NULL, 164, 14, 42, '', 1, 2, 1, '2016-10-12 14:55:44'),
(71, NULL, 164, 14, 42, '', 1, 2, 1, '2016-10-12 14:55:44'),
(72, NULL, 164, 14, 42, '', 1, 2, 1, '2016-10-12 14:55:44'),
(73, NULL, 164, 14, 42, '', 1, 2, 1, '2016-10-12 14:55:44'),
(74, NULL, 164, 14, 42, '', 1, 2, 1, '2016-10-12 14:55:44'),
(75, NULL, 164, 14, 42, '', 1, 2, 1, '2016-10-12 14:55:44'),
(76, NULL, 164, 14, 42, '', 1, 2, 1, '2016-10-12 14:55:44'),
(77, NULL, 164, 14, 42, '', 1, 2, 1, '2016-10-12 14:55:44'),
(78, NULL, 164, 14, 42, '', 1, 2, 1, '2016-10-12 14:55:44'),
(79, NULL, 164, 14, 42, '', 1, 2, 1, '2016-10-12 14:55:44'),
(80, NULL, 164, 14, 42, '', 1, 2, 1, '2016-10-12 14:55:44'),
(81, NULL, 164, 14, 42, '', 1, 2, 1, '2016-10-12 14:55:44'),
(82, NULL, 164, 14, 42, '', 1, 2, 1, '2016-10-12 14:55:44'),
(83, NULL, 164, 14, 42, '', 1, 2, 1, '2016-10-12 14:55:44'),
(84, NULL, 164, 14, 42, '', 1, 2, 1, '2016-10-12 14:55:44'),
(85, 63, 0, 0, 34, '', -1, 2, 3, '2016-10-12 15:18:32'),
(86, 64, 0, 0, 7, '', -1, 2, 4, '2016-10-12 15:20:30'),
(87, 64, 0, 0, 14, '167300264082057', -3, 2, 4, '2016-10-12 15:20:30'),
(88, 64, 0, 0, 93, '', -2, 2, 4, '2016-10-12 15:20:30'),
(89, 64, 0, 0, 126, '03419660', -1, 2, 4, '2016-10-12 15:20:30'),
(90, 64, 0, 0, 66, '', -1, 2, 4, '2016-10-12 15:20:31'),
(91, 64, 0, 0, 44, '', -4, 2, 4, '2016-10-12 15:20:31'),
(92, 64, 0, 0, 75, '165394', -1, 2, 4, '2016-10-12 15:20:31'),
(93, 64, 0, 0, 1, '', -1, 2, 4, '2016-10-12 15:20:31'),
(94, 64, 0, 0, 31, '', -2, 2, 4, '2016-10-12 15:20:31'),
(95, 64, 0, 0, 34, '', -1, 2, 4, '2016-10-12 15:20:31'),
(96, 64, 0, 0, 39, '', -1, 2, 4, '2016-10-12 15:20:31'),
(97, 64, 0, 0, 42, '', -48, 2, 4, '2016-10-12 15:20:31'),
(98, NULL, 169, 8, 7, '', 1, 2, 1, '2016-10-12 21:07:09'),
(99, NULL, 180, 10, 42, '', 1, 2, 1, '2016-10-13 09:22:24'),
(100, NULL, 181, 10, 42, '', 1, 2, 1, '2016-10-13 09:22:40'),
(101, NULL, 182, 10, 42, '', 1, 2, 1, '2016-10-13 09:22:54'),
(102, NULL, 194, 9, 17, '', 1, 2, 1, '2016-10-13 13:57:45'),
(103, NULL, 200, 14, 42, '', 1, 2, 1, '2016-10-13 14:05:16'),
(104, NULL, 201, 14, 42, '', 1, 2, 1, '2016-10-13 14:05:36'),
(105, NULL, 202, 14, 42, '', 1, 2, 1, '2016-10-13 14:06:01'),
(106, NULL, 203, 14, 42, '', 1, 2, 1, '2016-10-13 14:06:19'),
(107, NULL, 219, 7, 24, '', 1, 2, 1, '2016-10-13 17:32:19'),
(108, NULL, 221, 7, 127, '', 1, 2, 1, '2016-10-13 17:32:50'),
(109, NULL, 222, 8, 7, '', 1, 2, 2, '2016-10-13 21:34:55'),
(110, NULL, 223, 8, 26, '', 1, 2, 1, '2016-10-13 21:41:04'),
(111, NULL, 229, 8, 42, '', 1, 2, 1, '2016-10-14 07:08:35'),
(112, NULL, 231, 11, 95, '', 1, 2, 1, '2016-10-14 09:16:52'),
(113, 82, 0, 0, 7, '', -3, 2, 3, '2016-10-14 13:30:46'),
(114, 82, 0, 0, 30, '', -1, 2, 3, '2016-10-14 13:30:46'),
(115, 83, 0, 0, 7, '', -1, 2, 3, '2016-10-14 14:12:09'),
(116, NULL, 247, 8, 44, '', 1, 2, 2, '2016-10-14 14:59:24'),
(117, NULL, 267, 7, 61, '', 1, 2, 1, '2016-10-17 08:18:13'),
(118, NULL, 269, 8, 14, '', 1, 2, 1, '2016-10-17 08:48:20'),
(119, NULL, 271, 14, 65, 'E8GMJJ160497139', 1, 2, 1, '2016-10-17 11:36:00'),
(120, NULL, 271, 14, 65, 'E8GMJJ160497090', 1, 2, 1, '2016-10-17 11:36:00'),
(121, NULL, 275, 14, 17, '', 1, 2, 1, '2016-10-17 12:31:20'),
(122, NULL, 276, 14, 17, '', 1, 2, 1, '2016-10-17 12:34:19'),
(123, NULL, 277, 14, 17, '', 1, 2, 1, '2016-10-17 12:39:30'),
(124, NULL, 278, 14, 25, '', 1, 2, 1, '2016-10-17 12:43:47'),
(125, NULL, 279, 14, 17, '', 1, 2, 1, '2016-10-17 13:42:07'),
(126, NULL, 281, 14, 42, '', 1, 2, 1, '2016-10-17 13:42:42'),
(127, NULL, 282, 14, 42, '', 1, 2, 1, '2016-10-17 13:42:59'),
(128, NULL, 283, 14, 42, '', 1, 2, 1, '2016-10-17 13:43:12'),
(129, NULL, 287, 8, 61, '', 1, 2, 1, '2016-10-18 07:22:17'),
(130, NULL, 288, 8, 121, '', 1, 2, 1, '2016-10-18 07:22:39'),
(131, NULL, 290, 8, 65, '', 1, 2, 1, '2016-10-18 08:03:12'),
(132, NULL, 292, 7, 65, '', 1, 2, 1, '2016-10-18 08:14:36'),
(133, NULL, 294, 14, 7, '', 1, 2, 1, '2016-10-18 08:22:29'),
(134, NULL, 294, 14, 7, '', 1, 2, 1, '2016-10-18 08:22:29'),
(135, 100, 0, 0, 7, '', -4, 2, 4, '2016-10-18 13:44:36'),
(136, 100, 0, 0, 11, '', -1, 2, 4, '2016-10-18 13:44:36'),
(137, 100, 0, 0, 14, '167300264082057', -1, 2, 4, '2016-10-18 13:44:36'),
(138, 100, 0, 0, 61, '', -2, 2, 4, '2016-10-18 13:44:36'),
(139, 100, 0, 0, 65, 'E8GMJJ160497139', -4, 2, 4, '2016-10-18 13:44:36'),
(140, 100, 0, 0, 95, '', -1, 2, 4, '2016-10-18 13:44:37'),
(141, 100, 0, 0, 121, '', -1, 2, 4, '2016-10-18 13:44:37'),
(142, 100, 0, 0, 127, '', -1, 2, 4, '2016-10-18 13:44:37'),
(143, 100, 0, 0, 25, '', -1, 2, 4, '2016-10-18 13:44:37'),
(144, 100, 0, 0, 17, '', -5, 2, 4, '2016-10-18 13:44:37'),
(145, 100, 0, 0, 24, '', -1, 2, 4, '2016-10-18 13:44:37'),
(146, 100, 0, 0, 26, '', -1, 2, 4, '2016-10-18 13:44:37'),
(147, 100, 0, 0, 42, '', -11, 2, 4, '2016-10-18 13:44:37'),
(148, NULL, 296, 6, 7, '', 1, 2, 1, '2016-10-18 10:19:08'),
(149, NULL, 298, 7, 42, '', 1, 2, 1, '2016-10-18 17:49:51'),
(150, 102, 0, 0, 44, '', -1, 2, 3, '2016-10-19 13:49:01'),
(151, NULL, 364, 14, 18, 'Z3TLBG6V', 1, 2, 1, '2016-10-20 13:00:06'),
(152, NULL, 365, 14, 27, '', 1, 2, 2, '2016-10-20 13:00:21'),
(153, NULL, 367, 6, 14, 'ZR/BN/167300264014487', 1, 2, 1, '2016-10-20 19:09:41'),
(154, 109, 0, 0, 27, '', -1, 2, 3, '2016-10-21 08:15:31'),
(155, NULL, 505, 10, 25, '', 1, 2, 0, '2016-10-22 18:37:11');

-- --------------------------------------------------------

--
-- Struktura tabeli dla tabeli `damaged_devices_status`
--

CREATE TABLE IF NOT EXISTS `damaged_devices_status` (
  `id` int(11) NOT NULL AUTO_INCREMENT,
  `name` varchar(255) COLLATE latin2_bin NOT NULL,
  PRIMARY KEY (`id`)
) ENGINE=InnoDB  DEFAULT CHARSET=latin2 COLLATE=latin2_bin AUTO_INCREMENT=5 ;

--
-- Zrzut danych tabeli `damaged_devices_status`
--

INSERT INTO `damaged_devices_status` (`id`, `name`) VALUES
(1, 'Uszkodzone'),
(2, 'Działające'),
(3, 'Na magazynie'),
(4, 'Odesłano do serwisu');

-- --------------------------------------------------------

--
-- Struktura tabeli dla tabeli `product_details`
--

CREATE TABLE IF NOT EXISTS `product_details` (
  `id` int(11) NOT NULL AUTO_INCREMENT,
  `product_id` int(11) NOT NULL,
  `sn` varchar(255) COLLATE latin2_bin NOT NULL,
  `arrival_id` int(11) NOT NULL,
  `storage_id` int(11) NOT NULL,
  `product_status_id` int(11) NOT NULL,
  `product_status_change_datetime` datetime NOT NULL,
  PRIMARY KEY (`id`)
) ENGINE=InnoDB  DEFAULT CHARSET=latin2 COLLATE=latin2_bin AUTO_INCREMENT=445 ;

--
-- Zrzut danych tabeli `product_details`
--

INSERT INTO `product_details` (`id`, `product_id`, `sn`, `arrival_id`, `storage_id`, `product_status_id`, `product_status_change_datetime`) VALUES
(1, 1, '', 1, 2, 1, '2016-10-03 11:29:15'),
(2, 2, '', 1, 2, 1, '2016-10-03 11:29:15'),
(3, 3, '', 1, 2, 1, '2016-10-03 11:29:15'),
(4, 4, '', 1, 2, 1, '2016-10-03 11:29:15'),
(5, 5, '', 1, 2, 1, '2016-10-03 11:29:15'),
(6, 7, '', 1, 2, 1, '2016-10-03 11:29:16'),
(7, 8, '', 1, 2, 1, '2016-10-03 11:29:16'),
(8, 9, '', 1, 2, 1, '2016-10-03 11:29:16'),
(9, 10, '', 1, 2, 1, '2016-10-03 11:29:16'),
(10, 11, '', 1, 2, 1, '2016-10-03 11:29:16'),
(11, 12, '', 1, 2, 1, '2016-10-03 11:29:16'),
(12, 13, '', 1, 2, 1, '2016-10-03 11:29:16'),
(13, 14, '', 1, 2, 1, '2016-10-03 11:29:16'),
(14, 17, '', 1, 2, 1, '2016-10-03 11:29:16'),
(15, 18, '', 1, 2, 1, '2016-10-03 11:29:16'),
(16, 19, '', 1, 2, 1, '2016-10-03 11:29:16'),
(17, 21, '', 1, 2, 1, '2016-10-03 11:29:16'),
(18, 22, '', 1, 2, 1, '2016-10-03 11:29:16'),
(19, 24, '', 1, 2, 1, '2016-10-03 11:29:16'),
(20, 25, '', 1, 2, 1, '2016-10-03 11:29:17'),
(21, 26, '', 1, 2, 1, '2016-10-03 11:29:17'),
(22, 27, '', 1, 2, 1, '2016-10-03 11:29:17'),
(23, 28, '', 1, 2, 1, '2016-10-03 11:29:17'),
(24, 29, '', 1, 2, 1, '2016-10-03 11:29:17'),
(25, 30, '', 1, 2, 1, '2016-10-03 11:29:17'),
(26, 31, '', 1, 2, 1, '2016-10-03 11:29:17'),
(27, 32, '', 1, 2, 1, '2016-10-03 11:29:17'),
(28, 33, '', 1, 2, 1, '2016-10-03 11:29:17'),
(29, 34, '', 1, 2, 1, '2016-10-03 11:29:17'),
(30, 35, '', 1, 2, 1, '2016-10-03 11:29:17'),
(31, 36, '', 1, 2, 1, '2016-10-03 11:29:17'),
(32, 37, '', 1, 2, 1, '2016-10-03 11:29:17'),
(33, 39, '', 1, 2, 1, '2016-10-03 11:29:18'),
(34, 40, '', 1, 2, 1, '2016-10-03 11:29:18'),
(35, 78, '', 1, 2, 1, '2016-10-03 11:29:18'),
(36, 41, '', 1, 2, 1, '2016-10-03 11:29:18'),
(37, 42, '', 1, 2, 1, '2016-10-03 11:29:18'),
(38, 43, '', 1, 2, 1, '2016-10-03 11:29:18'),
(39, 44, '', 1, 2, 1, '2016-10-03 11:29:18'),
(40, 14, '', 1, 2, 1, '2016-10-03 11:29:18'),
(41, 7, '', 1, 2, 1, '2016-10-03 11:29:18'),
(42, 44, '', 1, 2, 1, '2016-10-03 11:29:18'),
(43, 14, '', 1, 2, 1, '2016-10-03 11:29:18'),
(44, 61, '', 1, 2, 1, '2016-10-03 11:29:18'),
(45, 31, '', 1, 2, 1, '2016-10-03 11:29:18'),
(46, 18, '', 1, 2, 1, '2016-10-03 11:29:18'),
(47, 16, '', 1, 2, 1, '2016-10-03 11:29:19'),
(48, 43, '', 1, 2, 1, '2016-10-03 11:29:19'),
(49, 13, '', 1, 2, 1, '2016-10-03 11:29:19'),
(50, 12, '', 1, 2, 1, '2016-10-03 11:29:19'),
(51, 17, '', 1, 2, 1, '2016-10-03 11:29:19'),
(52, 30, '', 1, 2, 1, '2016-10-03 11:29:19'),
(53, 7, '', 2, 2, 2, '2016-10-03 11:33:17'),
(54, 7, '', 3, 2, 2, '2016-10-04 11:37:50'),
(55, 7, '', 4, 2, 2, '2016-10-04 11:38:41'),
(56, 25, '', 4, 2, 2, '2016-10-04 11:38:41'),
(57, 58, '', 5, 2, 1, '2016-10-04 12:04:48'),
(58, 79, '', 5, 2, 1, '2016-10-04 12:04:48'),
(59, 80, '', 5, 2, 1, '2016-10-04 12:04:48'),
(60, 81, '', 5, 2, 1, '2016-10-04 12:04:48'),
(61, 82, '', 5, 2, 1, '2016-10-04 12:04:48'),
(62, 83, '', 5, 2, 1, '2016-10-04 12:04:49'),
(63, 84, '', 5, 2, 1, '2016-10-04 12:04:49'),
(64, 85, '', 5, 2, 1, '2016-10-04 12:04:49'),
(65, 86, '', 5, 2, 1, '2016-10-04 12:04:49'),
(66, 87, '', 5, 2, 1, '2016-10-04 12:04:49'),
(67, 88, '', 5, 2, 1, '2016-10-04 12:04:49'),
(68, 89, '', 5, 2, 1, '2016-10-04 12:04:49'),
(69, 90, '', 5, 2, 1, '2016-10-04 12:04:49'),
(70, 91, '', 5, 2, 1, '2016-10-04 12:04:49'),
(71, 52, '', 5, 2, 1, '2016-10-04 12:04:49'),
(72, 92, '', 5, 2, 1, '2016-10-04 12:04:49'),
(73, 45, '', 5, 2, 1, '2016-10-04 12:04:49'),
(74, 65, '', 5, 2, 1, '2016-10-04 12:04:49'),
(75, 93, '', 5, 2, 1, '2016-10-04 12:04:50'),
(76, 94, '', 5, 2, 1, '2016-10-04 12:04:50'),
(77, 95, '', 5, 2, 1, '2016-10-04 12:04:50'),
(78, 49, '', 5, 2, 1, '2016-10-04 12:04:50'),
(79, 96, '', 5, 2, 1, '2016-10-04 12:04:50'),
(80, 97, '', 5, 2, 1, '2016-10-04 12:04:50'),
(81, 90, '', 5, 2, 1, '2016-10-04 12:04:50'),
(82, 99, '', 5, 2, 1, '2016-10-04 12:04:50'),
(83, 100, '', 5, 2, 1, '2016-10-04 12:04:50'),
(84, 101, '', 5, 2, 1, '2016-10-04 12:04:50'),
(85, 50, '', 5, 2, 1, '2016-10-04 12:04:50'),
(86, 46, '', 5, 2, 1, '2016-10-04 12:04:50'),
(87, 51, '', 5, 2, 1, '2016-10-04 12:04:50'),
(88, 102, '', 5, 2, 1, '2016-10-04 12:04:50'),
(89, 103, '', 5, 2, 1, '2016-10-04 12:04:50'),
(90, 63, '', 5, 2, 1, '2016-10-04 12:04:50'),
(91, 104, '', 5, 2, 1, '2016-10-04 12:04:50'),
(92, 74, '', 5, 2, 1, '2016-10-04 12:04:50'),
(93, 125, '', 5, 2, 1, '2016-10-04 12:04:50'),
(94, 105, '', 5, 2, 1, '2016-10-04 12:04:51'),
(95, 67, '', 5, 2, 1, '2016-10-04 12:04:51'),
(96, 106, '', 5, 2, 1, '2016-10-04 12:04:51'),
(97, 69, '', 5, 2, 1, '2016-10-04 12:04:51'),
(98, 76, '', 5, 2, 1, '2016-10-04 12:04:51'),
(99, 68, '', 5, 2, 1, '2016-10-04 12:04:51'),
(100, 108, '', 5, 2, 1, '2016-10-04 12:04:51'),
(101, 109, '', 5, 2, 1, '2016-10-04 12:04:51'),
(102, 55, '', 5, 2, 1, '2016-10-04 12:04:51'),
(103, 110, '', 5, 2, 1, '2016-10-04 12:04:51'),
(104, 111, '', 5, 2, 1, '2016-10-04 12:04:52'),
(105, 74, '', 5, 2, 1, '2016-10-04 12:04:52'),
(106, 113, '', 5, 2, 1, '2016-10-04 12:04:52'),
(107, 73, '', 5, 2, 1, '2016-10-04 12:04:52'),
(108, 66, '', 5, 2, 1, '2016-10-04 12:04:52'),
(109, 114, '', 5, 2, 1, '2016-10-04 12:04:52'),
(110, 75, '', 5, 2, 1, '2016-10-04 12:04:52'),
(111, 77, '', 5, 2, 1, '2016-10-04 12:04:52'),
(112, 115, '', 5, 2, 1, '2016-10-04 12:04:52'),
(113, 64, '', 5, 2, 1, '2016-10-04 12:04:52'),
(114, 116, '', 5, 2, 1, '2016-10-04 12:04:53'),
(115, 117, '', 5, 2, 1, '2016-10-04 12:04:53'),
(116, 118, '', 5, 2, 1, '2016-10-04 12:04:53'),
(117, 119, '', 5, 2, 1, '2016-10-04 12:04:53'),
(118, 120, '', 5, 2, 1, '2016-10-04 12:04:53'),
(119, 121, '', 5, 2, 1, '2016-10-04 12:04:53'),
(120, 122, '', 5, 2, 1, '2016-10-04 12:04:53'),
(121, 123, '', 5, 2, 1, '2016-10-04 12:04:53'),
(122, 124, '', 5, 2, 1, '2016-10-04 12:04:53'),
(123, 7, '', 7, 2, 3, '2016-10-04 14:57:48'),
(124, 25, '', 7, 2, 3, '2016-10-04 14:57:48'),
(125, 30, '', 8, 2, 2, '2016-10-04 14:58:30'),
(126, 51, '', 9, 2, 1, '2016-10-05 10:58:58'),
(127, 63, '', 9, 2, 1, '2016-10-05 10:58:58'),
(128, 99, '', 9, 2, 1, '2016-10-05 10:58:58'),
(129, 100, '', 9, 2, 1, '2016-10-05 10:58:58'),
(130, 90, '', 9, 2, 1, '2016-10-05 10:58:58'),
(131, 101, '', 9, 2, 1, '2016-10-05 10:58:59'),
(132, 50, '', 9, 2, 1, '2016-10-05 10:58:59'),
(133, 104, '', 9, 2, 1, '2016-10-05 10:58:59'),
(134, 102, '', 9, 2, 1, '2016-10-05 10:58:59'),
(135, 46, '', 9, 2, 1, '2016-10-05 10:58:59'),
(136, 103, '', 9, 2, 1, '2016-10-05 10:58:59'),
(137, 112, '', 10, 2, 1, '2016-10-05 12:59:00'),
(138, 98, '', 10, 2, 1, '2016-10-05 12:59:00'),
(139, 7, '', 11, 2, 2, '2016-10-06 07:21:44'),
(140, 42, '', 12, 2, 1, '2016-10-06 10:51:04'),
(141, 126, '', 12, 2, 1, '2016-10-06 10:51:04'),
(142, 126, '', 13, 2, 2, '2016-10-06 13:46:17'),
(143, 7, '', 14, 2, 2, '2016-10-07 07:50:28'),
(144, 93, '', 15, 2, 2, '2016-10-07 14:01:44'),
(145, 7, '', 16, 2, 3, '2016-10-07 15:00:51'),
(146, 7, '', 17, 2, 2, '2016-10-07 15:04:50'),
(147, 14, '', 17, 2, 2, '2016-10-07 15:04:50'),
(148, 43, '', 18, 2, 2, '2016-10-07 22:07:46'),
(149, 65, '', 19, 2, 2, '2016-10-08 21:40:00'),
(150, 1, '', 20, 2, 2, '2016-10-09 13:43:43'),
(151, 75, '', 21, 2, 2, '2016-10-10 07:55:28'),
(152, 66, '', 22, 2, 2, '2016-10-10 08:43:27'),
(153, 7, '', 23, 2, 2, '2016-10-10 09:27:42'),
(154, 31, '', 23, 2, 2, '2016-10-10 09:27:42'),
(155, 43, '', 23, 2, 2, '2016-10-10 09:27:42'),
(156, 42, '', 23, 2, 2, '2016-10-10 09:27:42'),
(157, 65, '', 24, 2, 1, '2016-10-10 10:31:12'),
(158, 44, '', 25, 2, 2, '2016-10-10 13:19:17'),
(159, 42, '', 26, 2, 2, '2016-10-10 14:10:48'),
(160, 14, '', 27, 2, 2, '2016-10-10 14:16:46'),
(161, 42, '', 27, 2, 2, '2016-10-10 14:16:46'),
(162, 42, '', 28, 2, 2, '2016-10-10 14:17:24'),
(163, 14, '', 28, 2, 2, '2016-10-10 14:17:24'),
(164, 31, '', 28, 2, 2, '2016-10-10 14:17:24'),
(165, 7, '', 29, 2, 3, '2016-10-10 14:29:33'),
(166, 42, '', 29, 2, 3, '2016-10-10 14:29:33'),
(167, 43, '', 29, 2, 3, '2016-10-10 14:29:33'),
(168, 42, '', 30, 2, 2, '2016-10-11 06:56:59'),
(169, 42, '', 31, 2, 3, '2016-10-11 07:32:26'),
(170, 42, '', 32, 2, 2, '2016-10-11 08:23:03'),
(171, 44, '', 33, 2, 2, '2016-10-11 09:28:46'),
(172, 44, '', 34, 2, 1, '2016-10-11 11:46:11'),
(173, 44, '', 35, 2, 3, '2016-10-11 14:00:10'),
(174, 11, '', 36, 2, 2, '2016-10-11 14:16:30'),
(175, 17, '', 37, 2, 2, '2016-10-11 14:26:30'),
(176, 33, '', 37, 2, 2, '2016-10-11 14:26:30'),
(177, 34, '', 37, 2, 2, '2016-10-11 14:26:30'),
(178, 42, '', 37, 2, 2, '2016-10-11 14:26:30'),
(179, 1, '', 37, 2, 2, '2016-10-11 14:26:30'),
(180, 44, '', 37, 2, 2, '2016-10-11 14:26:30'),
(181, 39, '', 37, 2, 2, '2016-10-11 14:26:30'),
(182, 30, '', 38, 2, 2, '2016-10-11 14:27:20'),
(183, 42, '', 39, 2, 2, '2016-10-11 15:51:04'),
(184, 1, '', 40, 2, 3, '2016-10-12 07:24:38'),
(185, 17, '', 40, 2, 3, '2016-10-12 07:24:38'),
(186, 33, '', 40, 2, 3, '2016-10-12 07:24:38'),
(187, 34, '', 40, 2, 3, '2016-10-12 07:24:38'),
(188, 39, '', 40, 2, 3, '2016-10-12 07:24:38'),
(189, 42, '', 40, 2, 3, '2016-10-12 07:24:38'),
(190, 44, '', 40, 2, 3, '2016-10-12 07:24:38'),
(191, 93, '', 41, 2, 2, '2016-10-12 08:07:54'),
(192, 46, '', 41, 2, 2, '2016-10-12 08:07:54'),
(193, 42, '', 42, 2, 2, '2016-10-12 08:50:12'),
(194, 33, '', 43, 2, 2, '2016-10-12 09:34:23'),
(195, 44, '', 43, 2, 2, '2016-10-12 09:34:23'),
(196, 34, '', 44, 2, 2, '2016-10-12 11:22:26'),
(197, 44, '', 45, 2, 2, '2016-10-12 12:01:46'),
(198, 7, '', 46, 2, 2, '2016-10-12 12:04:15'),
(199, 33, '', 47, 2, 1, '2016-10-12 12:12:14'),
(200, 42, '', 47, 2, 1, '2016-10-12 12:12:14'),
(201, 44, '', 48, 2, 2, '2016-10-12 12:35:13'),
(202, 44, '', 49, 2, 3, '2016-10-12 12:37:07'),
(203, 46, '', 49, 2, 3, '2016-10-12 12:37:07'),
(204, 42, '', 50, 2, 2, '2016-10-12 12:39:07'),
(205, 44, '', 51, 2, 2, '2016-10-12 12:51:22'),
(206, 44, '', 52, 2, 2, '2016-10-12 12:53:49'),
(207, 39, '', 52, 2, 2, '2016-10-12 12:53:49'),
(208, 34, '', 52, 2, 2, '2016-10-12 12:53:49'),
(209, 44, '', 53, 2, 3, '2016-10-12 13:47:59'),
(210, 42, '', 54, 2, 3, '2016-10-12 13:49:06'),
(211, 43, '', 55, 2, 1, '2016-10-12 13:57:46'),
(212, 42, '', 56, 2, 2, '2016-10-12 14:17:39'),
(213, 42, '', 57, 2, 2, '2016-10-12 14:42:16'),
(214, 33, '', 57, 2, 2, '2016-10-12 14:42:17'),
(215, 34, '', 57, 2, 2, '2016-10-12 14:42:17'),
(216, 17, '', 57, 2, 2, '2016-10-12 14:42:17'),
(217, 39, '', 57, 2, 2, '2016-10-12 14:42:17'),
(218, 44, '', 57, 2, 2, '2016-10-12 14:42:17'),
(219, 1, '', 57, 2, 2, '2016-10-12 14:42:17'),
(220, 7, '', 57, 2, 2, '2016-10-12 14:42:17'),
(221, 42, '', 58, 2, 2, '2016-10-12 14:49:30'),
(222, 7, '', 58, 2, 2, '2016-10-12 14:49:30'),
(223, 7, '', 59, 2, 3, '2016-10-12 14:50:51'),
(224, 42, '', 59, 2, 3, '2016-10-12 14:50:51'),
(225, 42, '', 60, 2, 2, '2016-10-12 14:54:54'),
(226, 7, '', 61, 2, 2, '2016-10-12 14:56:34'),
(227, 7, '', 62, 2, 3, '2016-10-12 14:58:08'),
(228, 44, '', 62, 2, 3, '2016-10-12 14:58:08'),
(229, 34, '', 63, 2, 1, '2016-10-12 15:18:32'),
(230, 1, '', 65, 2, 3, '2016-10-13 09:25:14'),
(231, 17, '', 65, 2, 3, '2016-10-13 09:25:14'),
(232, 33, '', 65, 2, 3, '2016-10-13 09:25:15'),
(233, 34, '', 65, 2, 3, '2016-10-13 09:25:15'),
(234, 39, '', 65, 2, 3, '2016-10-13 09:25:15'),
(235, 42, '', 65, 2, 3, '2016-10-13 09:25:15'),
(236, 44, '', 65, 2, 3, '2016-10-13 09:25:15'),
(237, 42, '', 66, 2, 2, '2016-10-13 09:28:12'),
(238, 17, '', 67, 2, 2, '2016-10-13 09:30:43'),
(239, 7, '', 67, 2, 2, '2016-10-13 09:30:43'),
(240, 26, '', 67, 2, 2, '2016-10-13 09:30:43'),
(241, 127, '', 68, 2, 1, '2016-10-13 13:16:27'),
(242, 7, '', 69, 2, 3, '2016-10-13 14:03:07'),
(243, 26, '', 69, 2, 3, '2016-10-13 14:03:07'),
(244, 113, '', 70, 2, 2, '2016-10-13 14:28:48'),
(245, 24, '', 70, 2, 2, '2016-10-13 14:28:48'),
(246, 127, '', 70, 2, 2, '2016-10-13 14:28:48'),
(247, 7, '', 71, 2, 2, '2016-10-13 14:29:28'),
(248, 26, '', 71, 2, 2, '2016-10-13 14:29:28'),
(249, 7, '', 72, 2, 2, '2016-10-13 14:34:32'),
(250, 7, '', 73, 2, 3, '2016-10-13 14:35:40'),
(251, 42, '', 73, 2, 3, '2016-10-13 14:35:40'),
(252, 44, '', 74, 2, 2, '2016-10-13 14:36:25'),
(253, 7, '', 75, 2, 2, '2016-10-13 14:38:36'),
(254, 7, '', 76, 2, 3, '2016-10-13 14:41:30'),
(255, 44, '', 76, 2, 3, '2016-10-13 14:41:30'),
(256, 7, '', 77, 2, 2, '2016-10-14 07:03:34'),
(257, 7, '', 78, 2, 3, '2016-10-14 07:04:19'),
(258, 113, '', 78, 2, 3, '2016-10-14 07:04:20'),
(259, 42, '', 79, 2, 2, '2016-10-14 07:08:00'),
(260, 95, '', 80, 2, 2, '2016-10-14 09:16:17'),
(261, 44, '', 81, 2, 2, '2016-10-14 09:52:31'),
(262, 7, '', 82, 2, 1, '2016-10-14 13:30:46'),
(263, 30, '', 82, 2, 1, '2016-10-14 13:30:46'),
(264, 7, '', 83, 2, 1, '2016-10-14 14:12:09'),
(265, 34, '', 84, 2, 2, '2016-10-14 14:53:24'),
(266, 33, '', 84, 2, 2, '2016-10-14 14:53:24'),
(267, 39, '', 84, 2, 2, '2016-10-14 14:53:24'),
(268, 1, '', 84, 2, 2, '2016-10-14 14:53:24'),
(269, 42, '', 84, 2, 2, '2016-10-14 14:53:24'),
(270, 44, '', 84, 2, 2, '2016-10-14 14:53:24'),
(271, 14, '', 84, 2, 2, '2016-10-14 14:53:24'),
(272, 7, '', 85, 2, 2, '2016-10-14 14:54:28'),
(273, 7, '', 86, 2, 3, '2016-10-14 14:55:29'),
(274, 42, '', 86, 2, 3, '2016-10-14 14:55:29'),
(275, 44, '', 87, 2, 2, '2016-10-14 14:58:49'),
(276, 42, '', 87, 2, 2, '2016-10-14 14:58:49'),
(277, 44, '', 88, 2, 3, '2016-10-14 15:43:45'),
(278, 1, '', 89, 2, 3, '2016-10-15 10:24:56'),
(279, 14, '', 89, 2, 3, '2016-10-15 10:24:56'),
(280, 33, '', 89, 2, 3, '2016-10-15 10:24:56'),
(281, 34, '', 89, 2, 3, '2016-10-15 10:24:56'),
(282, 39, '', 89, 2, 3, '2016-10-15 10:24:56'),
(283, 42, '', 89, 2, 3, '2016-10-15 10:24:56'),
(284, 44, '', 89, 2, 3, '2016-10-15 10:24:56'),
(285, 61, '', 90, 2, 2, '2016-10-17 08:17:28'),
(286, 14, '', 91, 2, 2, '2016-10-17 08:47:49'),
(287, 65, '', 92, 2, 2, '2016-10-17 11:35:17'),
(288, 25, '', 93, 2, 2, '2016-10-17 12:30:23'),
(289, 17, '', 93, 2, 2, '2016-10-17 12:30:23'),
(290, 42, '', 93, 2, 2, '2016-10-17 12:30:23'),
(291, 42, '', 94, 2, 3, '2016-10-17 15:52:55'),
(292, 61, '', 95, 2, 2, '2016-10-18 07:21:22'),
(293, 121, '', 95, 2, 2, '2016-10-18 07:21:22'),
(294, 65, '', 96, 2, 2, '2016-10-18 08:01:57'),
(295, 65, '', 97, 2, 2, '2016-10-18 08:13:22'),
(296, 7, '', 98, 2, 2, '2016-10-18 08:21:38'),
(297, 7, '', 99, 2, 2, '2016-10-18 10:43:04'),
(298, 42, '', 101, 2, 2, '2016-10-18 14:22:33'),
(299, 44, '', 102, 2, 1, '2016-10-19 13:49:01'),
(300, 33, '', 103, 2, 2, '2016-10-19 14:05:18'),
(301, 34, '', 103, 2, 2, '2016-10-19 14:05:18'),
(302, 39, '', 103, 2, 2, '2016-10-19 14:05:18'),
(303, 44, '', 103, 2, 2, '2016-10-19 14:05:18'),
(304, 26, '', 103, 2, 2, '2016-10-19 14:05:18'),
(305, 27, '', 103, 2, 2, '2016-10-19 14:05:19'),
(306, 36, '', 103, 2, 2, '2016-10-19 14:05:19'),
(307, 1, '', 103, 2, 2, '2016-10-19 14:05:19'),
(308, 14, '', 103, 2, 2, '2016-10-19 14:05:19'),
(309, 31, '', 103, 2, 2, '2016-10-19 14:05:19'),
(310, 1, '', 104, 2, 3, '2016-10-20 09:52:16'),
(311, 14, '', 104, 2, 3, '2016-10-20 09:52:16'),
(312, 26, '', 104, 2, 3, '2016-10-20 09:52:16'),
(313, 27, '', 104, 2, 3, '2016-10-20 09:52:17'),
(314, 31, '', 104, 2, 3, '2016-10-20 09:52:17'),
(315, 33, '', 104, 2, 3, '2016-10-20 09:52:17'),
(316, 34, '', 104, 2, 3, '2016-10-20 09:52:17'),
(317, 36, '', 104, 2, 3, '2016-10-20 09:52:17'),
(318, 39, '', 104, 2, 3, '2016-10-20 09:52:17'),
(319, 44, '', 104, 2, 3, '2016-10-20 09:52:17'),
(320, 14, '', 105, 2, 2, '2016-10-20 14:19:45'),
(321, 31, '', 105, 2, 2, '2016-10-20 14:19:45'),
(322, 18, '', 106, 2, 2, '2016-10-20 15:11:22'),
(323, 27, '', 106, 2, 2, '2016-10-20 15:11:22'),
(324, 1, '', 107, 2, 2, '2016-10-21 08:07:47'),
(325, 26, '', 107, 2, 2, '2016-10-21 08:07:47'),
(326, 27, '', 107, 2, 2, '2016-10-21 08:07:47'),
(327, 31, '', 107, 2, 2, '2016-10-21 08:07:47'),
(328, 33, '', 107, 2, 2, '2016-10-21 08:07:47'),
(329, 34, '', 107, 2, 2, '2016-10-21 08:07:47'),
(330, 36, '', 107, 2, 2, '2016-10-21 08:07:47'),
(331, 39, '', 107, 2, 2, '2016-10-21 08:07:47'),
(332, 44, '', 107, 2, 2, '2016-10-21 08:07:47'),
(333, 1, '', 108, 2, 2, '2016-10-21 08:09:04'),
(334, 14, '', 108, 2, 2, '2016-10-21 08:09:04'),
(335, 26, '', 108, 2, 2, '2016-10-21 08:09:04'),
(336, 27, '', 108, 2, 2, '2016-10-21 08:09:04'),
(337, 31, '', 108, 2, 2, '2016-10-21 08:09:04'),
(338, 33, '', 108, 2, 2, '2016-10-21 08:09:05'),
(339, 34, '', 108, 2, 2, '2016-10-21 08:09:05'),
(340, 36, '', 108, 2, 2, '2016-10-21 08:09:05'),
(341, 39, '', 108, 2, 2, '2016-10-21 08:09:05'),
(342, 44, '', 108, 2, 2, '2016-10-21 08:09:05'),
(343, 27, '', 109, 2, 1, '2016-10-21 08:15:31'),
(344, 31, '', 110, 2, 3, '2016-10-21 14:28:20'),
(345, 1, '', 111, 2, 3, '2016-10-21 14:28:33'),
(346, 26, '', 111, 2, 3, '2016-10-21 14:28:33'),
(347, 27, '', 111, 2, 3, '2016-10-21 14:28:33'),
(348, 31, '', 111, 2, 3, '2016-10-21 14:28:33'),
(349, 33, '', 111, 2, 3, '2016-10-21 14:28:33'),
(350, 34, '', 111, 2, 3, '2016-10-21 14:28:33'),
(351, 36, '', 111, 2, 3, '2016-10-21 14:28:33'),
(352, 39, '', 111, 2, 3, '2016-10-21 14:28:33'),
(353, 44, '', 111, 2, 3, '2016-10-21 14:28:33'),
(354, 1, '', 112, 2, 3, '2016-10-21 14:29:01'),
(355, 14, '', 112, 2, 3, '2016-10-21 14:29:01'),
(356, 26, '', 112, 2, 3, '2016-10-21 14:29:02'),
(357, 27, '', 112, 2, 3, '2016-10-21 14:29:02'),
(358, 31, '', 112, 2, 3, '2016-10-21 14:29:02'),
(359, 33, '', 112, 2, 3, '2016-10-21 14:29:02'),
(360, 34, '', 112, 2, 3, '2016-10-21 14:29:02'),
(361, 36, '', 112, 2, 3, '2016-10-21 14:29:02'),
(362, 39, '', 112, 2, 3, '2016-10-21 14:29:02'),
(363, 44, '', 112, 2, 3, '2016-10-21 14:29:03'),
(364, 1, '', 113, 2, 2, '2016-10-21 14:30:36'),
(365, 14, '', 113, 2, 2, '2016-10-21 14:30:37'),
(366, 26, '', 113, 2, 2, '2016-10-21 14:30:37'),
(367, 27, '', 113, 2, 2, '2016-10-21 14:30:37'),
(368, 31, '', 113, 2, 2, '2016-10-21 14:30:37'),
(369, 33, '', 113, 2, 2, '2016-10-21 14:30:37'),
(370, 34, '', 113, 2, 2, '2016-10-21 14:30:37'),
(371, 36, '', 113, 2, 2, '2016-10-21 14:30:37'),
(372, 39, '', 113, 2, 2, '2016-10-21 14:30:37'),
(373, 44, '', 113, 2, 2, '2016-10-21 14:30:37'),
(374, 1, '', 114, 2, 2, '2016-10-21 14:31:54'),
(375, 14, '', 114, 2, 2, '2016-10-21 14:31:54'),
(376, 26, '', 114, 2, 2, '2016-10-21 14:31:55'),
(377, 27, '', 114, 2, 2, '2016-10-21 14:31:55'),
(378, 31, '', 114, 2, 2, '2016-10-21 14:31:55'),
(379, 33, '', 114, 2, 2, '2016-10-21 14:31:55'),
(380, 34, '', 114, 2, 2, '2016-10-21 14:31:55'),
(381, 36, '', 114, 2, 2, '2016-10-21 14:31:55'),
(382, 39, '', 114, 2, 2, '2016-10-21 14:31:55'),
(383, 44, '', 114, 2, 2, '2016-10-21 14:31:55'),
(384, 1, '', 115, 2, 3, '2016-10-22 11:09:29'),
(385, 14, '', 115, 2, 3, '2016-10-22 11:09:29'),
(386, 26, '', 115, 2, 3, '2016-10-22 11:09:29'),
(387, 27, '', 115, 2, 3, '2016-10-22 11:09:29'),
(388, 31, '', 115, 2, 3, '2016-10-22 11:09:29'),
(389, 33, '', 115, 2, 3, '2016-10-22 11:09:29'),
(390, 34, '', 115, 2, 3, '2016-10-22 11:09:29'),
(391, 36, '', 115, 2, 3, '2016-10-22 11:09:30'),
(392, 39, '', 115, 2, 3, '2016-10-22 11:09:30'),
(393, 44, '', 115, 2, 3, '2016-10-22 11:09:30'),
(394, 1, '', 116, 2, 3, '2016-10-22 11:09:38'),
(395, 14, '', 116, 2, 3, '2016-10-22 11:09:38'),
(396, 26, '', 116, 2, 3, '2016-10-22 11:09:39'),
(397, 27, '', 116, 2, 3, '2016-10-22 11:09:39'),
(398, 31, '', 116, 2, 3, '2016-10-22 11:09:39'),
(399, 33, '', 116, 2, 3, '2016-10-22 11:09:39'),
(400, 34, '', 116, 2, 3, '2016-10-22 11:09:39'),
(401, 36, '', 116, 2, 3, '2016-10-22 11:09:39'),
(402, 39, '', 116, 2, 3, '2016-10-22 11:09:39'),
(403, 44, '', 116, 2, 3, '2016-10-22 11:09:39'),
(404, 1, '', 117, 2, 2, '2016-10-22 11:22:57'),
(405, 36, '', 117, 2, 2, '2016-10-22 11:22:57'),
(406, 39, '', 117, 2, 2, '2016-10-22 11:22:57'),
(407, 44, '', 117, 2, 2, '2016-10-22 11:22:57'),
(408, 31, '', 117, 2, 2, '2016-10-22 11:22:58'),
(409, 33, '', 117, 2, 2, '2016-10-22 11:22:58'),
(410, 34, '', 117, 2, 2, '2016-10-22 11:22:58'),
(411, 0, '', 117, 2, 2, '2016-10-22 11:22:58'),
(412, 0, '', 117, 2, 2, '2016-10-22 11:22:58'),
(413, 0, '', 117, 2, 2, '2016-10-22 11:22:58'),
(414, 25, '', 118, 2, 2, '2016-10-22 18:35:45'),
(415, 1, '', 119, 2, 3, '2016-10-22 21:24:52'),
(416, 31, '', 119, 2, 3, '2016-10-22 21:24:52'),
(417, 33, '', 119, 2, 3, '2016-10-22 21:24:52'),
(418, 34, '', 119, 2, 3, '2016-10-22 21:24:52'),
(419, 36, '', 119, 2, 3, '2016-10-22 21:24:52'),
(420, 39, '', 119, 2, 3, '2016-10-22 21:24:52'),
(421, 44, '', 119, 2, 3, '2016-10-22 21:24:52'),
(422, 1, '', 120, 2, 2, '2016-10-24 07:44:57'),
(423, 14, '', 120, 2, 2, '2016-10-24 07:44:57'),
(424, 26, '', 120, 2, 2, '2016-10-24 07:44:58'),
(425, 27, '', 120, 2, 2, '2016-10-24 07:44:58'),
(426, 31, '', 120, 2, 2, '2016-10-24 07:44:58'),
(427, 33, '', 120, 2, 2, '2016-10-24 07:44:58'),
(428, 34, '', 120, 2, 2, '2016-10-24 07:44:58'),
(429, 39, '', 120, 2, 2, '2016-10-24 07:44:58'),
(430, 44, '', 120, 2, 2, '2016-10-24 07:44:58'),
(431, 1, '', 121, 2, 2, '2016-10-24 07:46:08'),
(432, 14, '', 121, 2, 2, '2016-10-24 07:46:08'),
(433, 26, '', 121, 2, 2, '2016-10-24 07:46:08'),
(434, 27, '', 121, 2, 2, '2016-10-24 07:46:08'),
(435, 31, '', 121, 2, 2, '2016-10-24 07:46:08'),
(436, 33, '', 121, 2, 2, '2016-10-24 07:46:09'),
(437, 34, '', 121, 2, 2, '2016-10-24 07:46:09'),
(438, 36, '', 121, 2, 2, '2016-10-24 07:46:09'),
(439, 39, '', 121, 2, 2, '2016-10-24 07:46:09'),
(440, 44, '', 121, 2, 2, '2016-10-24 07:46:09'),
(441, 14, '', 122, 2, 3, '2016-10-24 09:43:09'),
(442, 26, '', 122, 2, 3, '2016-10-24 09:43:09'),
(443, 27, '', 122, 2, 3, '2016-10-24 09:43:09'),
(444, 36, '', 122, 2, 3, '2016-10-24 09:43:09');

-- --------------------------------------------------------

--
-- Struktura tabeli dla tabeli `product_status`
--

CREATE TABLE IF NOT EXISTS `product_status` (
  `id` int(11) NOT NULL AUTO_INCREMENT,
  `name` varchar(255) COLLATE latin2_bin NOT NULL,
  PRIMARY KEY (`id`)
) ENGINE=InnoDB  DEFAULT CHARSET=latin2 COLLATE=latin2_bin AUTO_INCREMENT=5 ;

--
-- Zrzut danych tabeli `product_status`
--

INSERT INTO `product_status` (`id`, `name`) VALUES
(1, 'Zatwierdzono na magazyn'),
(2, 'Wydano z magazynu'),
(3, 'Zwrócono na magazyn'),
(4, 'W serwisie Mennicy');

-- --------------------------------------------------------

--
-- Struktura tabeli dla tabeli `products`
--

CREATE TABLE IF NOT EXISTS `products` (
  `id` int(11) NOT NULL AUTO_INCREMENT,
  `name` varchar(255) COLLATE latin2_bin NOT NULL,
  `automat_type` varchar(255) COLLATE latin2_bin NOT NULL,
  `sn_required` varchar(255) COLLATE latin2_bin NOT NULL,
  `is_active` enum('0','1') COLLATE latin2_bin NOT NULL DEFAULT '1',
  PRIMARY KEY (`id`)
) ENGINE=InnoDB  DEFAULT CHARSET=latin2 COLLATE=latin2_bin AUTO_INCREMENT=128 ;

--
-- Zrzut danych tabeli `products`
--

INSERT INTO `products` (`id`, `name`, `automat_type`, `sn_required`, `is_active`) VALUES
(1, 'akceptor ( wlot )', 'stacjonarny - SB', '', '1'),
(2, 'antena coin box', 'stacjonarny - SB', '', '1'),
(3, 'antena mifare', 'stacjonarny - SB', '', '1'),
(4, 'Artema (mobilna)', 'mobilny - BM 101', '', '1'),
(5, 'Artema (stacjonarna)', 'stacjonarny - SB', '', '1'),
(6, 'Battery Pack', 'stacjonarny - SB', '', '1'),
(7, 'BNA', 'stacjonarny - SB', '', '1'),
(8, 'CM 0,1 zł', 'stacjonarny - SB', '', '1'),
(9, 'CM 0,2 zł', 'stacjonarny - SB', '', '1'),
(10, 'CM 0,5 zł', 'stacjonarny - SB', '', '1'),
(11, 'CM 1,0 zł', 'stacjonarny - SB', '', '1'),
(12, 'CM 2,0 zł', 'stacjonarny - SB', '', '1'),
(13, 'CM 5,0 zł', 'stacjonarny - SB', '', '1'),
(14, 'CR (manualny)', 'stacjonarny - SB', '', '1'),
(15, 'CR automatyczny', 'stacjonarny - SB', '', '1'),
(16, 'Czujnik zmierzchowy', 'stacjonarny - SB', '', '1'),
(17, 'drukarka (Thino)', 'stacjonarny - SB', '', '1'),
(18, 'HDD', 'stacjonarny - SB', '', '1'),
(19, 'Hopper (0,1)', 'stacjonarny - SB', '', '1'),
(20, 'Hopper (1,0)', 'stacjonarny - SB', '', '1'),
(21, 'Hopper (5,0)', 'stacjonarny - SB', '', '1'),
(22, 'karta flash', 'stacjonarny - SB', '', '1'),
(23, 'Karta SAM zestaw płatniczy', 'stacjonarny - SB', '', '1'),
(24, 'karta SAM mifare', 'stacjonarny - SB', '', '1'),
(25, 'Wyświetlacz LCD 15 cali', 'stacjonarny - SB', '', '1'),
(26, 'mifare', 'stacjonarny - SB', '', '1'),
(27, 'modem', 'stacjonarny - SB', '', '1'),
(28, 'Nagrzewnica', 'stacjonarny - SB', '', '1'),
(29, 'panel wewnętrzny', 'stacjonarny - SB', '', '1'),
(30, 'PC', 'stacjonarny - SB', '', '1'),
(31, 'pinpad', 'stacjonarny - SB', '', '1'),
(32, 'Płyta backplan', 'stacjonarny - SB', '', '1'),
(33, 'płyta pod CM', 'stacjonarny - SB', '', '1'),
(34, 'płyta za ACM', 'stacjonarny - SB', '', '1'),
(35, 'płytka do powerbox', 'stacjonarny - SB', '', '1'),
(36, 'przejściówka do modemu', 'stacjonarny - SB', '', '1'),
(37, 'przetwornica PCMDS60 24S12W', 'stacjonarny - SB', '', '1'),
(38, 'Router RUT500', 'stacjonarny - SB', '', '1'),
(39, 'sortownik', 'stacjonarny - SB', '', '1'),
(40, 'sterownik drukarki', 'stacjonarny - SB', '', '1'),
(41, 'VIVOpay Kiosk II', 'stacjonarny - SB', '', '1'),
(42, 'walidator (NRI)', 'stacjonarny - SB', '', '1'),
(43, 'zasilacz', 'stacjonarny - SB', '', '1'),
(44, 'ZCGVA', 'stacjonarny - SB', '', '1'),
(45, 'Komputer AEON EMB-CV1-A11 Mini-ITX', 'stacjonarny - BS 201', '', '1'),
(46, 'PinPad', 'stacjonarny - BS 201', '', '1'),
(47, 'antena VIVO', 'stacjonarny - BS 201', '', '1'),
(48, 'Czytnik  artema  P167', 'stacjonarny - BS 201', '', '1'),
(49, 'Grzejnik z dmuchawą', 'stacjonarny - BS 201', '', '1'),
(50, 'Karuzela do automatu stacjonarnego', 'stacjonarny - BS 201', '', '1'),
(51, 'Artema (stacjonarna BS 201)', 'stacjonarny - BS 201', '', '1'),
(52, 'Bezpiecznik 20 A 250 V', 'stacjonarny - BS 201', '', '1'),
(53, 'Pakiet kontrolera karuzel', 'stacjonarny - BS 201', '', '0'),
(54, 'Płyta ZASILACZ-MAIN DO BS201', 'stacjonarny - BS 201', '', '1'),
(55, 'Przetwornica impulsowa DRA 240', 'stacjonarny - BS 201', '', '1'),
(56, 'Przetwornica impulsowa DR-120-24', 'stacjonarny - BS 201', '', '1'),
(57, 'pinpad', 'stacjonarny - BS 201', '', '0'),
(58, 'Akumulator żelowy 12V 2,3 Ah', 'mobilny - BM 101', '', '1'),
(59, 'Antena dwupasmowa GSM/GPS', 'mobilny - BM 101', '', '1'),
(60, 'Antena zbliżeniowa', 'mobilny - BM 101', '', '1'),
(61, 'CR manual mobilny', 'mobilny - BM 101', '', '1'),
(62, 'grzałka ', 'mobilny - BM 101', '', '1'),
(63, 'Interfejs IF9000 RS232 do drukarek termicznych SEIKO', 'mobilny - BM 101', '', '1'),
(64, 'kabel ZASILACZ - MAIN (4 żyły)', 'mobilny - BM 101', '', '1'),
(65, 'Komputer PC 104 AMD GEODE 500 (EVOC:EC3-1641 CLDNA)', 'mobilny - BM 101', '', '1'),
(66, 'MAIN (WRDE 0141)', 'mobilny - BM 101', '', '1'),
(67, 'Mechanizm drukujący SEIKO z obcinaczem', 'mobilny - BM 101', '', '1'),
(68, 'Nakładka dotykowa na ekran LCD 10 cali', 'mobilny - BM 101', '', '1'),
(69, 'opóźniacz', 'mobilny - BM 101', '', '1'),
(70, 'Sprężyna szyby', 'mobilny - BM 101', '', '1'),
(71, 'VIVOpay Kiosk II Controller', 'mobilny - BM 101', '', '1'),
(72, 'wałek aluminiowy drukarki', 'mobilny - BM 101', '', '1'),
(73, 'Wentylator 12 v 50x50', 'mobilny - BM 101', '', '1'),
(74, 'Wyświetlacz LCD 10 cali', 'mobilny - BM 101', '', '1'),
(75, 'Zasilacz (WRKP0135)', 'mobilny - BM 101', '', '1'),
(76, 'zespół drukarki do BM101 (stelaż, mechanizm druk., sterownik)', 'mobilny - BM 101', '', '1'),
(77, 'Zespół kieszeni  wydawania biletu   ', 'mobilny - BM 101', '', '1'),
(78, 'VIVOpay ANTENA', 'stacjonarny - BS 201', '', '1'),
(79, 'Kabel zasilania Artema VIVOpay AMKP0458-01', 'stacjonarny - BS 201', '', '1'),
(80, 'VIVOpay Kiosk II Antenna', 'mobilny - BM 101', '', '1'),
(81, 'Kontroler kieszeni wydawania i peryferii I/O', 'stacjonarny - BS 201', '', '1'),
(82, 'Pakiet czujnika antysabotażowego i otwarcia kieszeni i drzwi', 'stacjonarny - BS 201', '', '1'),
(83, 'Płytka elektroniki zasilacza - Main do BS201 (ASKP0187B)', 'stacjonarny - BS 201', '', '1'),
(84, 'Płytka elektroniki zasilacza - Main do BS201 (ASKP0187C) na dwa ekrany', 'stacjonarny - BS 201', '', '1'),
(85, 'Pakiet hoperów - płytka', 'stacjonarny - BS 201', '', '1'),
(86, 'Pakiet kontrolera toru monet i karuzel ASKP0261B', 'stacjonarny - BS 201', '', '1'),
(87, 'Pakiet kontrolera toru monet i karuzel ASKP0261C', 'stacjonarny - BS 201', '', '1'),
(88, 'Pakiet konwertera RS232-I2C z czujnikiem wstrząsów ASKP0265B', 'stacjonarny - BS 201', '', '1'),
(89, 'Płytka czujnika temperatury ASKP0266A', 'stacjonarny - BS 201', '', '1'),
(90, 'Kabel RS232 I2C pakiet', 'stacjonarny - BS 201', '', '1'),
(91, 'Kabel zasilający wentylator', 'mobilny - BM 101', '', '1'),
(92, 'Karta pamięci CF 2GB', 'mobilny - BM 101', '', '1'),
(93, 'CR manualny (do BS 201)', 'stacjonarny - BS 201', '', '1'),
(94, 'Czytnik TAGów CTU-D5N z interfejsem J2C', 'stacjonarny - BS 201', '', '1'),
(95, 'Mechanika Elektronika i Kabel FAN', 'mobilny - BM 101', '', '1'),
(96, 'Hopper HPRO 2024 (1.603.42) regular belt', 'stacjonarny - BS 201', '', '1'),
(97, 'Przemysłowy hub USB 2.0 4x EX-1163HM mocowany na szynę DIN 35', 'stacjonarny - BS 201', '', '1'),
(98, 'Kabel VIVOpay Kiosk II Antenna - VIVO Kiosk II Controller', 'mobilny - BM 101', '', '1'),
(99, 'Kabel Card Reader - Artema', 'stacjonarny - BS 201', '', '1'),
(100, 'Kabel PinPad - Artema', 'stacjonarny - BS 201', '', '1'),
(101, 'Kabel sygnałowy LVDS do wyświetlacza 10cali użytego w BM102', 'mobilny - BM 101', '', '1'),
(102, 'Pakiet kontrolera drukarki Axiom (COMP2207-222/B lub C)', 'stacjonarny - BS 201', '', '1'),
(103, 'Walidator (NRI) (G13MFT-09V)', 'stacjonarny - BS 201', '', '1'),
(104, 'Kontroler matrycy LVDS z interfejsem DVI', 'stacjonarny - BS 201', '', '1'),
(105, 'Mechanizm drukujący z obcinaczem Axiom o szerokości 82,5 (MGTAES24)', 'stacjonarny - BS 201', '', '1'),
(106, 'Modem MC52i', 'stacjonarny - BS 201', '', '1'),
(107, 'Pakiet drukarki', 'mobilny - BM 101', '', '0'),
(108, 'Nakładka dotykowa na ekran LCD 15cali', 'stacjonarny - BS 201', '', '1'),
(109, 'Czujnik szczelinowy - optyczny HOA PCK6', 'stacjonarny - BS 201', '', '1'),
(110, 'Przetwornica 100-240V AC 24V DC 120W 5A - (używana w zestawie testowym)', 'mobilny - BM 101', '', '1'),
(111, 'Pamięć RAM SO-DIMM DDR3 2GB 1066Mhz', 'stacjonarny - BS 201', '', '1'),
(112, 'Pakiet terminala kart zbliżeniowych w standardzie MIFARE (GAMMA SAMIF)', 'mobilny - BM 101', '', '1'),
(113, 'Pakiet terminala kart zbliżeniowych w standardzie MIFARE (GAMMA SAMIF2) Wersja 3', 'stacjonarny - BS 201', '', '1'),
(114, 'Czujnik TICKET OUT', 'stacjonarny - BS 201', '', '1'),
(115, 'Kabel ZASILACZ - PC', 'mobilny - BM 101', '', '1'),
(116, 'Kabel ARTEMA - VIVO', 'mobilny - BM 101', '', '1'),
(117, 'Kabel ZASILACZ - MIFARE', 'mobilny - BM 101', '', '1'),
(118, 'Kabel zasilania drukarki', 'mobilny - BM 101', '', '1'),
(119, 'Kabel sygnalizatora poziomu papieru', 'mobilny - BM 101', '', '1'),
(120, 'Kabel sterownik drukarki (niebieska wiązka)', 'mobilny - BM 101', '', '1'),
(121, 'Taśma do czytnika kart', 'mobilny - BM 101', '', '1'),
(122, 'Kabel PC - DRUKARKA', 'mobilny - BM 101', '', '1'),
(123, 'Kabel ZASILACZ - MAIN (14pin)', 'mobilny - BM 101', '', '1'),
(124, 'Zamek ABLOY CL100N', 'mobilny - BM 101', '', '1'),
(125, 'Wyświetlacz LCD 15 cali ', 'stacjonarny - BS 201', '', '1'),
(126, 'Kabel WALIDATOR - SORTOWNIK', 'stacjonarny - SB', '', '1'),
(127, 'Ustnik - wlot', 'stacjonarny - BS 201', '', '1');

-- --------------------------------------------------------

--
-- Struktura tabeli dla tabeli `service_request`
--

CREATE TABLE IF NOT EXISTS `service_request` (
  `id` int(11) NOT NULL AUTO_INCREMENT,
  `arrival_id` int(11) DEFAULT NULL,
  `product_id` int(11) NOT NULL,
  `sn` varchar(255) COLLATE latin2_bin NOT NULL,
  `quantity` int(11) NOT NULL,
  `storage_id` int(11) NOT NULL,
  `release_user_id` int(11) NOT NULL,
  `service_status_id` int(11) NOT NULL DEFAULT '1',
  `bus_number` varchar(255) COLLATE latin2_bin NOT NULL,
  `automat_number` varchar(255) COLLATE latin2_bin DEFAULT NULL,
  `change_status_datetime` datetime NOT NULL,
  PRIMARY KEY (`id`)
) ENGINE=InnoDB  DEFAULT CHARSET=latin2 COLLATE=latin2_bin AUTO_INCREMENT=540 ;

--
-- Zrzut danych tabeli `service_request`
--

INSERT INTO `service_request` (`id`, `arrival_id`, `product_id`, `sn`, `quantity`, `storage_id`, `release_user_id`, `service_status_id`, `bus_number`, `automat_number`, `change_status_datetime`) VALUES
(1, 2, 7, '', 1, 2, 14, 1, '', NULL, '2016-10-03 11:33:17'),
(2, NULL, 7, '', -1, 2, 14, 2, '', '558', '2016-10-03 13:15:07'),
(3, 3, 7, '', 1, 2, 8, 1, '', NULL, '2016-10-04 11:37:50'),
(4, 4, 7, '', 1, 2, 10, 1, '', NULL, '2016-10-04 11:38:41'),
(5, 4, 25, '', 1, 2, 10, 1, '', NULL, '2016-10-04 11:38:41'),
(6, NULL, 25, '', -1, 2, 10, 3, '', '', '2016-10-04 14:54:52'),
(7, NULL, 7, '', -1, 2, 10, 3, '', '', '2016-10-04 14:55:24'),
(8, 7, 7, '', 1, 2, 10, 4, '', NULL, '2016-10-04 14:57:48'),
(9, 7, 25, '', 1, 2, 10, 4, '', NULL, '2016-10-04 14:57:49'),
(10, 8, 30, '', 1, 2, 10, 1, '', NULL, '2016-10-04 14:58:30'),
(11, NULL, 30, '', -1, 2, 10, 2, '', '533', '2016-10-04 14:59:52'),
(12, NULL, 7, '', -1, 2, 8, 2, '', '566', '2016-10-04 15:19:45'),
(13, 11, 7, '', 1, 2, 5, 1, '', NULL, '2016-10-06 07:21:44'),
(14, 13, 126, '', 1, 2, 9, 1, '', NULL, '2016-10-06 13:46:18'),
(15, NULL, 7, '', -1, 2, 5, 2, '', '531', '2016-10-06 14:06:43'),
(16, NULL, 126, '', -1, 2, 9, 2, '', '603', '2016-10-06 19:06:03'),
(17, 14, 7, '', 1, 2, 8, 1, '', NULL, '2016-10-07 07:50:29'),
(18, NULL, 7, '', -1, 2, 8, 3, '', '', '2016-10-07 14:00:31'),
(19, 15, 93, '', 1, 2, 8, 1, '', NULL, '2016-10-07 14:01:44'),
(20, NULL, 93, '', -1, 2, 8, 2, '', '629', '2016-10-07 14:02:31'),
(21, 16, 7, '', 1, 2, 8, 4, '', NULL, '2016-10-07 15:00:51'),
(22, 17, 7, '', 1, 2, 6, 1, '', NULL, '2016-10-07 15:04:50'),
(23, 17, 14, '', 1, 2, 6, 1, '', NULL, '2016-10-07 15:04:51'),
(24, NULL, 14, '', -1, 2, 6, 2, '', '555', '2016-10-07 21:58:16'),
(25, NULL, 7, '', -1, 2, 6, 2, '', '508', '2016-10-07 21:58:41'),
(26, 18, 43, '', 1, 2, 11, 1, '', NULL, '2016-10-07 22:07:46'),
(27, NULL, 43, '', -1, 2, 11, 2, '', '586', '2016-10-07 22:08:23'),
(28, 19, 65, '', 1, 2, 13, 1, '', NULL, '2016-10-08 21:40:00'),
(29, NULL, 65, '', -1, 2, 13, 2, '', '5493', '2016-10-08 21:43:44'),
(30, 20, 1, '', 1, 2, 10, 1, '', NULL, '2016-10-09 13:43:43'),
(31, 21, 75, '', 1, 2, 9, 1, '', NULL, '2016-10-10 07:55:28'),
(32, NULL, 75, '', -1, 2, 9, 2, '', '5321', '2016-10-10 07:57:44'),
(33, NULL, 1, '', -1, 2, 10, 2, '', '563', '2016-10-10 08:08:09'),
(34, 22, 66, '', 1, 2, 7, 1, '', NULL, '2016-10-10 08:43:27'),
(35, NULL, 66, '', -1, 2, 7, 2, '', '5104', '2016-10-10 08:44:45'),
(36, 23, 7, '', 1, 2, 7, 1, '', NULL, '2016-10-10 09:27:42'),
(37, 23, 31, '', 1, 2, 7, 1, '', NULL, '2016-10-10 09:27:42'),
(38, 23, 43, '', 2, 2, 7, 1, '', NULL, '2016-10-10 09:27:42'),
(39, 23, 42, '', 3, 2, 7, 1, '', NULL, '2016-10-10 09:27:42'),
(40, 25, 44, '', 1, 2, 11, 1, '', NULL, '2016-10-10 13:19:17'),
(41, NULL, 44, '', -1, 2, 11, 2, '', '552', '2016-10-10 13:20:21'),
(42, 26, 42, '', 1, 2, 14, 1, '', NULL, '2016-10-10 14:10:48'),
(43, NULL, 42, '', -1, 2, 14, 2, '', '538', '2016-10-10 14:11:28'),
(44, 27, 14, '', 1, 2, 6, 1, '', NULL, '2016-10-10 14:16:46'),
(45, 27, 42, '', 10, 2, 6, 1, '', NULL, '2016-10-10 14:16:46'),
(46, 28, 42, '', 10, 2, 10, 1, '', NULL, '2016-10-10 14:17:24'),
(47, 28, 14, '', 1, 2, 10, 1, '', NULL, '2016-10-10 14:17:24'),
(48, 28, 31, '', 1, 2, 10, 1, '', NULL, '2016-10-10 14:17:24'),
(49, NULL, 7, '', -1, 2, 7, 3, '', '', '2016-10-10 14:22:54'),
(50, NULL, 43, '', -2, 2, 7, 3, '', '', '2016-10-10 14:23:11'),
(51, NULL, 31, '', -1, 2, 7, 2, '', '597', '2016-10-10 14:23:31'),
(52, NULL, 42, '', -1, 2, 7, 2, '', '563', '2016-10-10 14:23:47'),
(53, NULL, 42, '', -2, 2, 7, 3, '', '', '2016-10-10 14:23:58'),
(54, 29, 7, '', 1, 2, 7, 4, '', NULL, '2016-10-10 14:29:33'),
(55, 29, 42, '', 2, 2, 7, 4, '', NULL, '2016-10-10 14:29:33'),
(56, 29, 43, '', 2, 2, 7, 4, '', NULL, '2016-10-10 14:29:33'),
(57, 30, 42, '', 10, 2, 14, 1, '', NULL, '2016-10-11 06:56:59'),
(58, NULL, 14, '', -1, 2, 6, 2, '', '509', '2016-10-11 07:16:16'),
(59, NULL, 42, '', -1, 2, 6, 2, '', '509', '2016-10-11 07:16:38'),
(60, NULL, 42, '', -1, 2, 6, 2, '', '511', '2016-10-11 07:16:55'),
(61, NULL, 42, '', -1, 2, 6, 2, '', '553', '2016-10-11 07:17:44'),
(62, NULL, 42, '', -7, 2, 6, 3, '', '', '2016-10-11 07:18:13'),
(63, NULL, 14, '', -1, 2, 10, 2, '', '606', '2016-10-11 07:27:35'),
(64, NULL, 31, '', -1, 2, 10, 2, '', '559', '2016-10-11 07:28:26'),
(65, NULL, 42, '', -1, 2, 10, 2, '', '590', '2016-10-11 07:28:51'),
(66, NULL, 42, '', -1, 2, 10, 2, '', '606', '2016-10-11 07:29:12'),
(67, NULL, 42, '', -1, 2, 10, 2, '', '592', '2016-10-11 07:29:32'),
(68, NULL, 42, '', -1, 2, 10, 3, '', '', '2016-10-11 07:30:07'),
(69, NULL, 42, '', -6, 2, 10, 3, '', '', '2016-10-11 07:30:24'),
(70, 31, 42, '', 7, 2, 6, 4, '', NULL, '2016-10-11 07:32:26'),
(71, 32, 42, '', 1, 2, 11, 1, '', NULL, '2016-10-11 08:23:03'),
(72, NULL, 42, '', -1, 2, 11, 2, '', '552', '2016-10-11 08:23:44'),
(73, 33, 44, '', 2, 2, 13, 1, '', NULL, '2016-10-11 09:28:46'),
(74, NULL, 44, '', -1, 2, 13, 2, '', '592', '2016-10-11 11:41:21'),
(75, NULL, 44, '', -1, 2, 13, 3, '', '', '2016-10-11 11:41:37'),
(76, 35, 44, '', 1, 2, 13, 4, '', NULL, '2016-10-11 14:00:10'),
(77, 36, 11, '', 1, 2, 13, 1, '', NULL, '2016-10-11 14:16:30'),
(78, NULL, 11, '', -1, 2, 13, 2, '', '517', '2016-10-11 14:22:42'),
(79, 37, 17, '', 1, 2, 8, 1, '', NULL, '2016-10-11 14:26:30'),
(80, 37, 33, '', 1, 2, 8, 1, '', NULL, '2016-10-11 14:26:30'),
(81, 37, 34, '', 1, 2, 8, 1, '', NULL, '2016-10-11 14:26:30'),
(82, 37, 42, '', 2, 2, 8, 1, '', NULL, '2016-10-11 14:26:30'),
(83, 37, 1, '', 2, 2, 8, 1, '', NULL, '2016-10-11 14:26:30'),
(84, 37, 44, '', 2, 2, 8, 1, '', NULL, '2016-10-11 14:26:30'),
(85, 37, 39, '', 2, 2, 8, 1, '', NULL, '2016-10-11 14:26:31'),
(86, 38, 30, '', 1, 2, 14, 1, '', NULL, '2016-10-11 14:27:20'),
(87, NULL, 42, '', -1, 2, 14, 2, '', '585', '2016-10-11 15:19:10'),
(88, NULL, 42, '', -1, 2, 14, 2, '', '534', '2016-10-11 15:19:36'),
(89, NULL, 42, '', -8, 2, 14, 3, '', '', '2016-10-11 15:19:53'),
(90, NULL, 30, '', -1, 2, 14, 2, '', '592', '2016-10-11 15:20:25'),
(91, 39, 42, '', 8, 2, 10, 1, '', NULL, '2016-10-11 15:51:04'),
(92, NULL, 42, '', -1, 2, 10, 2, '', '575', '2016-10-12 07:15:18'),
(93, NULL, 42, '', -1, 2, 10, 2, '', '508', '2016-10-12 07:15:37'),
(94, NULL, 42, '', -6, 2, 10, 3, '', '', '2016-10-12 07:15:53'),
(95, NULL, 1, '', -2, 2, 8, 3, '', '', '2016-10-12 07:22:00'),
(96, NULL, 17, '', -1, 2, 8, 3, '', '', '2016-10-12 07:22:12'),
(97, NULL, 33, '', -1, 2, 8, 3, '', '', '2016-10-12 07:22:23'),
(98, NULL, 34, '', -1, 2, 8, 3, '', '', '2016-10-12 07:22:37'),
(99, NULL, 39, '', -2, 2, 8, 3, '', '', '2016-10-12 07:22:56'),
(100, NULL, 44, '', -2, 2, 8, 3, '', '', '2016-10-12 07:23:14'),
(101, NULL, 42, '', -1, 2, 8, 2, '', '517', '2016-10-12 07:23:36'),
(102, NULL, 42, '', -1, 2, 8, 3, '', '', '2016-10-12 07:23:47'),
(103, 40, 1, '', 2, 2, 8, 4, '', NULL, '2016-10-12 07:24:38'),
(104, 40, 17, '', 1, 2, 8, 4, '', NULL, '2016-10-12 07:24:38'),
(105, 40, 33, '', 1, 2, 8, 4, '', NULL, '2016-10-12 07:24:38'),
(106, 40, 34, '', 1, 2, 8, 4, '', NULL, '2016-10-12 07:24:38'),
(107, 40, 39, '', 2, 2, 8, 4, '', NULL, '2016-10-12 07:24:38'),
(108, 40, 42, '', 1, 2, 8, 4, '', NULL, '2016-10-12 07:24:38'),
(109, 40, 44, '', 2, 2, 8, 4, '', NULL, '2016-10-12 07:24:38'),
(110, 41, 93, '', 1, 2, 13, 1, '', NULL, '2016-10-12 08:07:54'),
(111, 41, 46, '', 1, 2, 13, 1, '', NULL, '2016-10-12 08:07:54'),
(112, 42, 42, '', 1, 2, 7, 1, '', NULL, '2016-10-12 08:50:12'),
(113, NULL, 42, '', -1, 2, 7, 2, '', '553', '2016-10-12 08:50:45'),
(114, NULL, 93, '', -1, 2, 13, 2, '', '628', '2016-10-12 09:22:14'),
(115, NULL, 46, '', -1, 2, 13, 3, '', '', '2016-10-12 09:22:31'),
(116, 43, 33, '', 1, 2, 13, 1, '', NULL, '2016-10-12 09:34:23'),
(117, 43, 44, '', 1, 2, 13, 1, '', NULL, '2016-10-12 09:34:23'),
(118, NULL, 33, '', -1, 2, 13, 2, '', '592', '2016-10-12 10:52:13'),
(119, 44, 34, '', 1, 2, 13, 1, '', NULL, '2016-10-12 11:22:26'),
(120, 45, 44, '', 1, 2, 13, 1, '', NULL, '2016-10-12 12:01:47'),
(121, 46, 7, '', 1, 2, 11, 1, '', NULL, '2016-10-12 12:04:15'),
(122, NULL, 7, '', -1, 2, 11, 2, '', '632', '2016-10-12 12:04:49'),
(123, NULL, 34, '', -1, 2, 13, 2, '', '592', '2016-10-12 12:30:23'),
(124, NULL, 44, '', -2, 2, 13, 3, '', '', '2016-10-12 12:30:44'),
(125, 48, 44, '', 2, 2, 13, 1, '', NULL, '2016-10-12 12:35:14'),
(126, 49, 44, '', 2, 2, 13, 4, '', NULL, '2016-10-12 12:37:07'),
(127, 49, 46, '', 1, 2, 13, 4, '', NULL, '2016-10-12 12:37:07'),
(128, 50, 42, '', 5, 2, 14, 1, '', NULL, '2016-10-12 12:39:07'),
(129, 51, 44, '', 3, 2, 14, 1, '', NULL, '2016-10-12 12:51:22'),
(130, 52, 44, '', 3, 2, 14, 1, '', NULL, '2016-10-12 12:53:49'),
(131, 52, 39, '', 1, 2, 14, 1, '', NULL, '2016-10-12 12:53:49'),
(132, 52, 34, '', 1, 2, 14, 1, '', NULL, '2016-10-12 12:53:49'),
(133, NULL, 34, '', -1, 2, 14, 2, '', '100', '2016-10-12 12:55:07'),
(134, NULL, 39, '', -1, 2, 14, 2, '', '100', '2016-10-12 12:55:23'),
(135, NULL, 44, '', -3, 2, 14, 2, '', '100', '2016-10-12 12:57:40'),
(136, NULL, 44, '', -2, 2, 13, 3, '', '', '2016-10-12 13:19:17'),
(137, 53, 44, '', 2, 2, 13, 4, '', NULL, '2016-10-12 13:47:59'),
(138, 54, 42, '', 8, 2, 14, 4, '', NULL, '2016-10-12 13:49:06'),
(139, NULL, 42, '', -1, 2, 14, 2, '', '500', '2016-10-12 14:07:11'),
(140, NULL, 42, '', -1, 2, 14, 2, '', '578', '2016-10-12 14:07:26'),
(141, NULL, 42, '', -1, 2, 14, 2, '', '556', '2016-10-12 14:07:45'),
(142, NULL, 42, '', -1, 2, 14, 2, '', '550', '2016-10-12 14:08:50'),
(143, NULL, 42, '', -1, 2, 14, 2, '', '569', '2016-10-12 14:09:05'),
(144, NULL, 44, '', -3, 2, 14, 3, '', '', '2016-10-12 14:09:39'),
(145, 56, 42, '', 4, 2, 14, 1, '', NULL, '2016-10-12 14:17:39'),
(146, NULL, 42, '', -1, 2, 14, 2, '', '591', '2016-10-12 14:18:09'),
(147, NULL, 42, '', -1, 2, 14, 2, '', '570', '2016-10-12 14:18:35'),
(148, NULL, 42, '', -1, 2, 14, 2, '', '588', '2016-10-12 14:18:51'),
(149, NULL, 42, '', -1, 2, 14, 2, '', '580', '2016-10-12 14:19:04'),
(150, 57, 42, '', 2, 2, 8, 1, '', NULL, '2016-10-12 14:42:17'),
(151, 57, 33, '', 1, 2, 8, 1, '', NULL, '2016-10-12 14:42:17'),
(152, 57, 34, '', 1, 2, 8, 1, '', NULL, '2016-10-12 14:42:17'),
(153, 57, 17, '', 1, 2, 8, 1, '', NULL, '2016-10-12 14:42:17'),
(154, 57, 39, '', 1, 2, 8, 1, '', NULL, '2016-10-12 14:42:17'),
(155, 57, 44, '', 2, 2, 8, 1, '', NULL, '2016-10-12 14:42:17'),
(156, 57, 1, '', 1, 2, 8, 1, '', NULL, '2016-10-12 14:42:17'),
(157, 57, 7, '', 1, 2, 8, 1, '', NULL, '2016-10-12 14:42:17'),
(158, 58, 42, '', 4, 2, 10, 1, '', NULL, '2016-10-12 14:49:30'),
(159, 58, 7, '', 1, 2, 10, 1, '', NULL, '2016-10-12 14:49:30'),
(160, NULL, 7, '', -1, 2, 10, 3, '', '', '2016-10-12 14:50:17'),
(161, 59, 7, '', 1, 2, 10, 4, '', NULL, '2016-10-12 14:50:51'),
(162, 59, 42, '', 13, 2, 10, 4, '', NULL, '2016-10-12 14:50:51'),
(163, 60, 42, '', 25, 2, 14, 1, '', NULL, '2016-10-12 14:54:54'),
(164, NULL, 42, '', -25, 2, 14, 2, '', '100', '2016-10-12 14:55:44'),
(165, 61, 7, '', 1, 2, 14, 1, '', NULL, '2016-10-12 14:56:34'),
(166, NULL, 7, '', -1, 2, 14, 3, '', '', '2016-10-12 14:57:36'),
(167, 62, 7, '', 1, 2, 14, 4, '', NULL, '2016-10-12 14:58:08'),
(168, 62, 44, '', 3, 2, 14, 4, '', NULL, '2016-10-12 14:58:08'),
(169, NULL, 7, '', -1, 2, 8, 2, '', '566', '2016-10-12 21:07:09'),
(170, NULL, 1, '', -1, 2, 8, 3, '', '', '2016-10-12 21:07:23'),
(171, NULL, 17, '', -1, 2, 8, 3, '', '', '2016-10-12 21:07:57'),
(172, NULL, 33, '', -1, 2, 8, 3, '', '', '2016-10-12 21:08:09'),
(173, NULL, 34, '', -1, 2, 8, 3, '', '', '2016-10-12 21:08:20'),
(174, NULL, 39, '', -1, 2, 8, 3, '', '', '2016-10-12 21:08:30'),
(175, NULL, 42, '', -1, 2, 8, 3, '', '', '2016-10-12 21:09:01'),
(176, NULL, 42, '', -1, 2, 8, 3, '', '', '2016-10-12 21:09:12'),
(177, NULL, 44, '', -1, 2, 8, 3, '', '', '2016-10-12 21:09:21'),
(178, NULL, 44, '', -1, 2, 8, 3, '', '', '2016-10-12 21:09:51'),
(179, NULL, 42, '', -1, 2, 10, 3, '', '', '2016-10-13 09:21:17'),
(180, NULL, 42, '', -1, 2, 10, 2, '', '561', '2016-10-13 09:22:24'),
(181, NULL, 42, '', -1, 2, 10, 2, '', '581', '2016-10-13 09:22:40'),
(182, NULL, 42, '', -1, 2, 10, 2, '', '600', '2016-10-13 09:22:54'),
(183, 65, 1, '', 1, 2, 8, 4, '', NULL, '2016-10-13 09:25:14'),
(184, 65, 17, '', 1, 2, 8, 4, '', NULL, '2016-10-13 09:25:14'),
(185, 65, 33, '', 1, 2, 8, 4, '', NULL, '2016-10-13 09:25:15'),
(186, 65, 34, '', 1, 2, 8, 4, '', NULL, '2016-10-13 09:25:15'),
(187, 65, 39, '', 1, 2, 8, 4, '', NULL, '2016-10-13 09:25:15'),
(188, 65, 42, '', 2, 2, 8, 4, '', NULL, '2016-10-13 09:25:15'),
(189, 65, 44, '', 2, 2, 8, 4, '', NULL, '2016-10-13 09:25:15'),
(190, 66, 42, '', 7, 2, 14, 1, '', NULL, '2016-10-13 09:28:12'),
(191, 67, 17, '', 1, 2, 9, 1, '', NULL, '2016-10-13 09:30:43'),
(192, 67, 7, '', 1, 2, 9, 1, '', NULL, '2016-10-13 09:30:43'),
(193, 67, 26, '', 1, 2, 9, 1, '', NULL, '2016-10-13 09:30:44'),
(194, NULL, 17, '', -1, 2, 9, 2, '', '581', '2016-10-13 13:57:45'),
(195, NULL, 7, '', -1, 2, 9, 3, '', '', '2016-10-13 13:58:01'),
(196, NULL, 26, '', -1, 2, 9, 3, '', '', '2016-10-13 13:58:31'),
(197, 69, 7, '', 1, 2, 9, 4, '', NULL, '2016-10-13 14:03:07'),
(198, 69, 26, '', 1, 2, 9, 4, '', NULL, '2016-10-13 14:03:07'),
(199, NULL, 42, '', -3, 2, 14, 3, '', '', '2016-10-13 14:04:54'),
(200, NULL, 42, '', -1, 2, 14, 2, '', '602', '2016-10-13 14:05:16'),
(201, NULL, 42, '', -1, 2, 14, 2, '', '518', '2016-10-13 14:05:36'),
(202, NULL, 42, '', -1, 2, 14, 2, '', '541', '2016-10-13 14:06:01'),
(203, NULL, 42, '', -1, 2, 14, 2, '', '532', '2016-10-13 14:06:19'),
(204, 70, 113, '', 1, 2, 7, 1, '', NULL, '2016-10-13 14:28:48'),
(205, 70, 24, '', 1, 2, 7, 1, '', NULL, '2016-10-13 14:28:48'),
(206, 70, 127, '', 1, 2, 7, 1, '', NULL, '2016-10-13 14:28:48'),
(207, 71, 7, '', 1, 2, 8, 1, '', NULL, '2016-10-13 14:29:28'),
(208, 71, 26, '', 1, 2, 8, 1, '', NULL, '2016-10-13 14:29:28'),
(209, 72, 7, '', 1, 2, 14, 1, '', NULL, '2016-10-13 14:34:32'),
(210, NULL, 7, '', -1, 2, 14, 3, '', '', '2016-10-13 14:35:21'),
(211, 73, 7, '', 1, 2, 14, 4, '', NULL, '2016-10-13 14:35:40'),
(212, 73, 42, '', 3, 2, 14, 4, '', NULL, '2016-10-13 14:35:40'),
(213, 74, 44, '', 1, 2, 9, 1, '', NULL, '2016-10-13 14:36:25'),
(214, NULL, 44, '', -1, 2, 9, 3, '', '', '2016-10-13 14:37:08'),
(215, 75, 7, '', 1, 2, 9, 1, '', NULL, '2016-10-13 14:38:36'),
(216, NULL, 7, '', -1, 2, 9, 3, '', '', '2016-10-13 14:39:54'),
(217, 76, 7, '', 1, 2, 9, 4, '', NULL, '2016-10-13 14:41:30'),
(218, 76, 44, '', 1, 2, 9, 4, '', NULL, '2016-10-13 14:41:30'),
(219, NULL, 24, '', -1, 2, 7, 2, '', '628', '2016-10-13 17:32:19'),
(220, NULL, 113, '', -1, 2, 7, 3, '', '', '2016-10-13 17:32:33'),
(221, NULL, 127, '', -1, 2, 7, 2, '', '610', '2016-10-13 17:32:50'),
(222, NULL, 7, '', -1, 2, 8, 2, '', '566', '2016-10-13 21:34:55'),
(223, NULL, 26, '', -1, 2, 8, 2, '', '566', '2016-10-13 21:41:04'),
(224, 77, 7, '', 1, 2, 7, 1, '', NULL, '2016-10-14 07:03:34'),
(225, NULL, 7, '', -1, 2, 7, 3, '', '', '2016-10-14 07:03:54'),
(226, 78, 7, '', 1, 2, 7, 4, '', NULL, '2016-10-14 07:04:19'),
(227, 78, 113, '', 1, 2, 7, 4, '', NULL, '2016-10-14 07:04:20'),
(228, 79, 42, '', 1, 2, 8, 1, '', NULL, '2016-10-14 07:08:01'),
(229, NULL, 42, '', -1, 2, 8, 2, '', '557', '2016-10-14 07:08:35'),
(230, 80, 95, '', 1, 2, 11, 1, '', NULL, '2016-10-14 09:16:17'),
(231, NULL, 95, '', -1, 2, 11, 2, '', '5821', '2016-10-14 09:16:52'),
(232, 81, 44, '', 4, 2, 14, 1, '', NULL, '2016-10-14 09:52:31'),
(233, NULL, 44, '', -4, 2, 14, 3, '', '', '2016-10-14 13:50:06'),
(234, 84, 34, '', 1, 2, 8, 1, '', NULL, '2016-10-14 14:53:24'),
(235, 84, 33, '', 1, 2, 8, 1, '', NULL, '2016-10-14 14:53:24'),
(236, 84, 39, '', 1, 2, 8, 1, '', NULL, '2016-10-14 14:53:24'),
(237, 84, 1, '', 1, 2, 8, 1, '', NULL, '2016-10-14 14:53:24'),
(238, 84, 42, '', 3, 2, 8, 1, '', NULL, '2016-10-14 14:53:24'),
(239, 84, 44, '', 1, 2, 8, 1, '', NULL, '2016-10-14 14:53:24'),
(240, 84, 14, '', 1, 2, 8, 1, '', NULL, '2016-10-14 14:53:24'),
(241, 85, 7, '', 1, 2, 10, 1, '', NULL, '2016-10-14 14:54:28'),
(242, NULL, 7, '', -1, 2, 10, 3, '', '', '2016-10-14 14:55:00'),
(243, 86, 7, '', 1, 2, 10, 4, '', NULL, '2016-10-14 14:55:29'),
(244, 86, 42, '', 1, 2, 10, 4, '', NULL, '2016-10-14 14:55:29'),
(245, 87, 44, '', 1, 2, 8, 1, '', NULL, '2016-10-14 14:58:49'),
(246, 87, 42, '', 1, 2, 8, 1, '', NULL, '2016-10-14 14:58:49'),
(247, NULL, 44, '', -1, 2, 8, 2, '', '592', '2016-10-14 14:59:24'),
(248, 88, 44, '', 4, 2, 14, 4, '', NULL, '2016-10-14 15:43:45'),
(249, NULL, 1, '', -1, 2, 8, 3, '', '', '2016-10-14 22:12:32'),
(250, NULL, 14, '', -1, 2, 8, 3, '', '', '2016-10-14 22:12:41'),
(251, NULL, 33, '', -1, 2, 8, 3, '', '', '2016-10-14 22:12:50'),
(252, NULL, 34, '', -1, 2, 8, 3, '', '', '2016-10-14 22:12:59'),
(253, NULL, 39, '', -1, 2, 8, 3, '', '', '2016-10-14 22:13:08'),
(254, NULL, 42, '', -1, 2, 8, 3, '', '', '2016-10-14 22:13:17'),
(255, NULL, 42, '', -1, 2, 8, 3, '', '', '2016-10-14 22:13:26'),
(256, NULL, 42, '', -1, 2, 8, 3, '', '', '2016-10-14 22:13:34'),
(257, NULL, 42, '', -1, 2, 8, 3, '', '', '2016-10-14 22:13:42'),
(258, NULL, 44, '', -1, 2, 8, 3, '', '', '2016-10-14 22:13:51'),
(259, 89, 1, '', 1, 2, 8, 4, '', NULL, '2016-10-15 10:24:56'),
(260, 89, 14, '', 1, 2, 8, 4, '', NULL, '2016-10-15 10:24:56'),
(261, 89, 33, '', 1, 2, 8, 4, '', NULL, '2016-10-15 10:24:56'),
(262, 89, 34, '', 1, 2, 8, 4, '', NULL, '2016-10-15 10:24:56'),
(263, 89, 39, '', 1, 2, 8, 4, '', NULL, '2016-10-15 10:24:56'),
(264, 89, 42, '', 4, 2, 8, 4, '', NULL, '2016-10-15 10:24:56'),
(265, 89, 44, '', 1, 2, 8, 4, '', NULL, '2016-10-15 10:24:57'),
(266, 90, 61, '', 1, 2, 7, 1, '', NULL, '2016-10-17 08:17:28'),
(267, NULL, 61, '', -1, 2, 7, 2, '', '5164', '2016-10-17 08:18:13'),
(268, 91, 14, '', 1, 2, 8, 1, '', NULL, '2016-10-17 08:47:49'),
(269, NULL, 14, '', -1, 2, 8, 2, '', '572', '2016-10-17 08:48:20'),
(270, 92, 65, '', 2, 2, 14, 1, '', NULL, '2016-10-17 11:35:17'),
(271, NULL, 65, '', -2, 2, 14, 2, '', '100', '2016-10-17 11:36:00'),
(272, 93, 25, '', 1, 2, 14, 1, '', NULL, '2016-10-17 12:30:23'),
(273, 93, 17, '', 4, 2, 14, 1, '', NULL, '2016-10-17 12:30:23'),
(274, 93, 42, '', 4, 2, 14, 1, '', NULL, '2016-10-17 12:30:23'),
(275, NULL, 17, '', -1, 2, 14, 2, '', '600', '2016-10-17 12:31:20'),
(276, NULL, 17, '', -1, 2, 14, 2, '', '100', '2016-10-17 12:34:19'),
(277, NULL, 17, '', -1, 2, 14, 2, '', '100', '2016-10-17 12:39:30'),
(278, NULL, 25, '', -1, 2, 14, 2, '', '533', '2016-10-17 12:43:46'),
(279, NULL, 17, '', -1, 2, 14, 2, '', '100', '2016-10-17 13:42:07'),
(280, NULL, 42, '', -1, 2, 14, 3, '', '', '2016-10-17 13:42:22'),
(281, NULL, 42, '', -1, 2, 14, 2, '', '587', '2016-10-17 13:42:42'),
(282, NULL, 42, '', -1, 2, 14, 2, '', '567', '2016-10-17 13:42:59'),
(283, NULL, 42, '', -1, 2, 14, 2, '', '574', '2016-10-17 13:43:12'),
(284, 94, 42, '', 1, 2, 14, 4, '', NULL, '2016-10-17 15:52:55'),
(285, 95, 61, '', 1, 2, 8, 1, '', NULL, '2016-10-18 07:21:22'),
(286, 95, 121, '', 1, 2, 8, 1, '', NULL, '2016-10-18 07:21:22'),
(287, NULL, 61, '', -1, 2, 8, 2, '', '5733', '2016-10-18 07:22:17'),
(288, NULL, 121, '', -1, 2, 8, 2, '', '5733', '2016-10-18 07:22:39'),
(289, 96, 65, '', 1, 2, 8, 1, '', NULL, '2016-10-18 08:01:57'),
(290, NULL, 65, '', -1, 2, 8, 2, '', '5749', '2016-10-18 08:03:12'),
(291, 97, 65, '', 1, 2, 7, 1, '', NULL, '2016-10-18 08:13:22'),
(292, NULL, 65, '', -1, 2, 7, 2, '', '5425', '2016-10-18 08:14:36'),
(293, 98, 7, '', 2, 2, 14, 1, '', NULL, '2016-10-18 08:21:38'),
(294, NULL, 7, '', -2, 2, 14, 2, '', '100', '2016-10-18 08:22:29'),
(295, 99, 7, '', 1, 2, 6, 1, '', NULL, '2016-10-18 10:43:04'),
(296, NULL, 7, '', -1, 2, 6, 2, '', '627', '2016-10-18 14:09:08'),
(297, 101, 42, '', 1, 2, 7, 1, '', NULL, '2016-10-18 14:22:33'),
(298, NULL, 42, '', -1, 2, 7, 2, '', '521', '2016-10-18 20:41:51'),
(299, 103, 33, '', 1, 2, 9, 1, '', NULL, '2016-10-19 14:05:18'),
(300, 103, 34, '', 1, 2, 9, 1, '', NULL, '2016-10-19 14:05:18'),
(301, 103, 39, '', 1, 2, 9, 1, '', NULL, '2016-10-19 14:05:18'),
(302, 103, 44, '', 1, 2, 9, 1, '', NULL, '2016-10-19 14:05:18'),
(303, 103, 26, '', 1, 2, 9, 1, '', NULL, '2016-10-19 14:05:19'),
(304, 103, 27, '', 2, 2, 9, 1, '', NULL, '2016-10-19 14:05:19'),
(305, 103, 36, '', 2, 2, 9, 1, '', NULL, '2016-10-19 14:05:19'),
(306, 103, 1, '', 1, 2, 9, 1, '', NULL, '2016-10-19 14:05:19'),
(307, 103, 14, '', 1, 2, 9, 1, '', NULL, '2016-10-19 14:05:19'),
(308, 103, 31, '', 1, 2, 9, 1, '', NULL, '2016-10-19 14:05:19'),
(309, NULL, 1, '', -1, 0, 9, 3, '', '', '2016-10-19 19:22:20'),
(310, NULL, 1, '', -1, 0, 9, 3, '', '', '2016-10-19 19:22:42'),
(311, NULL, 1, '', -1, 0, 9, 3, '', '', '2016-10-19 19:25:05'),
(312, NULL, 44, '', -2, 0, 9, 3, '', '', '2016-10-19 19:25:32'),
(313, NULL, 1, '', -1, 0, 9, 3, '', '', '2016-10-19 21:38:04'),
(314, NULL, 14, '', -1, 0, 9, 3, '', '', '2016-10-19 21:38:25'),
(315, NULL, 26, '', -1, 0, 9, 3, '', '', '2016-10-19 21:39:02'),
(316, NULL, 27, '', -2, 0, 9, 3, '', '', '2016-10-19 21:39:23'),
(317, NULL, 31, '', -1, 0, 9, 3, '', '', '2016-10-19 21:39:44'),
(318, NULL, 33, '', -1, 0, 9, 3, '', '', '2016-10-19 21:40:53'),
(319, NULL, 34, '', -1, 0, 9, 3, '', '', '2016-10-19 21:41:16'),
(320, NULL, 27, '', -2, 0, 9, 3, '', '', '2016-10-19 21:42:02'),
(321, NULL, 39, '', -1, 0, 9, 3, '', '', '2016-10-19 21:42:23'),
(322, NULL, 44, '', -2, 0, 9, 3, '', '', '2016-10-19 21:42:57'),
(323, NULL, 1, '', -1, 0, 9, 3, '', '', '2016-10-20 07:28:54'),
(324, NULL, 1, '', -1, 0, 9, 3, '', '', '2016-10-20 07:29:04'),
(325, NULL, 1, '', -1, 0, 9, 3, '', '', '2016-10-20 07:29:15'),
(326, NULL, 14, '', -1, 0, 9, 3, '', '', '2016-10-20 07:29:24'),
(327, NULL, 44, '', -1, 0, 9, 3, '', '', '2016-10-20 07:29:34'),
(328, NULL, 26, '', -1, 0, 9, 3, '', '', '2016-10-20 07:29:44'),
(329, NULL, 34, '', -1, 0, 9, 3, '', '', '2016-10-20 07:29:54'),
(330, NULL, 44, '', -1, 0, 9, 3, '', '', '2016-10-20 07:30:07'),
(331, NULL, 27, '', -2, 0, 9, 3, '', '', '2016-10-20 07:35:02'),
(332, NULL, 27, '', -2, 0, 9, 3, '', '', '2016-10-20 07:35:18'),
(333, NULL, 44, '', -1, 0, 9, 3, '', '', '2016-10-20 07:35:31'),
(334, NULL, 36, '', -2, 0, 9, 3, '', '', '2016-10-20 07:35:54'),
(335, NULL, 36, '', -1, 0, 9, 3, '', '', '2016-10-20 07:38:05'),
(336, NULL, 1, '', -1, 0, 9, 3, '', '', '2016-10-20 07:42:46'),
(337, NULL, 1, '', -1, 0, 9, 3, '', '', '2016-10-20 09:30:16'),
(338, NULL, 1, '', -1, 0, 9, 3, '', '', '2016-10-20 09:30:30'),
(339, NULL, 1, '', -1, 0, 9, 3, '', '', '2016-10-20 09:33:50'),
(340, NULL, 1, '', -1, 2, 9, 3, '', '', '2016-10-20 09:34:26'),
(341, NULL, 14, '', -1, 2, 9, 3, '', '', '2016-10-20 09:49:37'),
(342, NULL, 26, '', -1, 2, 9, 3, '', '', '2016-10-20 09:49:45'),
(343, NULL, 27, '', -2, 2, 9, 3, '', '', '2016-10-20 09:49:56'),
(344, NULL, 31, '', -1, 2, 9, 3, '', '', '2016-10-20 09:50:17'),
(345, NULL, 33, '', -1, 2, 9, 3, '', '', '2016-10-20 09:50:27'),
(346, NULL, 34, '', -1, 2, 9, 3, '', '', '2016-10-20 09:50:35'),
(347, NULL, 39, '', -1, 2, 9, 3, '', '', '2016-10-20 09:51:14'),
(348, NULL, 36, '', -2, 2, 9, 3, '', '', '2016-10-20 09:51:23'),
(349, NULL, 44, '', -1, 2, 9, 3, '', '', '2016-10-20 09:51:31'),
(350, 104, 1, '', 1, 2, 9, 4, '', NULL, '2016-10-20 09:52:16'),
(351, 104, 14, '', 1, 2, 9, 4, '', NULL, '2016-10-20 09:52:16'),
(352, 104, 26, '', 1, 2, 9, 4, '', NULL, '2016-10-20 09:52:17'),
(353, 104, 27, '', 2, 2, 9, 4, '', NULL, '2016-10-20 09:52:17'),
(354, 104, 31, '', 1, 2, 9, 4, '', NULL, '2016-10-20 09:52:17'),
(355, 104, 33, '', 1, 2, 9, 4, '', NULL, '2016-10-20 09:52:17'),
(356, 104, 34, '', 1, 2, 9, 4, '', NULL, '2016-10-20 09:52:17'),
(357, 104, 36, '', 2, 2, 9, 4, '', NULL, '2016-10-20 09:52:17'),
(358, 104, 39, '', 1, 2, 9, 4, '', NULL, '2016-10-20 09:52:17'),
(359, 104, 44, '', 1, 2, 9, 4, '', NULL, '2016-10-20 09:52:17'),
(360, 105, 14, '', 1, 2, 6, 1, '', NULL, '2016-10-20 14:19:45'),
(361, 105, 31, '', 1, 2, 6, 1, '', NULL, '2016-10-20 14:19:45'),
(362, 106, 18, '', 1, 2, 14, 1, '', NULL, '2016-10-20 15:11:22'),
(363, 106, 27, '', 1, 2, 14, 1, '', NULL, '2016-10-20 15:11:22'),
(364, NULL, 18, '', -1, 2, 14, 2, '', '592', '2016-10-20 15:12:06'),
(365, NULL, 27, '', -1, 2, 14, 2, '', '592', '2016-10-20 15:12:21'),
(366, NULL, 31, '', -1, 2, 6, 3, '', '', '2016-10-20 20:46:08'),
(367, NULL, 14, '', -1, 2, 6, 2, '', '569', '2016-10-20 20:46:41'),
(368, 107, 1, '', 1, 2, 10, 1, '', NULL, '2016-10-21 08:07:47'),
(369, 107, 26, '', 1, 2, 10, 1, '', NULL, '2016-10-21 08:07:47'),
(370, 107, 27, '', 1, 2, 10, 1, '', NULL, '2016-10-21 08:07:47'),
(371, 107, 31, '', 1, 2, 10, 1, '', NULL, '2016-10-21 08:07:47'),
(372, 107, 33, '', 1, 2, 10, 1, '', NULL, '2016-10-21 08:07:47'),
(373, 107, 34, '', 1, 2, 10, 1, '', NULL, '2016-10-21 08:07:47'),
(374, 107, 36, '', 2, 2, 10, 1, '', NULL, '2016-10-21 08:07:47'),
(375, 107, 39, '', 1, 2, 10, 1, '', NULL, '2016-10-21 08:07:47'),
(376, 107, 44, '', 2, 2, 10, 1, '', NULL, '2016-10-21 08:07:48'),
(377, 108, 1, '', 1, 2, 14, 1, '', NULL, '2016-10-21 08:09:04'),
(378, 108, 14, '', 1, 2, 14, 1, '', NULL, '2016-10-21 08:09:04'),
(379, 108, 26, '', 1, 2, 14, 1, '', NULL, '2016-10-21 08:09:04'),
(380, 108, 27, '', 1, 2, 14, 1, '', NULL, '2016-10-21 08:09:04'),
(381, 108, 31, '', 1, 2, 14, 1, '', NULL, '2016-10-21 08:09:05'),
(382, 108, 33, '', 1, 2, 14, 1, '', NULL, '2016-10-21 08:09:05'),
(383, 108, 34, '', 1, 2, 14, 1, '', NULL, '2016-10-21 08:09:05'),
(384, 108, 36, '', 2, 2, 14, 1, '', NULL, '2016-10-21 08:09:05'),
(385, 108, 39, '', 1, 2, 14, 1, '', NULL, '2016-10-21 08:09:05'),
(386, 108, 44, '', 2, 2, 14, 1, '', NULL, '2016-10-21 08:09:05'),
(387, NULL, 1, '', -1, 2, 10, 3, '', '', '2016-10-21 14:12:01'),
(388, NULL, 36, '', -2, 2, 10, 3, '', '', '2016-10-21 14:12:21'),
(389, NULL, 26, '', -1, 2, 10, 3, '', '', '2016-10-21 14:12:31'),
(390, NULL, 27, '', -1, 2, 10, 3, '', '', '2016-10-21 14:12:43'),
(391, NULL, 31, '', -1, 2, 10, 3, '', '', '2016-10-21 14:13:00'),
(392, NULL, 33, '', -1, 2, 10, 3, '', '', '2016-10-21 14:13:11'),
(393, NULL, 34, '', -1, 2, 10, 3, '', '', '2016-10-21 14:13:22'),
(394, NULL, 39, '', -1, 2, 10, 3, '', '', '2016-10-21 14:13:33'),
(395, NULL, 44, '', -2, 2, 10, 3, '', '', '2016-10-21 14:13:45'),
(396, NULL, 1, '', -1, 2, 14, 3, '', '', '2016-10-21 14:25:44'),
(397, NULL, 14, '', -1, 2, 14, 3, '', '', '2016-10-21 14:25:52'),
(398, NULL, 26, '', -1, 2, 14, 3, '', '', '2016-10-21 14:26:20'),
(399, NULL, 27, '', -1, 2, 14, 3, '', '', '2016-10-21 14:26:27'),
(400, NULL, 33, '', -1, 2, 14, 3, '', '', '2016-10-21 14:26:34'),
(401, NULL, 31, '', -1, 2, 14, 3, '', '', '2016-10-21 14:26:43'),
(402, NULL, 34, '', -1, 2, 14, 3, '', '', '2016-10-21 14:26:50'),
(403, NULL, 44, '', -2, 2, 14, 3, '', '', '2016-10-21 14:27:05'),
(404, NULL, 39, '', -1, 2, 14, 3, '', '', '2016-10-21 14:27:12'),
(405, NULL, 36, '', -2, 2, 14, 3, '', '', '2016-10-21 14:27:23'),
(406, 110, 31, '', 1, 2, 6, 4, '', NULL, '2016-10-21 14:28:20'),
(407, 111, 1, '', 1, 2, 10, 4, '', NULL, '2016-10-21 14:28:33'),
(408, 111, 26, '', 1, 2, 10, 4, '', NULL, '2016-10-21 14:28:33'),
(409, 111, 27, '', 1, 2, 10, 4, '', NULL, '2016-10-21 14:28:33'),
(410, 111, 31, '', 1, 2, 10, 4, '', NULL, '2016-10-21 14:28:33'),
(411, 111, 33, '', 1, 2, 10, 4, '', NULL, '2016-10-21 14:28:33'),
(412, 111, 34, '', 1, 2, 10, 4, '', NULL, '2016-10-21 14:28:33'),
(413, 111, 36, '', 2, 2, 10, 4, '', NULL, '2016-10-21 14:28:33'),
(414, 111, 39, '', 1, 2, 10, 4, '', NULL, '2016-10-21 14:28:33'),
(415, 111, 44, '', 2, 2, 10, 4, '', NULL, '2016-10-21 14:28:34'),
(416, 112, 1, '', 1, 2, 14, 4, '', NULL, '2016-10-21 14:29:01'),
(417, 112, 14, '', 1, 2, 14, 4, '', NULL, '2016-10-21 14:29:02'),
(418, 112, 26, '', 1, 2, 14, 4, '', NULL, '2016-10-21 14:29:02'),
(419, 112, 27, '', 1, 2, 14, 4, '', NULL, '2016-10-21 14:29:02'),
(420, 112, 31, '', 1, 2, 14, 4, '', NULL, '2016-10-21 14:29:02'),
(421, 112, 33, '', 1, 2, 14, 4, '', NULL, '2016-10-21 14:29:02'),
(422, 112, 34, '', 1, 2, 14, 4, '', NULL, '2016-10-21 14:29:02'),
(423, 112, 36, '', 2, 2, 14, 4, '', NULL, '2016-10-21 14:29:02'),
(424, 112, 39, '', 1, 2, 14, 4, '', NULL, '2016-10-21 14:29:02'),
(425, 112, 44, '', 2, 2, 14, 4, '', NULL, '2016-10-21 14:29:03'),
(426, 113, 1, '', 1, 2, 6, 1, '', NULL, '2016-10-21 14:30:36'),
(427, 113, 14, '', 1, 2, 6, 1, '', NULL, '2016-10-21 14:30:37'),
(428, 113, 26, '', 1, 2, 6, 1, '', NULL, '2016-10-21 14:30:37'),
(429, 113, 27, '', 2, 2, 6, 1, '', NULL, '2016-10-21 14:30:37'),
(430, 113, 31, '', 1, 2, 6, 1, '', NULL, '2016-10-21 14:30:37'),
(431, 113, 33, '', 1, 2, 6, 1, '', NULL, '2016-10-21 14:30:37'),
(432, 113, 34, '', 1, 2, 6, 1, '', NULL, '2016-10-21 14:30:37'),
(433, 113, 36, '', 2, 2, 6, 1, '', NULL, '2016-10-21 14:30:37'),
(434, 113, 39, '', 1, 2, 6, 1, '', NULL, '2016-10-21 14:30:37'),
(435, 113, 44, '', 2, 2, 6, 1, '', NULL, '2016-10-21 14:30:37'),
(436, 114, 1, '', 1, 2, 9, 1, '', NULL, '2016-10-21 14:31:54'),
(437, 114, 14, '', 1, 2, 9, 1, '', NULL, '2016-10-21 14:31:55'),
(438, 114, 26, '', 1, 2, 9, 1, '', NULL, '2016-10-21 14:31:55'),
(439, 114, 27, '', 2, 2, 9, 1, '', NULL, '2016-10-21 14:31:55'),
(440, 114, 31, '', 1, 2, 9, 1, '', NULL, '2016-10-21 14:31:55'),
(441, 114, 33, '', 1, 2, 9, 1, '', NULL, '2016-10-21 14:31:55'),
(442, 114, 34, '', 1, 2, 9, 1, '', NULL, '2016-10-21 14:31:55'),
(443, 114, 36, '', 1, 2, 9, 1, '', NULL, '2016-10-21 14:31:55'),
(444, 114, 39, '', 1, 2, 9, 1, '', NULL, '2016-10-21 14:31:55'),
(445, 114, 44, '', 2, 2, 9, 1, '', NULL, '2016-10-21 14:31:55'),
(446, NULL, 1, '', -1, 2, 9, 3, '', '', '2016-10-21 19:35:05'),
(447, NULL, 14, '', -1, 2, 9, 3, '', '', '2016-10-21 20:09:07'),
(448, NULL, 27, '', -2, 2, 9, 3, '', '', '2016-10-21 20:09:21'),
(449, NULL, 26, '', -1, 2, 9, 3, '', '', '2016-10-21 20:09:30'),
(450, NULL, 31, '', -1, 2, 9, 3, '', '', '2016-10-21 20:09:39'),
(451, NULL, 39, '', -1, 2, 9, 3, '', '', '2016-10-21 20:09:47'),
(452, NULL, 44, '', -2, 0, 0, 3, '', '', '2016-10-21 20:10:07'),
(453, NULL, 44, '', -2, 2, 9, 3, '', '', '2016-10-21 20:10:22'),
(454, NULL, 34, '', -1, 2, 9, 3, '', '', '2016-10-21 20:10:31'),
(455, NULL, 36, '', -1, 2, 9, 3, '', '', '2016-10-21 20:10:50'),
(456, NULL, 33, '', -1, 2, 9, 3, '', '', '2016-10-21 20:11:00'),
(457, NULL, 1, '', -1, 2, 6, 3, '', '', '2016-10-21 20:22:38'),
(458, NULL, 14, '', -1, 2, 6, 3, '', '', '2016-10-21 20:22:48'),
(459, NULL, 26, '', -1, 2, 6, 3, '', '', '2016-10-21 20:22:59'),
(460, NULL, 27, '', -2, 2, 6, 3, '', '', '2016-10-21 20:23:12'),
(461, NULL, 31, '', -1, 2, 6, 3, '', '', '2016-10-21 20:23:23'),
(462, NULL, 33, '', -1, 2, 6, 3, '', '', '2016-10-21 20:23:32'),
(463, NULL, 34, '', -1, 2, 6, 3, '', '', '2016-10-21 20:23:41'),
(464, NULL, 36, '', -2, 2, 6, 3, '', '', '2016-10-21 20:23:51'),
(465, NULL, 44, '', -2, 2, 6, 3, '', '', '2016-10-21 20:24:01'),
(466, NULL, 39, '', -1, 2, 6, 3, '', '', '2016-10-21 20:24:11'),
(467, 115, 1, '', 1, 2, 6, 4, '', NULL, '2016-10-22 11:09:29'),
(468, 115, 14, '', 1, 2, 6, 4, '', NULL, '2016-10-22 11:09:29'),
(469, 115, 26, '', 1, 2, 6, 4, '', NULL, '2016-10-22 11:09:29'),
(470, 115, 27, '', 2, 2, 6, 4, '', NULL, '2016-10-22 11:09:29'),
(471, 115, 31, '', 1, 2, 6, 4, '', NULL, '2016-10-22 11:09:29'),
(472, 115, 33, '', 1, 2, 6, 4, '', NULL, '2016-10-22 11:09:29'),
(473, 115, 34, '', 1, 2, 6, 4, '', NULL, '2016-10-22 11:09:29'),
(474, 115, 36, '', 2, 2, 6, 4, '', NULL, '2016-10-22 11:09:30'),
(475, 115, 39, '', 1, 2, 6, 4, '', NULL, '2016-10-22 11:09:30'),
(476, 115, 44, '', 2, 2, 6, 4, '', NULL, '2016-10-22 11:09:30'),
(477, 116, 1, '', 1, 2, 9, 4, '', NULL, '2016-10-22 11:09:38'),
(478, 116, 14, '', 1, 2, 9, 4, '', NULL, '2016-10-22 11:09:39'),
(479, 116, 26, '', 1, 2, 9, 4, '', NULL, '2016-10-22 11:09:39'),
(480, 116, 27, '', 2, 2, 9, 4, '', NULL, '2016-10-22 11:09:39'),
(481, 116, 31, '', 1, 2, 9, 4, '', NULL, '2016-10-22 11:09:39'),
(482, 116, 33, '', 1, 2, 9, 4, '', NULL, '2016-10-22 11:09:39'),
(483, 116, 34, '', 1, 2, 9, 4, '', NULL, '2016-10-22 11:09:39'),
(484, 116, 36, '', 1, 2, 9, 4, '', NULL, '2016-10-22 11:09:39'),
(485, 116, 39, '', 1, 2, 9, 4, '', NULL, '2016-10-22 11:09:39'),
(486, 116, 44, '', 2, 2, 9, 4, '', NULL, '2016-10-22 11:09:39'),
(487, 117, 1, '', 1, 2, 10, 1, '', NULL, '2016-10-22 11:22:57'),
(488, 117, 36, '', 2, 2, 10, 1, '', NULL, '2016-10-22 11:22:57'),
(489, 117, 39, '', 1, 2, 10, 1, '', NULL, '2016-10-22 11:22:57'),
(490, 117, 44, '', 2, 2, 10, 1, '', NULL, '2016-10-22 11:22:58'),
(491, 117, 31, '', 1, 2, 10, 1, '', NULL, '2016-10-22 11:22:58'),
(492, 117, 33, '', 1, 2, 10, 1, '', NULL, '2016-10-22 11:22:58'),
(493, 117, 34, '', 1, 2, 10, 1, '', NULL, '2016-10-22 11:22:58'),
(494, 117, 27, '', 2, 2, 10, 1, '', NULL, '2016-10-22 11:22:58'),
(495, 117, 14, '', 1, 2, 10, 1, '', NULL, '2016-10-22 11:22:58'),
(496, 117, 26, '', 1, 2, 10, 1, '', NULL, '2016-10-22 11:22:58'),
(497, NULL, 1, '', -1, 2, 10, 3, '', '', '2016-10-22 15:18:14'),
(498, NULL, 31, '', -1, 2, 10, 3, '', '', '2016-10-22 15:18:25'),
(499, NULL, 33, '', -1, 2, 10, 3, '', '', '2016-10-22 15:18:39'),
(500, NULL, 34, '', -1, 2, 10, 3, '', '', '2016-10-22 15:18:52'),
(501, NULL, 36, '', -1, 2, 10, 3, '', '', '2016-10-22 15:19:04'),
(502, NULL, 39, '', -1, 2, 10, 3, '', '', '2016-10-22 15:19:17'),
(503, NULL, 44, '', -2, 2, 10, 3, '', '', '2016-10-22 15:19:33'),
(504, 118, 25, '', 1, 2, 10, 1, '', NULL, '2016-10-22 18:35:45'),
(505, NULL, 25, '', -1, 2, 10, 2, '', '508', '2016-10-22 18:37:11'),
(506, 119, 1, '', 1, 2, 10, 4, '', NULL, '2016-10-22 21:24:52'),
(507, 119, 31, '', 1, 2, 10, 4, '', NULL, '2016-10-22 21:24:52'),
(508, 119, 33, '', 1, 2, 10, 4, '', NULL, '2016-10-22 21:24:52'),
(509, 119, 34, '', 1, 2, 10, 4, '', NULL, '2016-10-22 21:24:52'),
(510, 119, 36, '', 1, 2, 10, 4, '', NULL, '2016-10-22 21:24:52'),
(511, 119, 39, '', 1, 2, 10, 4, '', NULL, '2016-10-22 21:24:52'),
(512, 119, 44, '', 2, 2, 10, 4, '', NULL, '2016-10-22 21:24:52'),
(513, 120, 1, '', 1, 2, 5, 1, '', NULL, '2016-10-24 07:44:57'),
(514, 120, 14, '', 1, 2, 5, 1, '', NULL, '2016-10-24 07:44:58'),
(515, 120, 26, '', 1, 2, 5, 1, '', NULL, '2016-10-24 07:44:58'),
(516, 120, 27, '', 2, 2, 5, 1, '', NULL, '2016-10-24 07:44:58'),
(517, 120, 31, '', 1, 2, 5, 1, '', NULL, '2016-10-24 07:44:58'),
(518, 120, 33, '', 1, 2, 5, 1, '', NULL, '2016-10-24 07:44:58'),
(519, 120, 34, '', 1, 2, 5, 1, '', NULL, '2016-10-24 07:44:58'),
(520, 120, 39, '', 1, 2, 5, 1, '', NULL, '2016-10-24 07:44:58'),
(521, 120, 44, '', 2, 2, 5, 1, '', NULL, '2016-10-24 07:44:58'),
(522, 121, 1, '', 1, 2, 7, 1, '', NULL, '2016-10-24 07:46:08'),
(523, 121, 14, '', 1, 2, 7, 1, '', NULL, '2016-10-24 07:46:08'),
(524, 121, 26, '', 1, 2, 7, 1, '', NULL, '2016-10-24 07:46:08'),
(525, 121, 27, '', 2, 2, 7, 1, '', NULL, '2016-10-24 07:46:08'),
(526, 121, 31, '', 1, 2, 7, 1, '', NULL, '2016-10-24 07:46:08'),
(527, 121, 33, '', 1, 2, 7, 1, '', NULL, '2016-10-24 07:46:09'),
(528, 121, 34, '', 1, 2, 7, 1, '', NULL, '2016-10-24 07:46:09'),
(529, 121, 36, '', 2, 2, 7, 1, '', NULL, '2016-10-24 07:46:09'),
(530, 121, 39, '', 1, 2, 7, 1, '', NULL, '2016-10-24 07:46:09'),
(531, 121, 44, '', 2, 2, 7, 1, '', NULL, '2016-10-24 07:46:09'),
(532, NULL, 14, '', -1, 2, 10, 3, '', '', '2016-10-24 09:41:51'),
(533, NULL, 26, '', -1, 2, 10, 3, '', '', '2016-10-24 09:41:58'),
(534, NULL, 27, '', -2, 2, 10, 3, '', '', '2016-10-24 09:42:09'),
(535, NULL, 36, '', -1, 2, 10, 3, '', '', '2016-10-24 09:42:19'),
(536, 122, 14, '', 1, 2, 10, 4, '', NULL, '2016-10-24 09:43:09'),
(537, 122, 26, '', 1, 2, 10, 4, '', NULL, '2016-10-24 09:43:09'),
(538, 122, 27, '', 2, 2, 10, 4, '', NULL, '2016-10-24 09:43:09'),
(539, 122, 36, '', 1, 2, 10, 4, '', NULL, '2016-10-24 09:43:09');

-- --------------------------------------------------------

--
-- Struktura tabeli dla tabeli `service_status`
--

CREATE TABLE IF NOT EXISTS `service_status` (
  `id` int(11) NOT NULL AUTO_INCREMENT,
  `name` varchar(255) COLLATE latin2_bin NOT NULL,
  PRIMARY KEY (`id`)
) ENGINE=InnoDB  DEFAULT CHARSET=latin2 COLLATE=latin2_bin AUTO_INCREMENT=5 ;

--
-- Zrzut danych tabeli `service_status`
--

INSERT INTO `service_status` (`id`, `name`) VALUES
(1, 'Otrzymano z magazynu'),
(2, 'Montaż w automacie'),
(3, 'Do zwrotu'),
(4, 'Zwrócono na magazyn');

-- --------------------------------------------------------

--
-- Struktura tabeli dla tabeli `storage`
--

CREATE TABLE IF NOT EXISTS `storage` (
  `id` int(11) NOT NULL AUTO_INCREMENT,
  `name` varchar(255) COLLATE latin2_bin NOT NULL,
  PRIMARY KEY (`id`)
) ENGINE=InnoDB  DEFAULT CHARSET=latin2 COLLATE=latin2_bin AUTO_INCREMENT=3 ;

--
-- Zrzut danych tabeli `storage`
--

INSERT INTO `storage` (`id`, `name`) VALUES
(1, 'Magazyn Warszawa'),
(2, 'Magazyn Wrocław');

-- --------------------------------------------------------

--
-- Struktura tabeli dla tabeli `users`
--

CREATE TABLE IF NOT EXISTS `users` (
  `id` int(11) NOT NULL AUTO_INCREMENT,
  `login` varchar(255) COLLATE latin2_bin NOT NULL,
  `password` varchar(255) COLLATE latin2_bin NOT NULL,
  `user_name` varchar(255) COLLATE latin2_bin NOT NULL,
  `email` varchar(255) COLLATE latin2_bin NOT NULL,
  `user_group_id` int(11) NOT NULL,
  `storage_id` int(11) NOT NULL,
  `is_active` enum('0','1') COLLATE latin2_bin NOT NULL DEFAULT '1',
  PRIMARY KEY (`id`)
) ENGINE=InnoDB  DEFAULT CHARSET=latin2 COLLATE=latin2_bin AUTO_INCREMENT=20 ;

--
-- Zrzut danych tabeli `users`
--

INSERT INTO `users` (`id`, `login`, `password`, `user_name`, `email`, `user_group_id`, `storage_id`, `is_active`) VALUES
(1, 'mennica_test', 'fa8d52b91c0742b7f2f983bd978c453c', 'mennica test', '', 1, 0, '1'),
(2, 'vector_test', '1edabd3ab3a3b8acf3efd272f613380f', 'vector test', '', 2, 2, '1'),
(3, 'serwisant1', '6cce4ad64dc940b1f7a60ea642dd5fb0', 'serwisant', '', 3, 1, '1'),
(4, 'manager', '1d0258c2440a8d19e716292b231e3190', 'manager', '', 4, 0, '1'),
(5, 'blarkowski', 'c18761d2e84d55d1eac111eedcbebb66', 'Bartosz Larkowski', 'blarkowski@vectorsoft.pl ', 3, 2, '1'),
(6, 'abuller', '9292153d210693abbe00dc0c3db99c21', 'Artur Buller', 'abuller@vectorsoft.pl', 3, 2, '1'),
(7, 'smiernik', 'e18fd59926017dd7378db77487f8de1e', 'Szymon Miernik', 'smiernik@vectorsoft.pl', 3, 2, '1'),
(8, 'wsliwa', 'ad3702c2bf9407673ea885482274c128', 'Wojciech Śliwa', 'wsliwa@vectorsoft.pl', 3, 2, '1'),
(9, 'lmazurowski', '67618b7f04ffa71c67b6b5bebfc20953', 'Łukasz Mazurowski', 'lmazurowski@vectorsoft.pl', 3, 2, '1'),
(10, 'cskwarzynski', 'd85684ec91478e549da228b0c358a2cc', 'Cezary Skwarzyński', 'cskwarzynski@vectorsoft.pl', 3, 2, '1'),
(11, 'wperko', 'f68ae8b3314b2c66ede3f6c8ccb77414', 'Wojciech Perko', 'wperko@vectorsoft.pl', 3, 2, '1'),
(12, 'kmelewski', 'b23cd911ba8c898cf1bb7e17ecc0b271', 'Krzysztof Melewski', 'kmelewski@vectorsoft.pl', 3, 2, '1'),
(13, 'msieradzki', 'f2069b44521e12d51313538a55c4e96c', 'Mariusz Sieradzki', 'msieradzki@vectorsoft.pl', 3, 2, '1'),
(14, 'tkarabiniewicz', '889b5b5ee64dcd534ea9c4fd9a8dd267', 'Tomasz Karabiniewicz', 'tkarabiniewicz@vectorsoft.pl', 3, 2, '1'),
(15, 'kjasinski', '812849e5c899b6bf2c88a7b4d2515bee', 'Krzysztof Jasiński', 'kjasinski@vectorsoft.pl', 2, 2, '1'),
(16, 'kkowalczyk', '5377795a179d58f1edf5d6253e5b0ce7', 'Konrad Kowalczyk', 'kkowalczyk@vetorsoft.pl', 2, 2, '1'),
(17, 'mprzybylski', 'a0daad0e6daa28af3d2a4f06029a0b43', 'Michał Przybylski', 'mprzybylski@vectorsoft.pl', 2, 2, '1'),
(18, 'kwiaterski', 'f88990a8212454ecc8c141a6e1098393', 'Konrad Wiaterski', '', 1, 0, '1'),
(19, 'ddawidczyk', '1f65262db75062be18a5f3f2965b023b', 'Dariusz Dawidczyk', '', 1, 0, '1');

-- --------------------------------------------------------

--
-- Struktura tabeli dla tabeli `users_group`
--

CREATE TABLE IF NOT EXISTS `users_group` (
  `id` int(11) NOT NULL AUTO_INCREMENT,
  `name` varchar(255) COLLATE latin2_bin NOT NULL,
  PRIMARY KEY (`id`)
) ENGINE=InnoDB  DEFAULT CHARSET=latin2 COLLATE=latin2_bin AUTO_INCREMENT=5 ;

--
-- Zrzut danych tabeli `users_group`
--

INSERT INTO `users_group` (`id`, `name`) VALUES
(1, 'mennica'),
(2, 'vectorsoft_magazyn'),
(3, 'serwisant'),
(4, 'manager');

/*!40101 SET CHARACTER_SET_CLIENT=@OLD_CHARACTER_SET_CLIENT */;
/*!40101 SET CHARACTER_SET_RESULTS=@OLD_CHARACTER_SET_RESULTS */;
/*!40101 SET COLLATION_CONNECTION=@OLD_COLLATION_CONNECTION */;
