-- phpMyAdmin SQL Dump
-- version 3.5.2.2
-- http://www.phpmyadmin.net
--
-- Host: localhost
-- Czas wygenerowania: 16 Lis 2016, 15:09
-- Wersja serwera: 5.1.56-log
-- Wersja PHP: 5.3.27

SET SQL_MODE="NO_AUTO_VALUE_ON_ZERO";
SET time_zone = "+00:00";


/*!40101 SET @OLD_CHARACTER_SET_CLIENT=@@CHARACTER_SET_CLIENT */;
/*!40101 SET @OLD_CHARACTER_SET_RESULTS=@@CHARACTER_SET_RESULTS */;
/*!40101 SET @OLD_COLLATION_CONNECTION=@@COLLATION_CONNECTION */;
/*!40101 SET NAMES utf8 */;

--
-- Baza danych: `mennica_magazyn`
--
CREATE DATABASE `mennica_magazyn` DEFAULT CHARACTER SET latin1 COLLATE latin1_swedish_ci;
USE `mennica_magazyn`;

-- --------------------------------------------------------

--
-- Struktura tabeli dla tabeli `arrival_items`
--

CREATE TABLE IF NOT EXISTS `arrival_items` (
  `id` int(11) NOT NULL AUTO_INCREMENT,
  `product_id` int(11) NOT NULL,
  `quantity` int(11) NOT NULL,
  `arrival_id` int(11) NOT NULL,
  `arrival_type_id` int(11) NOT NULL,
  `storage_id` int(11) NOT NULL,
  PRIMARY KEY (`id`)
) ENGINE=InnoDB  DEFAULT CHARSET=latin2 COLLATE=latin2_bin AUTO_INCREMENT=2213 ;

--
-- Zrzut danych tabeli `arrival_items`
--

INSERT INTO `arrival_items` (`id`, `product_id`, `quantity`, `arrival_id`, `arrival_type_id`, `storage_id`) VALUES
(1, 1, 14, 1, 1, 2),
(2, 2, 1, 1, 1, 2),
(3, 3, 2, 1, 1, 2),
(4, 4, 15, 1, 1, 2),
(5, 5, 2, 1, 1, 2),
(6, 7, 13, 1, 1, 2),
(7, 8, 6, 1, 1, 2),
(8, 9, 5, 1, 1, 2),
(9, 10, 5, 1, 1, 2),
(10, 11, 5, 1, 1, 2),
(11, 12, 2, 1, 1, 2),
(12, 13, 4, 1, 1, 2),
(13, 14, 18, 1, 1, 2),
(14, 16, 5, 1, 1, 2),
(15, 17, 5, 1, 1, 2),
(16, 18, 13, 1, 1, 2),
(17, 19, 1, 1, 1, 2),
(18, 21, 1, 1, 1, 2),
(19, 22, 19, 1, 1, 2),
(20, 24, 3, 1, 1, 2),
(21, 25, 6, 1, 1, 2),
(22, 26, 10, 1, 1, 2),
(23, 27, 43, 1, 1, 2),
(24, 28, 10, 1, 1, 2),
(25, 29, 1, 1, 1, 2),
(26, 30, 3, 1, 1, 2),
(27, 31, 7, 1, 1, 2),
(28, 32, 1, 1, 1, 2),
(29, 33, 9, 1, 1, 2),
(30, 34, 12, 1, 1, 2),
(31, 35, 11, 1, 1, 2),
(32, 36, 13, 1, 1, 2),
(33, 37, 7, 1, 1, 2),
(34, 39, 7, 1, 1, 2),
(35, 40, 10, 1, 1, 2),
(36, 41, 9, 1, 1, 2),
(37, 42, 30, 1, 1, 2),
(38, 43, 5, 1, 1, 2),
(39, 44, 13, 1, 1, 2),
(40, 61, 19, 1, 1, 2),
(41, 78, 2, 1, 1, 2),
(42, 7, -1, 2, 2, 2),
(43, 7, -1, 3, 2, 2),
(44, 7, -1, 4, 2, 2),
(45, 25, -1, 4, 2, 2),
(46, 45, 1, 5, 1, 2),
(47, 49, 2, 5, 1, 2),
(48, 52, 5, 5, 1, 2),
(49, 55, 1, 5, 1, 2),
(50, 58, 38, 5, 1, 2),
(51, 64, 13, 5, 1, 2),
(52, 65, 18, 5, 1, 2),
(53, 66, 23, 5, 1, 2),
(54, 67, 42, 5, 1, 2),
(55, 68, 7, 5, 1, 2),
(56, 69, 31, 5, 1, 2),
(57, 73, 121, 5, 1, 2),
(58, 74, 7, 5, 1, 2),
(59, 75, 40, 5, 1, 2),
(60, 76, 12, 5, 1, 2),
(61, 77, 4, 5, 1, 2),
(62, 79, 3, 5, 1, 2),
(63, 80, 2, 5, 1, 2),
(64, 81, 2, 5, 1, 2),
(65, 82, 4, 5, 1, 2),
(66, 83, 2, 5, 1, 2),
(67, 84, 1, 5, 1, 2),
(68, 85, 2, 5, 1, 2),
(69, 86, 1, 5, 1, 2),
(70, 87, 1, 5, 1, 2),
(71, 88, 3, 5, 1, 2),
(72, 89, 2, 5, 1, 2),
(73, 90, 1, 5, 1, 2),
(74, 91, 10, 5, 1, 2),
(75, 92, 19, 5, 1, 2),
(76, 93, 4, 5, 1, 2),
(77, 94, 2, 5, 1, 2),
(78, 95, 2, 5, 1, 2),
(79, 96, 2, 5, 1, 2),
(80, 97, 2, 5, 1, 2),
(81, 105, 5, 5, 1, 2),
(82, 106, 2, 5, 1, 2),
(83, 108, 5, 5, 1, 2),
(84, 109, 1, 5, 1, 2),
(85, 110, 2, 5, 1, 2),
(86, 111, 1, 5, 1, 2),
(87, 113, 5, 5, 1, 2),
(88, 114, 2, 5, 1, 2),
(89, 115, 7, 5, 1, 2),
(90, 116, 10, 5, 1, 2),
(91, 117, 20, 5, 1, 2),
(92, 118, 6, 5, 1, 2),
(93, 119, 7, 5, 1, 2),
(94, 120, 46, 5, 1, 2),
(95, 121, 4, 5, 1, 2),
(96, 122, 28, 5, 1, 2),
(97, 123, 8, 5, 1, 2),
(98, 124, 2, 5, 1, 2),
(99, 125, 1, 5, 1, 2),
(100, 7, 1, 7, 3, 2),
(101, 25, 1, 7, 3, 2),
(102, 30, -1, 8, 2, 2),
(103, 46, 4, 9, 1, 2),
(104, 50, 3, 9, 1, 2),
(105, 51, 5, 9, 1, 2),
(106, 63, 55, 9, 1, 2),
(107, 90, 1, 9, 1, 2),
(108, 99, 5, 9, 1, 2),
(109, 100, 5, 9, 1, 2),
(110, 101, 7, 9, 1, 2),
(111, 102, 2, 9, 1, 2),
(112, 103, 2, 9, 1, 2),
(113, 104, 3, 9, 1, 2),
(114, 98, 16, 10, 1, 2),
(115, 112, 14, 10, 1, 2),
(116, 7, -1, 11, 2, 2),
(117, 42, 30, 12, 1, 2),
(118, 126, 2, 12, 1, 2),
(119, 126, -1, 13, 2, 2),
(120, 7, -1, 14, 2, 2),
(121, 93, -1, 15, 2, 2),
(122, 7, 1, 16, 3, 2),
(123, 7, -1, 17, 2, 2),
(124, 14, -1, 17, 2, 2),
(125, 43, -1, 18, 2, 2),
(126, 65, -1, 19, 2, 2),
(127, 1, -1, 20, 2, 2),
(128, 75, -1, 21, 2, 2),
(129, 66, -1, 22, 2, 2),
(130, 7, -1, 23, 2, 2),
(131, 31, -1, 23, 2, 2),
(132, 43, -2, 23, 2, 2),
(133, 42, -3, 23, 2, 2),
(134, 65, 1, 24, 4, 2),
(135, 44, -1, 25, 2, 2),
(136, 42, -1, 26, 2, 2),
(137, 14, -1, 27, 2, 2),
(138, 42, -10, 27, 2, 2),
(139, 42, -10, 28, 2, 2),
(140, 14, -1, 28, 2, 2),
(141, 31, -1, 28, 2, 2),
(142, 7, 1, 29, 3, 2),
(143, 42, 2, 29, 3, 2),
(144, 43, 2, 29, 3, 2),
(145, 42, -10, 30, 2, 2),
(146, 42, 7, 31, 3, 2),
(147, 42, -1, 32, 2, 2),
(148, 44, -2, 33, 2, 2),
(149, 44, 1, 34, 4, 2),
(150, 44, 1, 35, 3, 2),
(151, 11, -1, 36, 2, 2),
(152, 17, -1, 37, 2, 2),
(153, 33, -1, 37, 2, 2),
(154, 34, -1, 37, 2, 2),
(155, 42, -2, 37, 2, 2),
(156, 1, -2, 37, 2, 2),
(157, 44, -2, 37, 2, 2),
(158, 39, -2, 37, 2, 2),
(159, 30, -1, 38, 2, 2),
(160, 42, -8, 39, 2, 2),
(161, 1, 2, 40, 3, 2),
(162, 17, 1, 40, 3, 2),
(163, 33, 1, 40, 3, 2),
(164, 34, 1, 40, 3, 2),
(165, 39, 2, 40, 3, 2),
(166, 42, 1, 40, 3, 2),
(167, 44, 2, 40, 3, 2),
(168, 93, -1, 41, 2, 2),
(169, 46, -1, 41, 2, 2),
(170, 42, -1, 42, 2, 2),
(171, 33, -1, 43, 2, 2),
(172, 44, -1, 43, 2, 2),
(173, 34, -1, 44, 2, 2),
(174, 44, -1, 45, 2, 2),
(175, 7, -1, 46, 2, 2),
(176, 33, 1, 47, 4, 2),
(177, 42, 1, 47, 4, 2),
(178, 44, -2, 48, 2, 2),
(179, 44, 2, 49, 3, 2),
(180, 46, 1, 49, 3, 2),
(181, 42, -5, 50, 2, 2),
(182, 44, -3, 51, 2, 2),
(183, 44, -3, 52, 2, 2),
(184, 39, -1, 52, 2, 2),
(185, 34, -1, 52, 2, 2),
(186, 44, 2, 53, 3, 2),
(187, 42, 8, 54, 3, 2),
(188, 43, 1, 55, 4, 2),
(189, 42, -4, 56, 2, 2),
(190, 42, -2, 57, 2, 2),
(191, 33, -1, 57, 2, 2),
(192, 34, -1, 57, 2, 2),
(193, 17, -1, 57, 2, 2),
(194, 39, -1, 57, 2, 2),
(195, 44, -2, 57, 2, 2),
(196, 1, -1, 57, 2, 2),
(197, 7, -1, 57, 2, 2),
(198, 42, -4, 58, 2, 2),
(199, 7, -1, 58, 2, 2),
(200, 7, 1, 59, 3, 2),
(201, 42, 13, 59, 3, 2),
(202, 42, -25, 60, 2, 2),
(203, 7, -1, 61, 2, 2),
(204, 7, 1, 62, 3, 2),
(205, 44, 3, 62, 3, 2),
(206, 34, 1, 63, 4, 2),
(207, 1, 1, 65, 3, 2),
(208, 17, 1, 65, 3, 2),
(209, 33, 1, 65, 3, 2),
(210, 34, 1, 65, 3, 2),
(211, 39, 1, 65, 3, 2),
(212, 42, 2, 65, 3, 2),
(213, 44, 2, 65, 3, 2),
(214, 42, -7, 66, 2, 2),
(215, 17, -1, 67, 2, 2),
(216, 7, -1, 67, 2, 2),
(217, 26, -1, 67, 2, 2),
(218, 127, 1, 68, 1, 2),
(219, 7, 1, 69, 3, 2),
(220, 26, 1, 69, 3, 2),
(221, 113, -1, 70, 2, 2),
(222, 24, -1, 70, 2, 2),
(223, 127, -1, 70, 2, 2),
(224, 7, -1, 71, 2, 2),
(225, 26, -1, 71, 2, 2),
(226, 7, -1, 72, 2, 2),
(227, 7, 1, 73, 3, 2),
(228, 42, 3, 73, 3, 2),
(229, 44, -1, 74, 2, 2),
(230, 7, -1, 75, 2, 2),
(231, 7, 1, 76, 3, 2),
(232, 44, 1, 76, 3, 2),
(233, 7, -1, 77, 2, 2),
(234, 7, 1, 78, 3, 2),
(235, 113, 1, 78, 3, 2),
(236, 42, -1, 79, 2, 2),
(237, 95, -1, 80, 2, 2),
(238, 44, -4, 81, 2, 2),
(239, 7, 3, 82, 4, 2),
(240, 30, 1, 82, 4, 2),
(241, 7, 1, 83, 4, 2),
(242, 34, -1, 84, 2, 2),
(243, 33, -1, 84, 2, 2),
(244, 39, -1, 84, 2, 2),
(245, 1, -1, 84, 2, 2),
(246, 42, -3, 84, 2, 2),
(247, 44, -1, 84, 2, 2),
(248, 14, -1, 84, 2, 2),
(249, 7, -1, 85, 2, 2),
(250, 7, 1, 86, 3, 2),
(251, 42, 1, 86, 3, 2),
(252, 44, -1, 87, 2, 2),
(253, 42, -1, 87, 2, 2),
(254, 44, 4, 88, 3, 2),
(255, 1, 1, 89, 3, 2),
(256, 14, 1, 89, 3, 2),
(257, 33, 1, 89, 3, 2),
(258, 34, 1, 89, 3, 2),
(259, 39, 1, 89, 3, 2),
(260, 42, 4, 89, 3, 2),
(261, 44, 1, 89, 3, 2),
(262, 61, -1, 90, 2, 2),
(263, 14, -1, 91, 2, 2),
(264, 65, -2, 92, 2, 2),
(265, 25, -1, 93, 2, 2),
(266, 17, -4, 93, 2, 2),
(267, 42, -4, 93, 2, 2),
(268, 42, 1, 94, 3, 2),
(269, 61, -1, 95, 2, 2),
(270, 121, -1, 95, 2, 2),
(271, 65, -1, 96, 2, 2),
(272, 65, -1, 97, 2, 2),
(273, 7, -2, 98, 2, 2),
(274, 7, -1, 99, 2, 2),
(275, 42, -1, 101, 2, 2),
(276, 44, 1, 102, 4, 2),
(277, 33, -1, 103, 2, 2),
(278, 34, -1, 103, 2, 2),
(279, 39, -1, 103, 2, 2),
(280, 44, -1, 103, 2, 2),
(281, 26, -1, 103, 2, 2),
(282, 27, -2, 103, 2, 2),
(283, 36, -2, 103, 2, 2),
(284, 1, -1, 103, 2, 2),
(285, 14, -1, 103, 2, 2),
(286, 31, -1, 103, 2, 2),
(287, 1, 1, 104, 3, 2),
(288, 14, 1, 104, 3, 2),
(289, 26, 1, 104, 3, 2),
(290, 27, 2, 104, 3, 2),
(291, 31, 1, 104, 3, 2),
(292, 33, 1, 104, 3, 2),
(293, 34, 1, 104, 3, 2),
(294, 36, 2, 104, 3, 2),
(295, 39, 1, 104, 3, 2),
(296, 44, 1, 104, 3, 2),
(297, 14, -1, 105, 2, 2),
(298, 31, -1, 105, 2, 2),
(299, 18, -1, 106, 2, 2),
(300, 27, -1, 106, 2, 2),
(301, 1, -1, 107, 2, 2),
(302, 26, -1, 107, 2, 2),
(303, 27, -1, 107, 2, 2),
(304, 31, -1, 107, 2, 2),
(305, 33, -1, 107, 2, 2),
(306, 34, -1, 107, 2, 2),
(307, 36, -2, 107, 2, 2),
(308, 39, -1, 107, 2, 2),
(309, 44, -2, 107, 2, 2),
(310, 1, -1, 108, 2, 2),
(311, 14, -1, 108, 2, 2),
(312, 26, -1, 108, 2, 2),
(313, 27, -1, 108, 2, 2),
(314, 31, -1, 108, 2, 2),
(315, 33, -1, 108, 2, 2),
(316, 34, -1, 108, 2, 2),
(317, 36, -2, 108, 2, 2),
(318, 39, -1, 108, 2, 2),
(319, 44, -2, 108, 2, 2),
(320, 27, 1, 109, 4, 2),
(321, 31, 1, 110, 3, 2),
(322, 1, 1, 111, 3, 2),
(323, 26, 1, 111, 3, 2),
(324, 27, 1, 111, 3, 2),
(325, 31, 1, 111, 3, 2),
(326, 33, 1, 111, 3, 2),
(327, 34, 1, 111, 3, 2),
(328, 36, 2, 111, 3, 2),
(329, 39, 1, 111, 3, 2),
(330, 44, 2, 111, 3, 2),
(331, 1, 1, 112, 3, 2),
(332, 14, 1, 112, 3, 2),
(333, 26, 1, 112, 3, 2),
(334, 27, 1, 112, 3, 2),
(335, 31, 1, 112, 3, 2),
(336, 33, 1, 112, 3, 2),
(337, 34, 1, 112, 3, 2),
(338, 36, 2, 112, 3, 2),
(339, 39, 1, 112, 3, 2),
(340, 44, 2, 112, 3, 2),
(341, 1, -1, 113, 2, 2),
(342, 14, -1, 113, 2, 2),
(343, 26, -1, 113, 2, 2),
(344, 27, -2, 113, 2, 2),
(345, 31, -1, 113, 2, 2),
(346, 33, -1, 113, 2, 2),
(347, 34, -1, 113, 2, 2),
(348, 36, -2, 113, 2, 2),
(349, 39, -1, 113, 2, 2),
(350, 44, -2, 113, 2, 2),
(351, 1, -1, 114, 2, 2),
(352, 14, -1, 114, 2, 2),
(353, 26, -1, 114, 2, 2),
(354, 27, -2, 114, 2, 2),
(355, 31, -1, 114, 2, 2),
(356, 33, -1, 114, 2, 2),
(357, 34, -1, 114, 2, 2),
(358, 36, -1, 114, 2, 2),
(359, 39, -1, 114, 2, 2),
(360, 44, -2, 114, 2, 2),
(361, 1, 1, 115, 3, 2),
(362, 14, 1, 115, 3, 2),
(363, 26, 1, 115, 3, 2),
(364, 27, 2, 115, 3, 2),
(365, 31, 1, 115, 3, 2),
(366, 33, 1, 115, 3, 2),
(367, 34, 1, 115, 3, 2),
(368, 36, 2, 115, 3, 2),
(369, 39, 1, 115, 3, 2),
(370, 44, 2, 115, 3, 2),
(371, 1, 1, 116, 3, 2),
(372, 14, 1, 116, 3, 2),
(373, 26, 1, 116, 3, 2),
(374, 27, 2, 116, 3, 2),
(375, 31, 1, 116, 3, 2),
(376, 33, 1, 116, 3, 2),
(377, 34, 1, 116, 3, 2),
(378, 36, 1, 116, 3, 2),
(379, 39, 1, 116, 3, 2),
(380, 44, 2, 116, 3, 2),
(381, 1, -1, 117, 2, 2),
(382, 36, -2, 117, 2, 2),
(383, 39, -1, 117, 2, 2),
(384, 44, -2, 117, 2, 2),
(385, 31, -1, 117, 2, 2),
(386, 33, -1, 117, 2, 2),
(387, 34, -1, 117, 2, 2),
(388, 27, -2, 117, 2, 2),
(389, 14, -1, 117, 2, 2),
(390, 26, -1, 117, 2, 2),
(391, 25, -1, 118, 2, 2),
(392, 1, 1, 119, 3, 2),
(393, 31, 1, 119, 3, 2),
(394, 33, 1, 119, 3, 2),
(395, 34, 1, 119, 3, 2),
(396, 36, 1, 119, 3, 2),
(397, 39, 1, 119, 3, 2),
(398, 44, 2, 119, 3, 2),
(399, 1, -1, 120, 2, 2),
(400, 14, -1, 120, 2, 2),
(401, 26, -1, 120, 2, 2),
(402, 27, -2, 120, 2, 2),
(403, 31, -1, 120, 2, 2),
(404, 33, -1, 120, 2, 2),
(405, 34, -1, 120, 2, 2),
(406, 39, -1, 120, 2, 2),
(407, 44, -2, 120, 2, 2),
(408, 1, -1, 121, 2, 2),
(409, 14, -1, 121, 2, 2),
(410, 26, -1, 121, 2, 2),
(411, 27, -2, 121, 2, 2),
(412, 31, -1, 121, 2, 2),
(413, 33, -1, 121, 2, 2),
(414, 34, -1, 121, 2, 2),
(415, 36, -2, 121, 2, 2),
(416, 39, -1, 121, 2, 2),
(417, 44, -2, 121, 2, 2),
(418, 14, 1, 122, 3, 2),
(419, 26, 1, 122, 3, 2),
(420, 27, 2, 122, 3, 2),
(421, 36, 1, 122, 3, 2),
(422, 1, 1, 123, 3, 2),
(423, 14, 1, 123, 3, 2),
(424, 26, 1, 123, 3, 2),
(425, 27, 2, 123, 3, 2),
(426, 31, 1, 123, 3, 2),
(427, 33, 1, 123, 3, 2),
(428, 34, 1, 123, 3, 2),
(429, 39, 1, 123, 3, 2),
(430, 44, 2, 123, 3, 2),
(431, 1, 1, 124, 3, 2),
(432, 14, 1, 124, 3, 2),
(433, 26, 1, 124, 3, 2),
(434, 27, 2, 124, 3, 2),
(435, 31, 1, 124, 3, 2),
(436, 33, 1, 124, 3, 2),
(437, 34, 1, 124, 3, 2),
(438, 36, 2, 124, 3, 2),
(439, 39, 1, 124, 3, 2),
(440, 44, 2, 124, 3, 2),
(441, 1, -1, 125, 2, 2),
(442, 14, -1, 125, 2, 2),
(443, 26, -1, 125, 2, 2),
(444, 27, -2, 125, 2, 2),
(445, 31, -1, 125, 2, 2),
(446, 33, -1, 125, 2, 2),
(447, 34, -1, 125, 2, 2),
(448, 36, -2, 125, 2, 2),
(449, 39, -1, 125, 2, 2),
(450, 44, -2, 125, 2, 2),
(451, 1, -1, 126, 2, 2),
(452, 14, -1, 126, 2, 2),
(453, 26, -1, 126, 2, 2),
(454, 27, -2, 126, 2, 2),
(455, 31, -1, 126, 2, 2),
(456, 33, -1, 126, 2, 2),
(457, 34, -1, 126, 2, 2),
(458, 36, -2, 126, 2, 2),
(459, 39, -1, 126, 2, 2),
(460, 44, -2, 126, 2, 2),
(461, 61, -1, 127, 2, 2),
(462, 76, -1, 127, 2, 2),
(463, 99, -1, 127, 2, 2),
(464, 117, -1, 127, 2, 2),
(465, 122, -2, 127, 2, 2),
(466, 101, -1, 127, 2, 2),
(467, 64, -2, 127, 2, 2),
(468, 123, -2, 127, 2, 2),
(469, 115, -2, 127, 2, 2),
(470, 66, -2, 127, 2, 2),
(471, 95, -1, 127, 2, 2),
(472, 112, -2, 127, 2, 2),
(473, 69, -3, 127, 2, 2),
(474, 65, -1, 127, 2, 2),
(475, 73, -6, 127, 2, 2),
(476, 75, -2, 127, 2, 2),
(477, 61, 1, 128, 3, 2),
(478, 64, 2, 128, 3, 2),
(479, 65, 1, 128, 3, 2),
(480, 66, 2, 128, 3, 2),
(481, 69, 3, 128, 3, 2),
(482, 73, 6, 128, 3, 2),
(483, 75, 2, 128, 3, 2),
(484, 76, 1, 128, 3, 2),
(485, 95, 1, 128, 3, 2),
(486, 99, 1, 128, 3, 2),
(487, 101, 1, 128, 3, 2),
(488, 112, 2, 128, 3, 2),
(489, 115, 2, 128, 3, 2),
(490, 117, 1, 128, 3, 2),
(491, 122, 2, 128, 3, 2),
(492, 123, 2, 128, 3, 2),
(493, 1, 1, 129, 3, 2),
(494, 14, 1, 129, 3, 2),
(495, 26, 1, 129, 3, 2),
(496, 27, 2, 129, 3, 2),
(497, 31, 1, 129, 3, 2),
(498, 33, 1, 129, 3, 2),
(499, 34, 1, 129, 3, 2),
(500, 36, 2, 129, 3, 2),
(501, 39, 1, 129, 3, 2),
(502, 44, 2, 129, 3, 2),
(503, 1, 1, 130, 3, 2),
(504, 14, 1, 130, 3, 2),
(505, 26, 1, 130, 3, 2),
(506, 27, 2, 130, 3, 2),
(507, 31, 1, 130, 3, 2),
(508, 33, 1, 130, 3, 2),
(509, 34, 1, 130, 3, 2),
(510, 36, 2, 130, 3, 2),
(511, 39, 1, 130, 3, 2),
(512, 44, 2, 130, 3, 2),
(513, 1, -1, 131, 2, 2),
(514, 14, -1, 131, 2, 2),
(515, 26, -1, 131, 2, 2),
(516, 27, -2, 131, 2, 2),
(517, 31, -1, 131, 2, 2),
(518, 33, -1, 131, 2, 2),
(519, 34, -1, 131, 2, 2),
(520, 36, -2, 131, 2, 2),
(521, 39, -1, 131, 2, 2),
(522, 44, -2, 131, 2, 2),
(523, 1, -1, 132, 2, 2),
(524, 14, -1, 132, 2, 2),
(525, 26, -1, 132, 2, 2),
(526, 27, -2, 132, 2, 2),
(527, 31, -1, 132, 2, 2),
(528, 33, -1, 132, 2, 2),
(529, 34, -1, 132, 2, 2),
(530, 36, -2, 132, 2, 2),
(531, 39, -1, 132, 2, 2),
(532, 44, -2, 132, 2, 2),
(533, 17, 6, 133, 1, 2),
(534, 24, 1, 133, 1, 2),
(535, 58, 36, 133, 1, 2),
(536, 1, 1, 134, 1, 2),
(537, 7, 4, 134, 1, 2),
(538, 11, 1, 134, 1, 2),
(539, 14, 4, 134, 1, 2),
(540, 42, 8, 134, 1, 2),
(541, 25, 2, 134, 1, 2),
(542, 26, 1, 134, 1, 2),
(543, 31, 2, 134, 1, 2),
(544, 33, 4, 134, 1, 2),
(545, 34, 2, 134, 1, 2),
(546, 39, 1, 134, 1, 2),
(547, 44, 1, 134, 1, 2),
(548, 17, -1, 135, 2, 2),
(549, 58, -1, 136, 2, 2),
(550, 1, 1, 137, 3, 2),
(551, 14, 1, 137, 3, 2),
(552, 26, 1, 137, 3, 2),
(553, 27, 2, 137, 3, 2),
(554, 31, 1, 137, 3, 2),
(555, 33, 1, 137, 3, 2),
(556, 34, 1, 137, 3, 2),
(557, 36, 2, 137, 3, 2),
(558, 39, 1, 137, 3, 2),
(559, 44, 2, 137, 3, 2),
(560, 1, -1, 138, 2, 2),
(561, 14, -1, 138, 2, 2),
(562, 26, -1, 138, 2, 2),
(563, 27, -2, 138, 2, 2),
(564, 31, -1, 138, 2, 2),
(565, 33, -1, 138, 2, 2),
(566, 34, -1, 138, 2, 2),
(567, 36, -2, 138, 2, 2),
(568, 39, -1, 138, 2, 2),
(569, 44, -2, 138, 2, 2),
(570, 17, -1, 138, 2, 2),
(571, 1, 1, 139, 3, 2),
(572, 14, 1, 139, 3, 2),
(573, 26, 1, 139, 3, 2),
(574, 27, 2, 139, 3, 2),
(575, 31, 1, 139, 3, 2),
(576, 33, 1, 139, 3, 2),
(577, 34, 1, 139, 3, 2),
(578, 36, 2, 139, 3, 2),
(579, 39, 1, 139, 3, 2),
(580, 44, 2, 139, 3, 2),
(581, 58, -3, 140, 2, 2),
(582, 61, -2, 140, 2, 2),
(583, 76, -1, 140, 2, 2),
(584, 121, -1, 140, 2, 2),
(585, 117, -1, 140, 2, 2),
(586, 122, -2, 140, 2, 2),
(587, 101, -1, 140, 2, 2),
(588, 123, -2, 140, 2, 2),
(589, 64, -2, 140, 2, 2),
(590, 115, -2, 140, 2, 2),
(591, 66, -2, 140, 2, 2),
(592, 95, -1, 140, 2, 2),
(593, 112, -2, 140, 2, 2),
(594, 69, -3, 140, 2, 2),
(595, 65, -2, 140, 2, 2),
(596, 73, -6, 140, 2, 2),
(597, 75, -2, 140, 2, 2),
(598, 58, -3, 141, 2, 2),
(599, 61, -2, 141, 2, 2),
(600, 76, -1, 141, 2, 2),
(601, 121, -1, 141, 2, 2),
(602, 117, -1, 141, 2, 2),
(603, 122, -2, 141, 2, 2),
(604, 101, -1, 141, 2, 2),
(605, 123, -2, 141, 2, 2),
(606, 64, -2, 141, 2, 2),
(607, 115, -2, 141, 2, 2),
(608, 66, -2, 141, 2, 2),
(609, 112, -2, 141, 2, 2),
(610, 69, -3, 141, 2, 2),
(611, 65, -1, 141, 2, 2),
(612, 73, -6, 141, 2, 2),
(613, 75, -2, 141, 2, 2),
(614, 1, -1, 142, 2, 2),
(615, 14, -1, 142, 2, 2),
(616, 26, -1, 142, 2, 2),
(617, 27, -2, 142, 2, 2),
(618, 31, -1, 142, 2, 2),
(619, 33, -1, 142, 2, 2),
(620, 34, -1, 142, 2, 2),
(621, 36, -2, 142, 2, 2),
(622, 39, -1, 142, 2, 2),
(623, 44, -2, 142, 2, 2),
(624, 1, -1, 143, 2, 2),
(625, 14, -1, 143, 2, 2),
(626, 26, -1, 143, 2, 2),
(627, 27, -2, 143, 2, 2),
(628, 31, -1, 143, 2, 2),
(629, 33, -1, 143, 2, 2),
(630, 34, -1, 143, 2, 2),
(631, 36, -2, 143, 2, 2),
(632, 39, -1, 143, 2, 2),
(633, 44, -2, 143, 2, 2),
(634, 58, 3, 144, 3, 2),
(635, 61, 2, 144, 3, 2),
(636, 64, 2, 144, 3, 2),
(637, 65, 1, 144, 3, 2),
(638, 66, 1, 144, 3, 2),
(639, 69, 3, 144, 3, 2),
(640, 73, 6, 144, 3, 2),
(641, 75, 2, 144, 3, 2),
(642, 76, 1, 144, 3, 2),
(643, 101, 1, 144, 3, 2),
(644, 112, 2, 144, 3, 2),
(645, 115, 2, 144, 3, 2),
(646, 117, 1, 144, 3, 2),
(647, 121, 1, 144, 3, 2),
(648, 122, 2, 144, 3, 2),
(649, 123, 2, 144, 3, 2),
(650, 1, 1, 145, 3, 2),
(651, 14, 1, 145, 3, 2),
(652, 26, 1, 145, 3, 2),
(653, 27, 2, 145, 3, 2),
(654, 31, 1, 145, 3, 2),
(655, 33, 1, 145, 3, 2),
(656, 34, 1, 145, 3, 2),
(657, 36, 2, 145, 3, 2),
(658, 39, 1, 145, 3, 2),
(659, 44, 2, 145, 3, 2),
(660, 58, 3, 146, 3, 2),
(661, 61, 2, 146, 3, 2),
(662, 64, 2, 146, 3, 2),
(663, 65, 2, 146, 3, 2),
(664, 66, 2, 146, 3, 2),
(665, 69, 3, 146, 3, 2),
(666, 73, 6, 146, 3, 2),
(667, 75, 2, 146, 3, 2),
(668, 95, 1, 146, 3, 2),
(669, 101, 1, 146, 3, 2),
(670, 112, 2, 146, 3, 2),
(671, 115, 2, 146, 3, 2),
(672, 117, 1, 146, 3, 2),
(673, 121, 1, 146, 3, 2),
(674, 122, 2, 146, 3, 2),
(675, 123, 2, 146, 3, 2),
(676, 30, 1, 147, 4, 2),
(677, 58, -3, 148, 2, 2),
(678, 112, -2, 148, 2, 2),
(679, 69, -3, 148, 2, 2),
(680, 65, -1, 148, 2, 2),
(681, 73, -6, 148, 2, 2),
(682, 75, -2, 148, 2, 2),
(683, 102, -1, 148, 2, 2),
(684, 122, -2, 148, 2, 2),
(685, 64, -2, 148, 2, 2),
(686, 115, -2, 148, 2, 2),
(687, 66, -2, 148, 2, 2),
(688, 121, -1, 148, 2, 2),
(689, 76, -1, 148, 2, 2),
(690, 117, -1, 148, 2, 2),
(691, 95, 0, 148, 2, 2),
(692, 61, -2, 148, 2, 2),
(693, 58, -3, 149, 2, 2),
(694, 61, -2, 149, 2, 2),
(695, 76, -1, 149, 2, 2),
(696, 121, -1, 149, 2, 2),
(697, 117, -1, 149, 2, 2),
(698, 122, -2, 149, 2, 2),
(699, 101, -1, 149, 2, 2),
(700, 123, -2, 149, 2, 2),
(701, 64, -2, 149, 2, 2),
(702, 115, -2, 149, 2, 2),
(703, 66, -2, 149, 2, 2),
(704, 95, -1, 149, 2, 2),
(705, 112, -2, 149, 2, 2),
(706, 69, -3, 149, 2, 2),
(707, 65, -2, 149, 2, 2),
(708, 73, -6, 149, 2, 2),
(709, 75, -2, 149, 2, 2),
(710, 1, 1, 150, 3, 2),
(711, 14, 1, 150, 3, 2),
(712, 26, 1, 150, 3, 2),
(713, 27, 2, 150, 3, 2),
(714, 31, 1, 150, 3, 2),
(715, 33, 1, 150, 3, 2),
(716, 34, 1, 150, 3, 2),
(717, 36, 2, 150, 3, 2),
(718, 39, 1, 150, 3, 2),
(719, 44, 2, 150, 3, 2),
(720, 1, 1, 151, 3, 2),
(721, 14, 1, 151, 3, 2),
(722, 26, 1, 151, 3, 2),
(723, 27, 2, 151, 3, 2),
(724, 31, 1, 151, 3, 2),
(725, 33, 1, 151, 3, 2),
(726, 34, 1, 151, 3, 2),
(727, 36, 2, 151, 3, 2),
(728, 39, 1, 151, 3, 2),
(729, 44, 2, 151, 3, 2),
(730, 1, -1, 152, 2, 2),
(731, 14, -1, 152, 2, 2),
(732, 26, -1, 152, 2, 2),
(733, 27, -2, 152, 2, 2),
(734, 31, -1, 152, 2, 2),
(735, 33, -1, 152, 2, 2),
(736, 34, -1, 152, 2, 2),
(737, 36, -2, 152, 2, 2),
(738, 39, -1, 152, 2, 2),
(739, 44, -2, 152, 2, 2),
(740, 1, -1, 153, 2, 2),
(741, 14, -1, 153, 2, 2),
(742, 26, -1, 153, 2, 2),
(743, 27, -2, 153, 2, 2),
(744, 31, -1, 153, 2, 2),
(745, 33, -1, 153, 2, 2),
(746, 34, -1, 153, 2, 2),
(747, 36, -2, 153, 2, 2),
(748, 39, -1, 153, 2, 2),
(749, 44, -2, 153, 2, 2),
(750, 76, 1, 154, 4, 2),
(751, 58, 2, 155, 3, 2),
(752, 61, 2, 155, 3, 2),
(753, 64, 2, 155, 3, 2),
(754, 65, 2, 155, 3, 2),
(755, 66, 2, 155, 3, 2),
(756, 69, 3, 155, 3, 2),
(757, 73, 6, 155, 3, 2),
(758, 75, 2, 155, 3, 2),
(759, 76, 1, 155, 3, 2),
(760, 95, 1, 155, 3, 2),
(761, 101, 1, 155, 3, 2),
(762, 112, 2, 155, 3, 2),
(763, 115, 2, 155, 3, 2),
(764, 117, 1, 155, 3, 2),
(765, 121, 1, 155, 3, 2),
(766, 122, 2, 155, 3, 2),
(767, 123, 2, 155, 3, 2),
(768, 58, 3, 156, 3, 2),
(769, 64, 2, 156, 3, 2),
(770, 65, 1, 156, 3, 2),
(771, 66, 2, 156, 3, 2),
(772, 69, 1, 156, 3, 2),
(773, 73, 1, 156, 3, 2),
(774, 75, 2, 156, 3, 2),
(775, 101, 1, 156, 3, 2),
(776, 112, 2, 156, 3, 2),
(777, 115, 2, 156, 3, 2),
(778, 123, 2, 156, 3, 2),
(779, 1, 1, 157, 3, 2),
(780, 14, 1, 157, 3, 2),
(781, 26, 1, 157, 3, 2),
(782, 27, 2, 157, 3, 2),
(783, 31, 1, 157, 3, 2),
(784, 33, 1, 157, 3, 2),
(785, 34, 1, 157, 3, 2),
(786, 36, 2, 157, 3, 2),
(787, 39, 1, 157, 3, 2),
(788, 44, 2, 157, 3, 2),
(789, 1, 1, 158, 3, 2),
(790, 14, 1, 158, 3, 2),
(791, 26, 1, 158, 3, 2),
(792, 27, 2, 158, 3, 2),
(793, 31, 1, 158, 3, 2),
(794, 33, 1, 158, 3, 2),
(795, 34, 1, 158, 3, 2),
(796, 36, 2, 158, 3, 2),
(797, 39, 1, 158, 3, 2),
(798, 44, 2, 158, 3, 2),
(799, 1, -1, 159, 2, 2),
(800, 14, -1, 159, 2, 2),
(801, 26, -1, 159, 2, 2),
(802, 27, -2, 159, 2, 2),
(803, 31, -1, 159, 2, 2),
(804, 33, -1, 159, 2, 2),
(805, 34, -1, 159, 2, 2),
(806, 36, -2, 159, 2, 2),
(807, 39, -1, 159, 2, 2),
(808, 44, -2, 159, 2, 2),
(809, 1, -1, 160, 2, 2),
(810, 14, -1, 160, 2, 2),
(811, 26, -1, 160, 2, 2),
(812, 27, -2, 160, 2, 2),
(813, 31, -1, 160, 2, 2),
(814, 33, -1, 160, 2, 2),
(815, 34, -1, 160, 2, 2),
(816, 36, -2, 160, 2, 2),
(817, 39, -1, 160, 2, 2),
(818, 44, -2, 160, 2, 2),
(819, 14, 1, 161, 3, 2),
(820, 26, 1, 161, 3, 2),
(821, 27, 2, 161, 3, 2),
(822, 31, 1, 161, 3, 2),
(823, 33, 1, 161, 3, 2),
(824, 34, 1, 161, 3, 2),
(825, 36, 2, 161, 3, 2),
(826, 39, 1, 161, 3, 2),
(827, 44, 2, 161, 3, 2),
(828, 1, 1, 162, 3, 2),
(829, 14, 1, 162, 3, 2),
(830, 26, 1, 162, 3, 2),
(831, 27, 2, 162, 3, 2),
(832, 31, 1, 162, 3, 2),
(833, 33, 1, 162, 3, 2),
(834, 34, 1, 162, 3, 2),
(835, 36, 2, 162, 3, 2),
(836, 39, 1, 162, 3, 2),
(837, 44, 2, 162, 3, 2),
(838, 1, -1, 163, 2, 2),
(839, 14, -1, 163, 2, 2),
(840, 26, -1, 163, 2, 2),
(841, 27, -2, 163, 2, 2),
(842, 31, -1, 163, 2, 2),
(843, 33, -1, 163, 2, 2),
(844, 34, -1, 163, 2, 2),
(845, 36, -2, 163, 2, 2),
(846, 39, -1, 163, 2, 2),
(847, 44, -1, 163, 2, 2),
(848, 1, -1, 164, 2, 2),
(849, 14, -1, 164, 2, 2),
(850, 26, -1, 164, 2, 2),
(851, 27, -2, 164, 2, 2),
(852, 31, -1, 164, 2, 2),
(853, 33, -1, 164, 2, 2),
(854, 34, -1, 164, 2, 2),
(855, 36, -2, 164, 2, 2),
(856, 39, -1, 164, 2, 2),
(857, 44, -2, 164, 2, 2),
(858, 1, 1, 165, 3, 2),
(859, 14, 1, 165, 3, 2),
(860, 26, 1, 165, 3, 2),
(861, 27, 2, 165, 3, 2),
(862, 31, 1, 165, 3, 2),
(863, 33, 1, 165, 3, 2),
(864, 34, 1, 165, 3, 2),
(865, 36, 2, 165, 3, 2),
(866, 39, 1, 165, 3, 2),
(867, 44, 1, 165, 3, 2),
(868, 1, 1, 166, 3, 2),
(869, 14, 1, 166, 3, 2),
(870, 26, 1, 166, 3, 2),
(871, 27, 2, 166, 3, 2),
(872, 31, 1, 166, 3, 2),
(873, 33, 1, 166, 3, 2),
(874, 34, 1, 166, 3, 2),
(875, 36, 2, 166, 3, 2),
(876, 39, 1, 166, 3, 2),
(877, 44, 2, 166, 3, 2),
(878, 1, -1, 167, 2, 2),
(879, 14, -1, 167, 2, 2),
(880, 26, -1, 167, 2, 2),
(881, 27, -2, 167, 2, 2),
(882, 31, -1, 167, 2, 2),
(883, 33, -1, 167, 2, 2),
(884, 34, -1, 167, 2, 2),
(885, 36, -2, 167, 2, 2),
(886, 39, -1, 167, 2, 2),
(887, 44, -2, 167, 2, 2),
(888, 1, -1, 168, 2, 2),
(889, 14, -1, 168, 2, 2),
(890, 26, -1, 168, 2, 2),
(891, 27, -2, 168, 2, 2),
(892, 31, -1, 168, 2, 2),
(893, 33, -1, 168, 2, 2),
(894, 34, -1, 168, 2, 2),
(895, 36, -2, 168, 2, 2),
(896, 39, -1, 168, 2, 2),
(897, 44, -2, 168, 2, 2),
(898, 61, 2, 169, 3, 2),
(899, 69, 2, 169, 3, 2),
(900, 73, 5, 169, 3, 2),
(901, 76, 1, 169, 3, 2),
(902, 102, 1, 169, 3, 2),
(903, 117, 1, 169, 3, 2),
(904, 121, 1, 169, 3, 2),
(905, 122, 2, 169, 3, 2),
(906, 1, 1, 170, 3, 2),
(907, 14, 1, 170, 3, 2),
(908, 26, 1, 170, 3, 2),
(909, 27, 2, 170, 3, 2),
(910, 31, 1, 170, 3, 2),
(911, 33, 1, 170, 3, 2),
(912, 34, 1, 170, 3, 2),
(913, 36, 2, 170, 3, 2),
(914, 39, 1, 170, 3, 2),
(915, 44, 2, 170, 3, 2),
(916, 1, 1, 171, 3, 2),
(917, 14, 1, 171, 3, 2),
(918, 26, 1, 171, 3, 2),
(919, 27, 2, 171, 3, 2),
(920, 31, 1, 171, 3, 2),
(921, 33, 1, 171, 3, 2),
(922, 34, 1, 171, 3, 2),
(923, 36, 2, 171, 3, 2),
(924, 39, 1, 171, 3, 2),
(925, 44, 2, 171, 3, 2),
(926, 1, -1, 172, 2, 2),
(927, 14, -1, 172, 2, 2),
(928, 26, -1, 172, 2, 2),
(929, 27, -2, 172, 2, 2),
(930, 33, -1, 172, 2, 2),
(931, 34, -1, 172, 2, 2),
(932, 36, -2, 172, 2, 2),
(933, 39, -1, 172, 2, 2),
(934, 44, -2, 172, 2, 2),
(935, 31, -1, 172, 2, 2),
(936, 1, -1, 173, 2, 2),
(937, 14, -1, 173, 2, 2),
(938, 26, -1, 173, 2, 2),
(939, 27, -2, 173, 2, 2),
(940, 31, -1, 173, 2, 2),
(941, 33, -1, 173, 2, 2),
(942, 34, -1, 173, 2, 2),
(943, 36, -2, 173, 2, 2),
(944, 39, -1, 173, 2, 2),
(945, 44, -2, 173, 2, 2),
(946, 58, -2, 174, 2, 2),
(947, 61, -2, 174, 2, 2),
(948, 76, -1, 174, 2, 2),
(949, 121, -1, 174, 2, 2),
(950, 117, -1, 174, 2, 2),
(951, 122, -2, 174, 2, 2),
(952, 101, -1, 174, 2, 2),
(953, 123, -2, 174, 2, 2),
(954, 64, -2, 174, 2, 2),
(955, 115, -2, 174, 2, 2),
(956, 66, -2, 174, 2, 2),
(957, 95, -1, 174, 2, 2),
(958, 112, -2, 174, 2, 2),
(959, 69, -3, 174, 2, 2),
(960, 65, -2, 174, 2, 2),
(961, 73, -6, 174, 2, 2),
(962, 75, -2, 174, 2, 2),
(963, 58, -3, 175, 2, 2),
(964, 61, -2, 175, 2, 2),
(965, 76, -1, 175, 2, 2),
(966, 121, -1, 175, 2, 2),
(967, 117, -1, 175, 2, 2),
(968, 122, -2, 175, 2, 2),
(969, 101, -1, 175, 2, 2),
(970, 123, -2, 175, 2, 2),
(971, 64, -2, 175, 2, 2),
(972, 115, -2, 175, 2, 2),
(973, 66, -2, 175, 2, 2),
(974, 112, -2, 175, 2, 2),
(975, 69, -3, 175, 2, 2),
(976, 65, -1, 175, 2, 2),
(977, 73, -6, 175, 2, 2),
(978, 75, -2, 175, 2, 2),
(979, 1, 1, 176, 3, 2),
(980, 14, 1, 176, 3, 2),
(981, 26, 1, 176, 3, 2),
(982, 27, 2, 176, 3, 2),
(983, 31, 1, 176, 3, 2),
(984, 33, 1, 176, 3, 2),
(985, 34, 1, 176, 3, 2),
(986, 36, 2, 176, 3, 2),
(987, 39, 1, 176, 3, 2),
(988, 44, 2, 176, 3, 2),
(989, 58, 3, 177, 3, 2),
(990, 61, 2, 177, 3, 2),
(991, 64, 2, 177, 3, 2),
(992, 65, 1, 177, 3, 2),
(993, 66, 2, 177, 3, 2),
(994, 69, 3, 177, 3, 2),
(995, 73, 6, 177, 3, 2),
(996, 75, 2, 177, 3, 2),
(997, 76, 1, 177, 3, 2),
(998, 112, 2, 177, 3, 2),
(999, 115, 2, 177, 3, 2),
(1000, 117, 1, 177, 3, 2),
(1001, 121, 1, 177, 3, 2),
(1002, 122, 2, 177, 3, 2),
(1003, 1, 1, 178, 3, 2),
(1004, 26, 1, 178, 3, 2),
(1005, 27, 2, 178, 3, 2),
(1006, 31, 1, 178, 3, 2),
(1007, 33, 1, 178, 3, 2),
(1008, 34, 1, 178, 3, 2),
(1009, 36, 2, 178, 3, 2),
(1010, 39, 1, 178, 3, 2),
(1011, 44, 2, 178, 3, 2),
(1012, 58, 2, 179, 3, 2),
(1013, 61, 2, 179, 3, 2),
(1014, 64, 2, 179, 3, 2),
(1015, 65, 1, 179, 3, 2),
(1016, 66, 2, 179, 3, 2),
(1017, 69, 3, 179, 3, 2),
(1018, 73, 6, 179, 3, 2),
(1019, 75, 2, 179, 3, 2),
(1020, 76, 1, 179, 3, 2),
(1021, 95, 1, 179, 3, 2),
(1022, 101, 1, 179, 3, 2),
(1023, 112, 2, 179, 3, 2),
(1024, 115, 2, 179, 3, 2),
(1025, 117, 1, 179, 3, 2),
(1026, 121, 1, 179, 3, 2),
(1027, 122, 2, 179, 3, 2),
(1028, 123, 2, 179, 3, 2),
(1029, 42, -1, 180, 2, 2),
(1030, 65, -1, 181, 2, 2),
(1031, 61, -1, 181, 2, 2),
(1032, 65, 1, 182, 4, 2),
(1033, 66, -1, 183, 2, 2),
(1034, 58, -38, 184, 2, 2),
(1035, 14, -1, 185, 2, 2),
(1036, 26, -1, 185, 2, 2),
(1037, 27, -2, 185, 2, 2),
(1038, 31, -1, 185, 2, 2),
(1039, 33, -1, 185, 2, 2),
(1040, 34, -1, 185, 2, 2),
(1041, 36, -2, 185, 2, 2),
(1042, 39, -1, 185, 2, 2),
(1043, 44, -2, 185, 2, 2),
(1044, 14, -1, 186, 2, 2),
(1045, 14, -1, 186, 2, 2),
(1046, 26, -1, 186, 2, 2),
(1047, 27, -2, 186, 2, 2),
(1048, 31, -1, 186, 2, 2),
(1049, 33, -1, 186, 2, 2),
(1050, 34, -1, 186, 2, 2),
(1051, 36, -2, 186, 2, 2),
(1052, 39, -1, 186, 2, 2),
(1053, 44, -2, 186, 2, 2),
(1054, 14, 2, 187, 3, 2),
(1055, 26, 1, 187, 3, 2),
(1056, 27, 2, 187, 3, 2),
(1057, 31, 1, 187, 3, 2),
(1058, 33, 1, 187, 3, 2),
(1059, 34, 1, 187, 3, 2),
(1060, 36, 2, 187, 3, 2),
(1061, 39, 1, 187, 3, 2),
(1062, 44, 2, 187, 3, 2),
(1063, 14, 1, 188, 3, 2),
(1064, 26, 1, 188, 3, 2),
(1065, 27, 2, 188, 3, 2),
(1066, 31, 1, 188, 3, 2),
(1067, 33, 1, 188, 3, 2),
(1068, 34, 1, 188, 3, 2),
(1069, 36, 2, 188, 3, 2),
(1070, 39, 1, 188, 3, 2),
(1071, 44, 2, 188, 3, 2),
(1072, 1, -1, 189, 2, 2),
(1073, 14, -1, 189, 2, 2),
(1074, 26, -1, 189, 2, 2),
(1075, 27, -2, 189, 2, 2),
(1076, 31, -1, 189, 2, 2),
(1077, 33, -1, 189, 2, 2),
(1078, 34, -1, 189, 2, 2),
(1079, 36, -2, 189, 2, 2),
(1080, 39, -1, 189, 2, 2),
(1081, 44, -2, 189, 2, 2),
(1082, 42, -1, 189, 2, 2),
(1083, 1, -1, 190, 2, 2),
(1084, 14, -1, 190, 2, 2),
(1085, 26, -1, 190, 2, 2),
(1086, 27, -2, 190, 2, 2),
(1087, 31, -1, 190, 2, 2),
(1088, 33, -1, 190, 2, 2),
(1089, 34, -1, 190, 2, 2),
(1090, 36, -2, 190, 2, 2),
(1091, 44, -2, 190, 2, 2),
(1092, 39, -1, 190, 2, 2),
(1093, 42, -1, 190, 2, 2),
(1094, 10, -1, 190, 2, 2),
(1095, 58, -3, 191, 2, 2),
(1096, 112, -2, 191, 2, 2),
(1097, 69, -1, 191, 2, 2),
(1098, 65, -1, 191, 2, 2),
(1099, 73, -1, 191, 2, 2),
(1100, 75, -2, 191, 2, 2),
(1101, 101, -1, 191, 2, 2),
(1102, 123, -2, 191, 2, 2),
(1103, 64, -2, 191, 2, 2),
(1104, 115, -2, 191, 2, 2),
(1105, 66, -2, 191, 2, 2),
(1106, 112, -2, 191, 2, 2),
(1107, 69, -3, 191, 2, 2),
(1108, 65, -1, 191, 2, 2),
(1109, 73, -6, 191, 2, 2),
(1110, 75, -2, 191, 2, 2),
(1111, 58, -2, 192, 2, 2),
(1112, 61, -1, 192, 2, 2),
(1113, 76, -1, 192, 2, 2),
(1114, 121, -1, 192, 2, 2),
(1115, 117, -1, 192, 2, 2),
(1116, 122, -2, 192, 2, 2),
(1117, 101, -1, 192, 2, 2),
(1118, 123, -2, 192, 2, 2),
(1119, 64, -2, 192, 2, 2),
(1120, 115, -2, 192, 2, 2),
(1121, 66, -2, 192, 2, 2),
(1122, 95, -1, 192, 2, 2),
(1123, 112, -2, 192, 2, 2),
(1124, 69, -3, 192, 2, 2),
(1125, 65, -1, 192, 2, 2),
(1126, 73, -6, 192, 2, 2),
(1127, 75, -2, 192, 2, 2),
(1128, 1, 1, 193, 3, 2),
(1129, 14, 1, 193, 3, 2),
(1130, 26, 1, 193, 3, 2),
(1131, 27, 2, 193, 3, 2),
(1132, 31, 1, 193, 3, 2),
(1133, 33, 1, 193, 3, 2),
(1134, 34, 1, 193, 3, 2),
(1135, 36, 2, 193, 3, 2),
(1136, 39, 1, 193, 3, 2),
(1137, 42, 1, 193, 3, 2),
(1138, 44, 2, 193, 3, 2),
(1139, 1, 1, 194, 3, 2),
(1140, 14, 1, 194, 3, 2),
(1141, 26, 1, 194, 3, 2),
(1142, 27, 2, 194, 3, 2),
(1143, 31, 1, 194, 3, 2),
(1144, 33, 1, 194, 3, 2),
(1145, 34, 1, 194, 3, 2),
(1146, 36, 2, 194, 3, 2),
(1147, 39, 1, 194, 3, 2),
(1148, 42, 1, 194, 3, 2),
(1149, 44, 2, 194, 3, 2),
(1150, 1, -1, 195, 2, 2),
(1151, 39, -1, 195, 2, 2),
(1152, 34, -1, 195, 2, 2),
(1153, 33, -1, 195, 2, 2),
(1154, 42, -1, 195, 2, 2),
(1155, 27, -2, 195, 2, 2),
(1156, 36, -2, 195, 2, 2),
(1157, 14, -1, 195, 2, 2),
(1158, 31, -1, 195, 2, 2),
(1159, 44, -2, 195, 2, 2),
(1160, 1, -1, 196, 2, 2),
(1161, 39, -1, 196, 2, 2),
(1162, 33, -1, 196, 2, 2),
(1163, 34, -1, 196, 2, 2),
(1164, 44, -2, 196, 2, 2),
(1165, 27, -2, 196, 2, 2),
(1166, 36, -2, 196, 2, 2),
(1167, 42, -1, 196, 2, 2),
(1168, 1, 1, 197, 3, 2),
(1169, 27, 2, 197, 3, 2),
(1170, 33, 1, 197, 3, 2),
(1171, 34, 1, 197, 3, 2),
(1172, 36, 2, 197, 3, 2),
(1173, 39, 1, 197, 3, 2),
(1174, 44, 2, 197, 3, 2),
(1175, 64, 2, 198, 3, 2),
(1176, 65, 1, 198, 3, 2),
(1177, 66, 2, 198, 3, 2),
(1178, 69, 1, 198, 3, 2),
(1179, 73, 1, 198, 3, 2),
(1180, 75, 2, 198, 3, 2),
(1181, 101, 1, 198, 3, 2),
(1182, 112, 2, 198, 3, 2),
(1183, 115, 2, 198, 3, 2),
(1184, 123, 2, 198, 3, 2),
(1185, 58, 2, 199, 3, 2),
(1186, 61, 1, 199, 3, 2),
(1187, 64, 2, 199, 3, 2),
(1188, 65, 1, 199, 3, 2),
(1189, 66, 2, 199, 3, 2),
(1190, 69, 3, 199, 3, 2),
(1191, 73, 6, 199, 3, 2),
(1192, 75, 2, 199, 3, 2),
(1193, 76, 1, 199, 3, 2),
(1194, 95, 1, 199, 3, 2),
(1195, 101, 1, 199, 3, 2),
(1196, 112, 2, 199, 3, 2),
(1197, 115, 2, 199, 3, 2),
(1198, 117, 1, 199, 3, 2),
(1199, 121, 1, 199, 3, 2),
(1200, 122, 2, 199, 3, 2),
(1201, 123, 2, 199, 3, 2),
(1202, 65, 1, 200, 3, 2),
(1203, 69, 3, 200, 3, 2),
(1204, 73, 6, 200, 3, 2),
(1205, 75, 2, 200, 3, 2),
(1206, 112, 2, 200, 3, 2),
(1207, 1, 1, 201, 3, 2),
(1208, 14, 1, 201, 3, 2),
(1209, 27, 2, 201, 3, 2),
(1210, 31, 1, 201, 3, 2),
(1211, 33, 1, 201, 3, 2),
(1212, 34, 1, 201, 3, 2),
(1213, 36, 2, 201, 3, 2),
(1214, 39, 1, 201, 3, 2),
(1215, 42, 1, 201, 3, 2),
(1216, 44, 2, 201, 3, 2),
(1217, 58, -2, 202, 2, 2),
(1218, 58, -1, 203, 2, 2),
(1219, 7, -1, 204, 2, 2),
(1220, 18, -1, 205, 2, 2),
(1221, 30, -1, 205, 2, 2),
(1222, 14, -1, 205, 2, 2),
(1223, 26, -1, 205, 2, 2),
(1224, 27, -2, 205, 2, 2),
(1225, 31, -1, 205, 2, 2),
(1226, 33, -1, 205, 2, 2),
(1227, 34, -1, 205, 2, 2),
(1228, 36, -2, 205, 2, 2),
(1229, 39, -1, 205, 2, 2),
(1230, 44, -2, 205, 2, 2),
(1231, 30, -1, 205, 2, 2),
(1232, 1, -1, 206, 2, 2),
(1233, 14, -1, 206, 2, 2),
(1234, 26, -1, 206, 2, 2),
(1235, 27, -2, 206, 2, 2),
(1236, 31, -1, 206, 2, 2),
(1237, 33, -1, 206, 2, 2),
(1238, 34, -1, 206, 2, 2),
(1239, 36, -2, 206, 2, 2),
(1240, 39, -1, 206, 2, 2),
(1241, 44, -2, 206, 2, 2),
(1242, 42, -1, 206, 2, 2),
(1243, 25, -1, 207, 2, 2),
(1244, 18, -1, 208, 2, 2),
(1245, 18, -1, 209, 2, 2),
(1246, 58, -2, 210, 2, 2),
(1247, 61, -2, 210, 2, 2),
(1248, 76, -1, 210, 2, 2),
(1249, 121, -1, 210, 2, 2),
(1250, 117, -1, 210, 2, 2),
(1251, 122, -2, 210, 2, 2),
(1252, 101, -1, 210, 2, 2),
(1253, 123, -2, 210, 2, 2),
(1254, 64, -2, 210, 2, 2),
(1255, 115, -2, 210, 2, 2),
(1256, 66, -2, 210, 2, 2),
(1257, 112, -2, 210, 2, 2),
(1258, 69, -3, 210, 2, 2),
(1259, 65, -1, 210, 2, 2),
(1260, 73, -6, 210, 2, 2),
(1261, 75, -2, 210, 2, 2),
(1262, 58, -2, 211, 2, 2),
(1263, 61, -1, 211, 2, 2),
(1264, 76, -1, 211, 2, 2),
(1265, 121, -1, 211, 2, 2),
(1266, 117, -1, 211, 2, 2),
(1267, 122, -2, 211, 2, 2),
(1268, 101, -1, 211, 2, 2),
(1269, 123, -2, 211, 2, 2),
(1270, 64, -2, 211, 2, 2),
(1271, 115, -2, 211, 2, 2),
(1272, 66, -2, 211, 2, 2),
(1273, 95, -1, 211, 2, 2),
(1274, 112, -2, 211, 2, 2),
(1275, 69, -3, 211, 2, 2),
(1276, 65, -1, 211, 2, 2),
(1277, 73, -6, 211, 2, 2),
(1278, 43, -2, 211, 2, 2),
(1279, 1, 1, 212, 3, 2),
(1280, 14, 1, 212, 3, 2),
(1281, 26, 1, 212, 3, 2),
(1282, 27, 2, 212, 3, 2),
(1283, 31, 1, 212, 3, 2),
(1284, 33, 1, 212, 3, 2),
(1285, 34, 1, 212, 3, 2),
(1286, 36, 2, 212, 3, 2),
(1287, 39, 1, 212, 3, 2),
(1288, 42, 1, 212, 3, 2),
(1289, 44, 2, 212, 3, 2),
(1290, 14, 1, 213, 3, 2),
(1291, 26, 1, 213, 3, 2),
(1292, 27, 2, 213, 3, 2),
(1293, 30, 1, 213, 3, 2),
(1294, 31, 1, 213, 3, 2),
(1295, 33, 1, 213, 3, 2),
(1296, 34, 1, 213, 3, 2),
(1297, 36, 2, 213, 3, 2),
(1298, 39, 1, 213, 3, 2),
(1299, 44, 2, 213, 3, 2),
(1300, 58, 2, 214, 3, 2),
(1301, 61, 2, 214, 3, 2),
(1302, 64, 2, 214, 3, 2),
(1303, 65, 1, 214, 3, 2),
(1304, 66, 2, 214, 3, 2),
(1305, 69, 3, 214, 3, 2),
(1306, 73, 6, 214, 3, 2),
(1307, 75, 2, 214, 3, 2),
(1308, 101, 1, 214, 3, 2),
(1309, 112, 2, 214, 3, 2),
(1310, 115, 2, 214, 3, 2),
(1311, 117, 1, 214, 3, 2),
(1312, 121, 1, 214, 3, 2),
(1313, 122, 2, 214, 3, 2),
(1314, 123, 2, 214, 3, 2),
(1315, 43, 2, 215, 3, 2),
(1316, 58, 2, 215, 3, 2),
(1317, 61, 1, 215, 3, 2),
(1318, 64, 2, 215, 3, 2),
(1319, 66, 2, 215, 3, 2),
(1320, 69, 3, 215, 3, 2),
(1321, 73, 6, 215, 3, 2),
(1322, 76, 1, 215, 3, 2),
(1323, 95, 1, 215, 3, 2),
(1324, 101, 1, 215, 3, 2),
(1325, 112, 2, 215, 3, 2),
(1326, 115, 2, 215, 3, 2),
(1327, 117, 1, 215, 3, 2),
(1328, 121, 1, 215, 3, 2),
(1329, 122, 2, 215, 3, 2),
(1330, 123, 2, 215, 3, 2),
(1331, 30, -1, 216, 2, 2),
(1332, 1, -1, 217, 2, 2),
(1333, 14, -1, 217, 2, 2),
(1334, 26, -1, 217, 2, 2),
(1335, 27, -1, 217, 2, 2),
(1336, 31, -1, 217, 2, 2),
(1337, 33, -1, 217, 2, 2),
(1338, 34, -1, 217, 2, 2),
(1339, 36, -2, 217, 2, 2),
(1340, 39, -1, 217, 2, 2),
(1341, 44, -2, 217, 2, 2),
(1342, 7, -1, 217, 2, 2),
(1343, 17, -1, 217, 2, 2),
(1344, 1, -1, 218, 2, 2),
(1345, 14, -1, 218, 2, 2),
(1346, 26, -1, 218, 2, 2),
(1347, 27, -2, 218, 2, 2),
(1348, 31, -1, 218, 2, 2),
(1349, 33, -1, 218, 2, 2),
(1350, 34, -1, 218, 2, 2),
(1351, 36, -2, 218, 2, 2),
(1352, 39, -1, 218, 2, 2),
(1353, 44, -2, 218, 2, 2),
(1354, 42, -1, 218, 2, 2),
(1355, 7, -1, 218, 2, 2),
(1356, 1, 1, 219, 3, 2),
(1357, 14, 1, 219, 3, 2),
(1358, 26, 1, 219, 3, 2),
(1359, 27, 2, 219, 3, 2),
(1360, 31, 1, 219, 3, 2),
(1361, 33, 1, 219, 3, 2),
(1362, 34, 1, 219, 3, 2),
(1363, 36, 2, 219, 3, 2),
(1364, 39, 1, 219, 3, 2),
(1365, 42, 1, 219, 3, 2),
(1366, 44, 2, 219, 3, 2),
(1367, 1, 1, 220, 3, 2),
(1368, 7, 1, 220, 3, 2),
(1369, 14, 1, 220, 3, 2),
(1370, 26, 1, 220, 3, 2),
(1371, 27, 1, 220, 3, 2),
(1372, 31, 1, 220, 3, 2),
(1373, 33, 1, 220, 3, 2),
(1374, 34, 1, 220, 3, 2),
(1375, 36, 2, 220, 3, 2),
(1376, 39, 1, 220, 3, 2),
(1377, 44, 2, 220, 3, 2),
(1378, 1, -1, 221, 2, 2),
(1379, 14, -1, 221, 2, 2),
(1380, 26, -1, 221, 2, 2),
(1381, 27, -1, 221, 2, 2),
(1382, 31, -1, 221, 2, 2),
(1383, 33, -1, 221, 2, 2),
(1384, 34, -1, 221, 2, 2),
(1385, 36, -2, 221, 2, 2),
(1386, 39, -1, 221, 2, 2),
(1387, 44, -2, 221, 2, 2),
(1388, 7, -1, 221, 2, 2),
(1389, 1, -1, 222, 2, 2),
(1390, 14, -1, 222, 2, 2),
(1391, 26, -1, 222, 2, 2),
(1392, 27, -2, 222, 2, 2),
(1393, 31, -1, 222, 2, 2),
(1394, 33, -1, 222, 2, 2),
(1395, 34, -1, 222, 2, 2),
(1396, 36, -2, 222, 2, 2),
(1397, 39, -1, 222, 2, 2),
(1398, 44, -2, 222, 2, 2),
(1399, 42, -1, 222, 2, 2),
(1400, 58, -2, 223, 2, 2),
(1401, 61, -2, 223, 2, 2),
(1402, 76, -1, 223, 2, 2),
(1403, 121, -1, 223, 2, 2),
(1404, 117, -1, 223, 2, 2),
(1405, 122, -2, 223, 2, 2),
(1406, 101, -1, 223, 2, 2),
(1407, 123, -2, 223, 2, 2),
(1408, 64, -2, 223, 2, 2),
(1409, 115, -2, 223, 2, 2),
(1410, 66, -2, 223, 2, 2),
(1411, 112, -2, 223, 2, 2),
(1412, 69, -3, 223, 2, 2),
(1413, 65, -1, 223, 2, 2),
(1414, 73, -6, 223, 2, 2),
(1415, 75, -2, 223, 2, 2),
(1416, 58, -2, 224, 2, 2),
(1417, 61, -1, 224, 2, 2),
(1418, 76, -1, 224, 2, 2),
(1419, 121, -1, 224, 2, 2),
(1420, 117, -1, 224, 2, 2),
(1421, 122, -2, 224, 2, 2),
(1422, 101, -1, 224, 2, 2),
(1423, 123, -2, 224, 2, 2),
(1424, 64, -2, 224, 2, 2),
(1425, 115, -2, 224, 2, 2),
(1426, 66, -2, 224, 2, 2),
(1427, 95, -1, 224, 2, 2),
(1428, 112, -2, 224, 2, 2),
(1429, 69, -3, 224, 2, 2),
(1430, 65, -1, 224, 2, 2),
(1431, 73, -6, 224, 2, 2),
(1432, 75, -2, 224, 2, 2),
(1433, 58, -2, 225, 2, 2),
(1434, 58, -2, 226, 2, 2),
(1435, 42, 1, 227, 4, 2),
(1436, 1, 1, 228, 3, 2),
(1437, 14, 1, 228, 3, 2),
(1438, 26, 1, 228, 3, 2),
(1439, 27, 2, 228, 3, 2),
(1440, 31, 1, 228, 3, 2),
(1441, 33, 1, 228, 3, 2),
(1442, 34, 1, 228, 3, 2),
(1443, 36, 2, 228, 3, 2),
(1444, 39, 1, 228, 3, 2),
(1445, 44, 2, 228, 3, 2),
(1446, 1, -1, 229, 2, 2),
(1447, 14, -1, 229, 2, 2),
(1448, 26, -1, 229, 2, 2),
(1449, 27, -1, 229, 2, 2),
(1450, 31, -1, 229, 2, 2),
(1451, 33, -1, 229, 2, 2),
(1452, 34, -1, 229, 2, 2),
(1453, 36, -2, 229, 2, 2),
(1454, 39, -1, 229, 2, 2),
(1455, 44, -2, 229, 2, 2),
(1456, 1, -1, 230, 2, 2),
(1457, 14, -1, 230, 2, 2),
(1458, 26, -1, 230, 2, 2),
(1459, 27, -1, 230, 2, 2),
(1460, 31, -1, 230, 2, 2),
(1461, 33, -1, 230, 2, 2),
(1462, 34, -1, 230, 2, 2),
(1463, 36, -2, 230, 2, 2),
(1464, 39, -1, 230, 2, 2),
(1465, 44, -2, 230, 2, 2),
(1466, 61, 2, 231, 3, 2),
(1467, 64, 2, 231, 3, 2),
(1468, 65, 1, 231, 3, 2),
(1469, 66, 2, 231, 3, 2),
(1470, 69, 3, 231, 3, 2),
(1471, 73, 6, 231, 3, 2),
(1472, 75, 2, 231, 3, 2),
(1473, 101, 1, 231, 3, 2),
(1474, 112, 2, 231, 3, 2),
(1475, 115, 2, 231, 3, 2),
(1476, 117, 1, 231, 3, 2),
(1477, 121, 1, 231, 3, 2),
(1478, 122, 2, 231, 3, 2),
(1479, 123, 2, 231, 3, 2),
(1480, 7, -1, 232, 2, 2),
(1481, 44, -2, 232, 2, 2),
(1482, 43, -2, 232, 2, 2),
(1483, 26, -1, 233, 2, 2),
(1484, 18, -1, 234, 2, 2),
(1485, 1, 1, 235, 3, 2),
(1486, 14, 1, 235, 3, 2),
(1487, 26, 1, 235, 3, 2),
(1488, 27, 1, 235, 3, 2),
(1489, 31, 1, 235, 3, 2),
(1490, 33, 1, 235, 3, 2),
(1491, 34, 1, 235, 3, 2),
(1492, 36, 2, 235, 3, 2),
(1493, 39, 1, 235, 3, 2),
(1494, 44, 2, 235, 3, 2),
(1495, 1, 1, 236, 3, 2),
(1496, 14, 1, 236, 3, 2),
(1497, 26, 1, 236, 3, 2),
(1498, 27, 1, 236, 3, 2),
(1499, 31, 1, 236, 3, 2),
(1500, 33, 1, 236, 3, 2),
(1501, 34, 1, 236, 3, 2),
(1502, 36, 2, 236, 3, 2),
(1503, 39, 1, 236, 3, 2),
(1504, 44, 2, 236, 3, 2),
(1505, 1, 1, 237, 3, 2),
(1506, 14, 1, 237, 3, 2),
(1507, 26, 1, 237, 3, 2),
(1508, 31, 1, 237, 3, 2),
(1509, 33, 1, 237, 3, 2),
(1510, 34, 1, 237, 3, 2),
(1511, 36, 2, 237, 3, 2),
(1512, 39, 1, 237, 3, 2),
(1513, 42, 1, 237, 3, 2),
(1514, 44, 2, 237, 3, 2),
(1515, 43, 1, 238, 3, 2),
(1516, 44, 2, 238, 3, 2),
(1517, 58, 4, 239, 3, 2),
(1518, 61, 1, 239, 3, 2),
(1519, 64, 2, 239, 3, 2),
(1520, 65, 1, 239, 3, 2),
(1521, 66, 2, 239, 3, 2),
(1522, 69, 3, 239, 3, 2),
(1523, 73, 6, 239, 3, 2),
(1524, 75, 2, 239, 3, 2),
(1525, 76, 1, 239, 3, 2),
(1526, 95, 1, 239, 3, 2),
(1527, 101, 1, 239, 3, 2),
(1528, 112, 2, 239, 3, 2),
(1529, 115, 2, 239, 3, 2),
(1530, 117, 1, 239, 3, 2),
(1531, 121, 1, 239, 3, 2),
(1532, 122, 2, 239, 3, 2),
(1533, 123, 2, 239, 3, 2),
(1534, 58, -4, 240, 2, 2),
(1535, 66, -2, 240, 2, 2),
(1536, 67, -2, 241, 2, 2),
(1537, 67, -1, 242, 2, 2),
(1538, 18, 1, 243, 4, 2),
(1539, 76, 2, 243, 4, 2),
(1540, 7, -1, 244, 2, 2),
(1541, 14, -2, 244, 2, 2),
(1542, 14, -1, 245, 2, 2),
(1543, 13, -1, 245, 2, 2),
(1544, 33, -1, 245, 2, 2),
(1545, 1, -1, 246, 2, 2),
(1546, 14, -2, 246, 2, 2),
(1547, 26, -1, 246, 2, 2),
(1548, 27, -2, 246, 2, 2),
(1549, 31, -1, 246, 2, 2),
(1550, 33, -1, 246, 2, 2),
(1551, 34, -1, 246, 2, 2),
(1552, 36, -2, 246, 2, 2),
(1553, 39, -1, 246, 2, 2),
(1554, 44, -2, 246, 2, 2),
(1555, 42, -1, 246, 2, 2),
(1556, 7, -1, 246, 2, 2),
(1557, 25, -1, 247, 2, 2),
(1558, 1, -1, 248, 2, 2),
(1559, 14, -2, 248, 2, 2),
(1560, 26, -1, 248, 2, 2),
(1561, 27, -1, 248, 2, 2),
(1562, 31, -1, 248, 2, 2),
(1563, 33, -1, 248, 2, 2),
(1564, 34, -1, 248, 2, 2),
(1565, 36, -2, 248, 2, 2),
(1566, 39, -1, 248, 2, 2),
(1567, 44, -2, 248, 2, 2),
(1568, 42, -1, 248, 2, 2),
(1569, 58, -2, 249, 2, 2),
(1570, 61, -1, 249, 2, 2),
(1571, 76, -1, 249, 2, 2),
(1572, 121, -1, 249, 2, 2),
(1573, 117, -1, 249, 2, 2),
(1574, 122, -2, 249, 2, 2),
(1575, 101, -1, 249, 2, 2),
(1576, 64, -2, 249, 2, 2),
(1577, 123, -2, 249, 2, 2),
(1578, 115, -2, 249, 2, 2),
(1579, 66, -2, 249, 2, 2),
(1580, 112, -2, 249, 2, 2),
(1581, 69, -3, 249, 2, 2),
(1582, 65, -1, 249, 2, 2),
(1583, 73, -6, 249, 2, 2),
(1584, 75, -2, 249, 2, 2),
(1585, 58, -2, 250, 2, 2),
(1586, 61, -1, 250, 2, 2),
(1587, 76, -1, 250, 2, 2),
(1588, 121, -1, 250, 2, 2),
(1589, 117, -1, 250, 2, 2),
(1590, 122, -2, 250, 2, 2),
(1591, 101, -1, 250, 2, 2),
(1592, 64, -2, 250, 2, 2),
(1593, 123, -2, 250, 2, 2),
(1594, 115, -2, 250, 2, 2),
(1595, 66, -2, 250, 2, 2),
(1596, 112, -2, 250, 2, 2),
(1597, 69, -3, 250, 2, 2),
(1598, 65, -1, 250, 2, 2),
(1599, 73, -6, 250, 2, 2),
(1600, 75, -2, 250, 2, 2),
(1601, 58, 2, 251, 3, 2),
(1602, 61, 1, 251, 3, 2),
(1603, 64, 2, 251, 3, 2),
(1604, 65, 1, 251, 3, 2),
(1605, 66, 2, 251, 3, 2),
(1606, 69, 3, 251, 3, 2),
(1607, 73, 6, 251, 3, 2),
(1608, 75, 2, 251, 3, 2),
(1609, 76, 1, 251, 3, 2),
(1610, 101, 1, 251, 3, 2),
(1611, 112, 2, 251, 3, 2),
(1612, 115, 2, 251, 3, 2),
(1613, 117, 1, 251, 3, 2),
(1614, 121, 1, 251, 3, 2),
(1615, 122, 2, 251, 3, 2),
(1616, 123, 2, 251, 3, 2),
(1617, 58, 2, 252, 3, 2),
(1618, 61, 1, 252, 3, 2),
(1619, 64, 2, 252, 3, 2),
(1620, 65, 1, 252, 3, 2),
(1621, 66, 1, 252, 3, 2),
(1622, 69, 3, 252, 3, 2),
(1623, 73, 6, 252, 3, 2),
(1624, 75, 2, 252, 3, 2),
(1625, 76, 1, 252, 3, 2),
(1626, 101, 1, 252, 3, 2),
(1627, 112, 2, 252, 3, 2),
(1628, 115, 2, 252, 3, 2),
(1629, 117, 1, 252, 3, 2),
(1630, 121, 1, 252, 3, 2),
(1631, 122, 2, 252, 3, 2),
(1632, 123, 2, 252, 3, 2),
(1633, 1, 1, 253, 3, 2),
(1634, 14, 2, 253, 3, 2),
(1635, 26, 1, 253, 3, 2),
(1636, 27, 2, 253, 3, 2),
(1637, 31, 1, 253, 3, 2),
(1638, 33, 1, 253, 3, 2),
(1639, 34, 1, 253, 3, 2),
(1640, 36, 2, 253, 3, 2),
(1641, 39, 1, 253, 3, 2),
(1642, 42, 1, 253, 3, 2),
(1643, 44, 2, 253, 3, 2),
(1644, 1, 0, 254, 3, 2),
(1645, 14, 0, 254, 3, 2),
(1646, 26, 0, 254, 3, 2),
(1647, 27, 0, 254, 3, 2),
(1648, 31, 0, 254, 3, 2),
(1649, 33, 0, 254, 3, 2),
(1650, 34, 0, 254, 3, 2),
(1651, 36, 0, 254, 3, 2),
(1652, 39, 0, 254, 3, 2),
(1653, 42, 0, 254, 3, 2),
(1654, 44, 0, 254, 3, 2),
(1655, 1, 1, 255, 3, 2),
(1656, 14, 2, 255, 3, 2),
(1657, 26, 1, 255, 3, 2),
(1658, 27, 1, 255, 3, 2),
(1659, 31, 1, 255, 3, 2),
(1660, 33, 1, 255, 3, 2),
(1661, 34, 1, 255, 3, 2),
(1662, 36, 2, 255, 3, 2),
(1663, 39, 1, 255, 3, 2),
(1664, 42, 1, 255, 3, 2),
(1665, 44, 2, 255, 3, 2),
(1666, 41, -1, 256, 2, 2),
(1667, 41, -1, 257, 2, 2),
(1668, 1, 1, 258, 1, 2),
(1669, 7, 2, 258, 1, 2),
(1670, 10, 1, 258, 1, 2),
(1671, 14, 2, 258, 1, 2),
(1672, 17, 2, 258, 1, 2),
(1673, 18, 4, 258, 1, 2),
(1674, 30, 2, 258, 1, 2),
(1675, 59, 1, 259, 1, 2),
(1676, 65, 4, 259, 1, 2),
(1677, 66, 1, 259, 1, 2),
(1678, 75, 1, 259, 1, 2),
(1679, 93, 1, 259, 1, 2),
(1680, 127, 1, 259, 1, 2),
(1681, 131, 1, 259, 1, 2),
(1682, 132, 1, 259, 1, 2),
(1683, 1, -1, 260, 2, 2),
(1684, 14, -2, 260, 2, 2),
(1685, 26, -1, 260, 2, 2),
(1686, 27, -1, 260, 2, 2),
(1687, 31, -1, 260, 2, 2),
(1688, 33, -1, 260, 2, 2),
(1689, 34, -1, 260, 2, 2),
(1690, 36, -2, 260, 2, 2),
(1691, 39, -1, 260, 2, 2),
(1692, 44, -2, 260, 2, 2),
(1693, 42, -1, 260, 2, 2),
(1694, 30, -1, 260, 2, 2),
(1695, 1, -1, 261, 2, 2),
(1696, 14, -2, 261, 2, 2),
(1697, 26, -1, 261, 2, 2),
(1698, 27, -1, 261, 2, 2),
(1699, 31, -1, 261, 2, 2),
(1700, 33, -1, 261, 2, 2),
(1701, 34, -1, 261, 2, 2),
(1702, 36, -2, 261, 2, 2),
(1703, 39, -1, 261, 2, 2),
(1704, 44, -2, 261, 2, 2),
(1705, 42, -1, 261, 2, 2),
(1706, 58, -2, 262, 2, 2),
(1707, 59, -1, 262, 2, 2),
(1708, 61, -2, 262, 2, 2),
(1709, 76, -1, 262, 2, 2),
(1710, 121, -1, 262, 2, 2),
(1711, 117, -1, 262, 2, 2),
(1712, 122, -2, 262, 2, 2),
(1713, 101, -1, 262, 2, 2),
(1714, 64, -2, 262, 2, 2),
(1715, 123, -2, 262, 2, 2),
(1716, 115, -2, 262, 2, 2),
(1717, 66, -2, 262, 2, 2),
(1718, 112, -2, 262, 2, 2),
(1719, 69, -3, 262, 2, 2),
(1720, 65, -1, 262, 2, 2),
(1721, 73, -6, 262, 2, 2),
(1722, 75, -2, 262, 2, 2),
(1723, 58, -2, 263, 2, 2),
(1724, 61, -1, 263, 2, 2),
(1725, 76, -1, 263, 2, 2),
(1726, 121, -2, 263, 2, 2),
(1727, 117, -1, 263, 2, 2),
(1728, 122, -2, 263, 2, 2),
(1729, 101, -1, 263, 2, 2),
(1730, 123, -2, 263, 2, 2),
(1731, 64, -2, 263, 2, 2),
(1732, 115, -2, 263, 2, 2),
(1733, 66, -2, 263, 2, 2),
(1734, 95, -1, 263, 2, 2),
(1735, 69, -3, 263, 2, 2),
(1736, 65, -1, 263, 2, 2),
(1737, 73, -6, 263, 2, 2),
(1738, 75, -2, 263, 2, 2),
(1739, 1, 1, 264, 3, 2),
(1740, 14, 2, 264, 3, 2),
(1741, 26, 1, 264, 3, 2),
(1742, 27, 1, 264, 3, 2),
(1743, 31, 1, 264, 3, 2),
(1744, 33, 1, 264, 3, 2),
(1745, 34, 1, 264, 3, 2),
(1746, 36, 2, 264, 3, 2),
(1747, 39, 1, 264, 3, 2),
(1748, 42, 1, 264, 3, 2),
(1749, 44, 2, 264, 3, 2),
(1750, 1, -1, 265, 2, 2),
(1751, 14, -2, 265, 2, 2),
(1752, 26, -1, 265, 2, 2),
(1753, 7, -1, 265, 2, 2),
(1754, 27, -2, 265, 2, 2),
(1755, 31, -1, 265, 2, 2),
(1756, 33, -1, 265, 2, 2),
(1757, 34, -1, 265, 2, 2),
(1758, 36, -2, 265, 2, 2),
(1759, 39, -1, 265, 2, 2),
(1760, 44, -2, 265, 2, 2),
(1761, 42, -1, 265, 2, 2),
(1762, 1, -1, 266, 2, 2),
(1763, 14, -2, 266, 2, 2),
(1764, 26, -1, 266, 2, 2),
(1765, 27, -1, 266, 2, 2),
(1766, 31, -1, 266, 2, 2),
(1767, 33, -1, 266, 2, 2),
(1768, 34, -1, 266, 2, 2),
(1769, 36, -2, 266, 2, 2),
(1770, 39, -1, 266, 2, 2),
(1771, 44, -1, 266, 2, 2),
(1772, 42, -1, 266, 2, 2),
(1773, 127, -1, 266, 2, 2),
(1774, 1, 1, 267, 3, 2),
(1775, 14, 2, 267, 3, 2),
(1776, 26, 1, 267, 3, 2),
(1777, 27, 1, 267, 3, 2),
(1778, 31, 1, 267, 3, 2),
(1779, 33, 1, 267, 3, 2),
(1780, 34, 1, 267, 3, 2),
(1781, 36, 2, 267, 3, 2),
(1782, 39, 1, 267, 3, 2),
(1783, 42, 1, 267, 3, 2),
(1784, 44, 2, 267, 3, 2),
(1785, 1, 1, 268, 3, 2),
(1786, 14, 2, 268, 3, 2),
(1787, 26, 1, 268, 3, 2),
(1788, 27, 1, 268, 3, 2),
(1789, 31, 1, 268, 3, 2),
(1790, 33, 1, 268, 3, 2),
(1791, 34, 1, 268, 3, 2),
(1792, 36, 2, 268, 3, 2),
(1793, 39, 1, 268, 3, 2),
(1794, 42, 1, 268, 3, 2),
(1795, 44, 1, 268, 3, 2),
(1796, 1, -1, 269, 2, 2),
(1797, 14, -1, 269, 2, 2),
(1798, 26, -1, 269, 2, 2),
(1799, 27, -2, 269, 2, 2),
(1800, 33, -1, 269, 2, 2),
(1801, 34, -1, 269, 2, 2),
(1802, 36, -2, 269, 2, 2),
(1803, 39, -1, 269, 2, 2),
(1804, 44, -2, 269, 2, 2),
(1805, 42, -1, 269, 2, 2),
(1806, 1, -1, 270, 2, 2),
(1807, 14, -2, 270, 2, 2),
(1808, 26, -1, 270, 2, 2),
(1809, 27, -1, 270, 2, 2),
(1810, 31, -1, 270, 2, 2),
(1811, 33, -1, 270, 2, 2),
(1812, 34, -1, 270, 2, 2),
(1813, 36, -2, 270, 2, 2),
(1814, 39, -1, 270, 2, 2),
(1815, 44, -2, 270, 2, 2),
(1816, 42, -1, 270, 2, 2),
(1817, 58, 2, 271, 3, 2),
(1818, 61, 1, 271, 3, 2),
(1819, 64, 2, 271, 3, 2),
(1820, 65, 1, 271, 3, 2),
(1821, 66, 2, 271, 3, 2),
(1822, 69, 3, 271, 3, 2),
(1823, 73, 6, 271, 3, 2),
(1824, 75, 2, 271, 3, 2),
(1825, 76, 1, 271, 3, 2),
(1826, 95, 1, 271, 3, 2),
(1827, 101, 1, 271, 3, 2),
(1828, 115, 2, 271, 3, 2),
(1829, 117, 1, 271, 3, 2),
(1830, 121, 2, 271, 3, 2),
(1831, 122, 2, 271, 3, 2),
(1832, 123, 2, 271, 3, 2),
(1833, 58, 2, 272, 3, 2),
(1834, 61, 2, 272, 3, 2),
(1835, 64, 2, 272, 3, 2),
(1836, 65, 1, 272, 3, 2),
(1837, 66, 2, 272, 3, 2),
(1838, 69, 3, 272, 3, 2),
(1839, 73, 6, 272, 3, 2),
(1840, 75, 2, 272, 3, 2),
(1841, 76, 1, 272, 3, 2),
(1842, 101, 1, 272, 3, 2),
(1843, 112, 2, 272, 3, 2),
(1844, 115, 2, 272, 3, 2),
(1845, 117, 1, 272, 3, 2),
(1846, 121, 1, 272, 3, 2),
(1847, 122, 2, 272, 3, 2),
(1848, 123, 2, 272, 3, 2),
(1849, 1, -1, 276, 2, 2),
(1850, 27, -2, 276, 2, 2),
(1851, 26, -1, 276, 2, 2),
(1852, 33, -1, 276, 2, 2),
(1853, 34, -1, 276, 2, 2),
(1854, 36, -2, 276, 2, 2),
(1855, 39, -1, 276, 2, 2),
(1856, 44, -2, 276, 2, 2),
(1857, 42, -1, 276, 2, 2),
(1858, 27, -1, 276, 2, 2),
(1859, 1, 1, 277, 3, 2),
(1860, 14, 1, 277, 3, 2),
(1861, 26, 1, 277, 3, 2),
(1862, 27, 2, 277, 3, 2),
(1863, 33, 1, 277, 3, 2),
(1864, 34, 1, 277, 3, 2),
(1865, 36, 2, 277, 3, 2),
(1866, 39, 1, 277, 3, 2),
(1867, 42, 1, 277, 3, 2),
(1868, 44, 2, 277, 3, 2),
(1869, 31, -1, 278, 2, 2),
(1870, 7, -1, 278, 2, 2),
(1871, 7, -1, 279, 2, 2),
(1872, 7, -2, 280, 2, 2),
(1873, 5, -1, 281, 2, 2),
(1874, 1, 1, 282, 3, 2),
(1875, 26, 1, 282, 3, 2),
(1876, 27, 3, 282, 3, 2),
(1877, 33, 1, 282, 3, 2),
(1878, 34, 1, 282, 3, 2),
(1879, 36, 2, 282, 3, 2),
(1880, 39, 1, 282, 3, 2),
(1881, 42, 1, 282, 3, 2),
(1882, 44, 2, 282, 3, 2),
(1883, 1, 1, 283, 3, 2),
(1884, 14, 2, 283, 3, 2),
(1885, 26, 1, 283, 3, 2),
(1886, 27, 1, 283, 3, 2),
(1887, 31, 1, 283, 3, 2),
(1888, 33, 1, 283, 3, 2),
(1889, 34, 1, 283, 3, 2),
(1890, 36, 2, 283, 3, 2),
(1891, 39, 1, 283, 3, 2),
(1892, 42, 1, 283, 3, 2),
(1893, 44, 2, 283, 3, 2),
(1894, 1, -1, 285, 2, 2),
(1895, 26, -1, 285, 2, 2),
(1896, 27, -1, 285, 2, 2),
(1897, 33, -1, 285, 2, 2),
(1898, 34, -1, 285, 2, 2),
(1899, 36, -2, 285, 2, 2),
(1900, 39, -1, 285, 2, 2),
(1901, 44, -2, 285, 2, 2),
(1902, 42, -1, 285, 2, 2),
(1903, 1, -1, 286, 2, 2),
(1904, 33, -1, 286, 2, 2),
(1905, 34, -1, 286, 2, 2),
(1906, 39, -1, 286, 2, 2),
(1907, 27, -1, 286, 2, 2),
(1908, 36, -2, 286, 2, 2),
(1909, 42, -1, 286, 2, 2),
(1910, 44, -2, 286, 2, 2),
(1911, 14, -2, 286, 2, 2),
(1912, 7, 0, 287, 4, 2),
(1913, 25, 0, 287, 4, 2),
(1914, 43, 0, 287, 4, 2),
(1915, 7, 0, 288, 4, 2),
(1916, 25, 0, 288, 4, 2),
(1917, 43, 0, 288, 4, 2),
(1918, 7, 0, 289, 4, 2),
(1919, 25, 0, 289, 4, 2),
(1920, 43, 0, 289, 4, 2),
(1921, 7, 0, 290, 4, 2),
(1922, 25, 0, 290, 4, 2),
(1923, 43, 0, 290, 4, 2),
(1924, 1, 1, 291, 3, 2),
(1925, 26, 1, 291, 3, 2),
(1926, 27, 1, 291, 3, 2),
(1927, 33, 1, 291, 3, 2),
(1928, 34, 1, 291, 3, 2),
(1929, 36, 2, 291, 3, 2),
(1930, 39, 1, 291, 3, 2),
(1931, 42, 1, 291, 3, 2),
(1932, 44, 2, 291, 3, 2),
(1933, 31, -1, 292, 2, 2),
(1934, 1, 1, 293, 3, 2),
(1935, 14, 2, 293, 3, 2),
(1936, 27, 1, 293, 3, 2),
(1937, 33, 1, 293, 3, 2),
(1938, 34, 1, 293, 3, 2),
(1939, 36, 2, 293, 3, 2),
(1940, 39, 1, 293, 3, 2),
(1941, 42, 1, 293, 3, 2),
(1942, 44, 2, 293, 3, 2),
(1943, 58, -1, 294, 2, 2),
(1944, 41, -1, 294, 2, 2),
(1945, 75, -1, 294, 2, 2),
(1946, 68, -1, 295, 2, 2),
(1947, 74, -1, 295, 2, 2),
(1948, 41, -2, 295, 2, 2),
(1949, 80, -1, 295, 2, 2),
(1950, 61, -2, 295, 2, 2),
(1951, 7, -1, 296, 2, 2),
(1952, 1, -1, 297, 2, 2),
(1953, 14, -1, 297, 2, 2),
(1954, 26, -1, 297, 2, 2),
(1955, 27, -1, 297, 2, 2),
(1956, 31, -1, 297, 2, 2),
(1957, 33, -1, 297, 2, 2),
(1958, 34, -1, 297, 2, 2),
(1959, 36, -1, 297, 2, 2),
(1960, 39, -1, 297, 2, 2),
(1961, 44, -1, 297, 2, 2),
(1962, 42, -1, 297, 2, 2),
(1963, 7, -1, 297, 2, 2),
(1964, 7, 1, 298, 4, 2),
(1965, 25, 1, 298, 4, 2),
(1966, 43, 1, 298, 4, 2),
(1967, 27, 1, 299, 4, 2),
(1968, 1, 1, 300, 3, 2),
(1969, 14, 1, 300, 3, 2),
(1970, 26, 1, 300, 3, 2),
(1971, 27, 1, 300, 3, 2),
(1972, 31, 1, 300, 3, 2),
(1973, 33, 1, 300, 3, 2),
(1974, 34, 1, 300, 3, 2),
(1975, 36, 1, 300, 3, 2),
(1976, 39, 1, 300, 3, 2),
(1977, 42, 1, 300, 3, 2),
(1978, 44, 1, 300, 3, 2),
(1979, 24, -1, 301, 2, 2),
(1980, 132, -1, 301, 2, 2),
(1981, 41, 1, 302, 4, 2),
(1982, 80, 1, 302, 4, 2),
(1983, 7, 1, 303, 4, 2),
(1984, 68, 1, 303, 4, 2),
(1985, 7, -1, 304, 2, 2),
(1986, 7, -1, 305, 2, 2),
(1987, 1, 1, 308, 3, 2),
(1988, 14, 1, 308, 3, 2),
(1989, 26, 1, 308, 3, 2),
(1990, 27, 2, 308, 3, 2),
(1991, 33, 1, 308, 3, 2),
(1992, 34, 1, 308, 3, 2),
(1993, 36, 2, 308, 3, 2),
(1994, 39, 1, 308, 3, 2),
(1995, 42, 1, 308, 3, 2),
(1996, 44, 2, 308, 3, 2),
(1997, 7, 4, 309, 1, 2),
(1998, 58, -1, 310, 2, 2),
(1999, 65, -1, 310, 2, 2),
(2000, 1, -1, 311, 2, 2),
(2001, 14, -2, 311, 2, 2),
(2002, 26, -1, 311, 2, 2),
(2003, 27, -2, 311, 2, 2),
(2004, 31, -1, 311, 2, 2),
(2005, 33, -1, 311, 2, 2),
(2006, 34, -1, 311, 2, 2),
(2007, 36, -2, 311, 2, 2),
(2008, 39, -1, 311, 2, 2),
(2009, 44, -2, 311, 2, 2),
(2010, 42, -1, 311, 2, 2),
(2011, 1, -1, 312, 2, 2),
(2012, 14, -2, 312, 2, 2),
(2013, 26, -1, 312, 2, 2),
(2014, 27, -2, 312, 2, 2),
(2015, 31, -1, 312, 2, 2),
(2016, 33, -1, 312, 2, 2),
(2017, 34, -1, 312, 2, 2),
(2018, 36, -2, 312, 2, 2),
(2019, 39, -1, 312, 2, 2),
(2020, 44, -2, 312, 2, 2),
(2021, 42, -1, 312, 2, 2),
(2022, 4, -1, 313, 2, 2),
(2023, 58, -2, 313, 2, 2),
(2024, 61, -2, 313, 2, 2),
(2025, 76, -1, 313, 2, 2),
(2026, 121, -1, 313, 2, 2),
(2027, 117, -1, 313, 2, 2),
(2028, 122, -2, 313, 2, 2),
(2029, 101, -1, 313, 2, 2),
(2030, 123, -2, 313, 2, 2),
(2031, 64, -2, 313, 2, 2),
(2032, 115, -2, 313, 2, 2),
(2033, 66, -2, 313, 2, 2),
(2034, 112, -2, 313, 2, 2),
(2035, 69, -3, 313, 2, 2),
(2036, 65, -1, 313, 2, 2),
(2037, 73, -6, 313, 2, 2),
(2038, 75, -2, 313, 2, 2),
(2039, 4, -2, 314, 2, 2),
(2040, 61, -2, 314, 2, 2),
(2041, 76, -1, 314, 2, 2),
(2042, 121, -2, 314, 2, 2),
(2043, 117, -1, 314, 2, 2),
(2044, 122, -2, 314, 2, 2),
(2045, 101, -1, 314, 2, 2),
(2046, 64, -2, 314, 2, 2),
(2047, 123, -2, 314, 2, 2),
(2048, 115, -2, 314, 2, 2),
(2049, 66, -2, 314, 2, 2),
(2050, 95, -1, 314, 2, 2),
(2051, 112, -2, 314, 2, 2),
(2052, 69, -3, 314, 2, 2),
(2053, 65, -1, 314, 2, 2),
(2054, 73, -6, 314, 2, 2),
(2055, 75, -2, 314, 2, 2),
(2056, 1, 1, 315, 3, 2),
(2057, 14, 2, 315, 3, 2),
(2058, 26, 1, 315, 3, 2),
(2059, 27, 2, 315, 3, 2),
(2060, 31, 1, 315, 3, 2),
(2061, 33, 1, 315, 3, 2),
(2062, 34, 1, 315, 3, 2),
(2063, 36, 2, 315, 3, 2),
(2064, 39, 1, 315, 3, 2),
(2065, 42, 1, 315, 3, 2),
(2066, 44, 2, 315, 3, 2),
(2067, 1, 1, 316, 3, 2),
(2068, 14, 2, 316, 3, 2),
(2069, 26, 1, 316, 3, 2),
(2070, 27, 2, 316, 3, 2),
(2071, 31, 1, 316, 3, 2),
(2072, 33, 1, 316, 3, 2),
(2073, 34, 1, 316, 3, 2),
(2074, 36, 2, 316, 3, 2),
(2075, 39, 1, 316, 3, 2),
(2076, 42, 1, 316, 3, 2),
(2077, 44, 2, 316, 3, 2),
(2078, 4, 2, 317, 3, 2),
(2079, 61, 2, 317, 3, 2),
(2080, 64, 2, 317, 3, 2),
(2081, 65, 1, 317, 3, 2),
(2082, 66, 2, 317, 3, 2),
(2083, 69, 3, 317, 3, 2),
(2084, 73, 6, 317, 3, 2),
(2085, 75, 2, 317, 3, 2),
(2086, 76, 1, 317, 3, 2),
(2087, 95, 1, 317, 3, 2),
(2088, 101, 1, 317, 3, 2),
(2089, 112, 2, 317, 3, 2),
(2090, 115, 2, 317, 3, 2),
(2091, 117, 1, 317, 3, 2);
INSERT INTO `arrival_items` (`id`, `product_id`, `quantity`, `arrival_id`, `arrival_type_id`, `storage_id`) VALUES
(2092, 121, 2, 317, 3, 2),
(2093, 122, 2, 317, 3, 2),
(2094, 123, 2, 317, 3, 2),
(2095, 1, -1, 318, 2, 2),
(2096, 14, -2, 318, 2, 2),
(2097, 26, -1, 318, 2, 2),
(2098, 27, -2, 318, 2, 2),
(2099, 31, -1, 318, 2, 2),
(2100, 33, -1, 318, 2, 2),
(2101, 34, -1, 318, 2, 2),
(2102, 36, -2, 318, 2, 2),
(2103, 39, -1, 318, 2, 2),
(2104, 44, -2, 318, 2, 2),
(2105, 42, -1, 318, 2, 2),
(2106, 1, -1, 319, 2, 2),
(2107, 14, -2, 319, 2, 2),
(2108, 26, -1, 319, 2, 2),
(2109, 27, -2, 319, 2, 2),
(2110, 31, -1, 319, 2, 2),
(2111, 33, -1, 319, 2, 2),
(2112, 34, -1, 319, 2, 2),
(2113, 36, -2, 319, 2, 2),
(2114, 39, -1, 319, 2, 2),
(2115, 44, -1, 319, 2, 2),
(2116, 42, -1, 319, 2, 2),
(2117, 92, -1, 320, 2, 2),
(2118, 7, -1, 322, 2, 2),
(2119, 58, 1, 323, 3, 2),
(2120, 61, 2, 323, 3, 2),
(2121, 64, 2, 323, 3, 2),
(2122, 65, 1, 323, 3, 2),
(2123, 66, 2, 323, 3, 2),
(2124, 69, 3, 323, 3, 2),
(2125, 73, 6, 323, 3, 2),
(2126, 75, 1, 323, 3, 2),
(2127, 76, 1, 323, 3, 2),
(2128, 101, 1, 323, 3, 2),
(2129, 112, 2, 323, 3, 2),
(2130, 115, 2, 323, 3, 2),
(2131, 117, 1, 323, 3, 2),
(2132, 121, 1, 323, 3, 2),
(2133, 122, 2, 323, 3, 2),
(2134, 123, 2, 323, 3, 2),
(2135, 1, 1, 324, 3, 2),
(2136, 14, 2, 324, 3, 2),
(2137, 26, 1, 324, 3, 2),
(2138, 27, 2, 324, 3, 2),
(2139, 31, 1, 324, 3, 2),
(2140, 33, 1, 324, 3, 2),
(2141, 34, 1, 324, 3, 2),
(2142, 36, 2, 324, 3, 2),
(2143, 39, 1, 324, 3, 2),
(2144, 42, 1, 324, 3, 2),
(2145, 44, 1, 324, 3, 2),
(2146, 1, 1, 325, 3, 2),
(2147, 14, 2, 325, 3, 2),
(2148, 26, 1, 325, 3, 2),
(2149, 27, 2, 325, 3, 2),
(2150, 31, 1, 325, 3, 2),
(2151, 33, 1, 325, 3, 2),
(2152, 34, 1, 325, 3, 2),
(2153, 36, 2, 325, 3, 2),
(2154, 39, 1, 325, 3, 2),
(2155, 42, 1, 325, 3, 2),
(2156, 44, 2, 325, 3, 2),
(2157, 1, -1, 326, 2, 2),
(2158, 14, -2, 326, 2, 2),
(2159, 26, -1, 326, 2, 2),
(2160, 27, -2, 326, 2, 2),
(2161, 31, -1, 326, 2, 2),
(2162, 33, -1, 326, 2, 2),
(2163, 34, -1, 326, 2, 2),
(2164, 36, -2, 326, 2, 2),
(2165, 39, -1, 326, 2, 2),
(2166, 44, -2, 326, 2, 2),
(2167, 42, -1, 326, 2, 2),
(2168, 1, -3, 327, 2, 2),
(2169, 1, -1, 327, 2, 2),
(2170, 14, -2, 327, 2, 2),
(2171, 26, -1, 327, 2, 2),
(2172, 27, -2, 327, 2, 2),
(2173, 31, -1, 327, 2, 2),
(2174, 33, -1, 327, 2, 2),
(2175, 34, -1, 327, 2, 2),
(2176, 36, -2, 327, 2, 2),
(2177, 39, -1, 327, 2, 2),
(2178, 44, -2, 327, 2, 2),
(2179, 42, -1, 327, 2, 2),
(2180, 58, -2, 328, 2, 2),
(2181, 61, -2, 328, 2, 2),
(2182, 76, -1, 328, 2, 2),
(2183, 121, -1, 328, 2, 2),
(2184, 117, -1, 328, 2, 2),
(2185, 122, -2, 328, 2, 2),
(2186, 101, -1, 328, 2, 2),
(2187, 64, -2, 328, 2, 2),
(2188, 123, -2, 328, 2, 2),
(2189, 115, -2, 328, 2, 2),
(2190, 66, -2, 328, 2, 2),
(2191, 112, -2, 328, 2, 2),
(2192, 69, -3, 328, 2, 2),
(2193, 65, -1, 328, 2, 2),
(2194, 73, -6, 328, 2, 2),
(2195, 75, -2, 328, 2, 2),
(2196, 58, -2, 329, 2, 2),
(2197, 61, -2, 329, 2, 2),
(2198, 76, -1, 329, 2, 2),
(2199, 121, -2, 329, 2, 2),
(2200, 117, -1, 329, 2, 2),
(2201, 122, -2, 329, 2, 2),
(2202, 101, -1, 329, 2, 2),
(2203, 64, -2, 329, 2, 2),
(2204, 123, -2, 329, 2, 2),
(2205, 115, -2, 329, 2, 2),
(2206, 66, -2, 329, 2, 2),
(2207, 95, -1, 329, 2, 2),
(2208, 112, -2, 329, 2, 2),
(2209, 69, -3, 329, 2, 2),
(2210, 65, -1, 329, 2, 2),
(2211, 73, -6, 329, 2, 2),
(2212, 75, -2, 329, 2, 2);

-- --------------------------------------------------------

--
-- Struktura tabeli dla tabeli `arrival_products_temp`
--

CREATE TABLE IF NOT EXISTS `arrival_products_temp` (
  `id` int(11) NOT NULL AUTO_INCREMENT,
  `item_name` varchar(255) COLLATE latin2_bin NOT NULL,
  `item_sn` varchar(20) COLLATE latin2_bin NOT NULL,
  `item_quantity` int(11) NOT NULL,
  `item_product_id` int(11) NOT NULL,
  `document_name` varchar(20) COLLATE latin2_bin NOT NULL,
  `storage_id` int(11) NOT NULL,
  `create_user_id` int(11) NOT NULL,
  `create_date` datetime NOT NULL,
  `arrival_type_id` int(11) NOT NULL,
  PRIMARY KEY (`id`)
) ENGINE=InnoDB  DEFAULT CHARSET=latin2 COLLATE=latin2_bin AUTO_INCREMENT=46 ;

-- --------------------------------------------------------

--
-- Struktura tabeli dla tabeli `arrival_types`
--

CREATE TABLE IF NOT EXISTS `arrival_types` (
  `id` int(1) NOT NULL AUTO_INCREMENT,
  `name` varchar(255) COLLATE latin2_bin NOT NULL,
  `prefix` varchar(3) COLLATE latin2_bin NOT NULL,
  PRIMARY KEY (`id`)
) ENGINE=InnoDB  DEFAULT CHARSET=latin2 COLLATE=latin2_bin AUTO_INCREMENT=8 ;

--
-- Zrzut danych tabeli `arrival_types`
--

INSERT INTO `arrival_types` (`id`, `name`, `prefix`) VALUES
(1, 'Dostawa czci', 'N'),
(2, 'Transfer wydany', 'WYD'),
(3, 'Zwrot na magazyn', 'Z'),
(4, 'Transfer wewntrzny', 'WEW'),
(5, 'Odesano do serwisu', 'U'),
(6, 'Przyjto w serwisie', 'S'),
(7, 'Transfer wewntrzny papieru', 'NP');

-- --------------------------------------------------------

--
-- Struktura tabeli dla tabeli `arrivals`
--

CREATE TABLE IF NOT EXISTS `arrivals` (
  `id` int(11) NOT NULL AUTO_INCREMENT,
  `arrival_type_id` int(11) NOT NULL,
  `document_name` varchar(255) COLLATE latin2_bin NOT NULL,
  `storage_id` int(11) NOT NULL,
  `create_user_id` int(11) NOT NULL,
  `accept_user_id` int(11) DEFAULT NULL,
  `release_user_id` int(11) DEFAULT NULL,
  `create_date` datetime NOT NULL,
  `accept_date` datetime NOT NULL,
  `release_date` datetime NOT NULL,
  PRIMARY KEY (`id`)
) ENGINE=InnoDB  DEFAULT CHARSET=latin2 COLLATE=latin2_bin AUTO_INCREMENT=330 ;

--
-- Zrzut danych tabeli `arrivals`
--

INSERT INTO `arrivals` (`id`, `arrival_type_id`, `document_name`, `storage_id`, `create_user_id`, `accept_user_id`, `release_user_id`, `create_date`, `accept_date`, `release_date`) VALUES
(1, 1, 'WRO/N/01/2016', 2, 18, 15, NULL, '2016-10-03 11:25:33', '2016-10-03 11:29:15', '0000-00-00 00:00:00'),
(2, 2, 'WRO/WYD/01/2016', 2, 15, NULL, 14, '2016-10-03 11:33:17', '0000-00-00 00:00:00', '2016-10-03 11:33:17'),
(3, 2, 'WRO/WYD/02/2016', 2, 15, NULL, 8, '2016-10-04 11:37:50', '0000-00-00 00:00:00', '2016-10-04 11:37:50'),
(4, 2, 'WRO/WYD/03/2016', 2, 15, NULL, 10, '2016-10-04 11:38:41', '0000-00-00 00:00:00', '2016-10-04 11:38:41'),
(5, 1, 'WRO/N/02/2016', 2, 18, 15, NULL, '2016-10-04 11:13:21', '2016-10-04 12:04:48', '0000-00-00 00:00:00'),
(6, 666, 'Bd', 2, 15, 15, NULL, '2016-10-04 14:56:53', '2016-10-04 14:56:53', '0000-00-00 00:00:00'),
(7, 3, 'WRO/Z/01/2016', 2, 15, 15, NULL, '2016-10-04 14:57:48', '2016-10-04 14:57:48', '0000-00-00 00:00:00'),
(8, 2, 'WRO/WYD/04/2016', 2, 15, NULL, 10, '2016-10-04 14:58:30', '0000-00-00 00:00:00', '2016-10-04 14:58:30'),
(9, 1, 'WRO/N/03/2016', 2, 18, 15, NULL, '2016-10-04 11:32:29', '2016-10-05 10:58:58', '0000-00-00 00:00:00'),
(10, 1, 'WRO/N/04/2016', 2, 18, 15, NULL, '2016-10-05 12:56:40', '2016-10-05 12:59:00', '0000-00-00 00:00:00'),
(11, 2, 'WRO/WYD/05/2016', 2, 15, NULL, 5, '2016-10-06 07:21:44', '0000-00-00 00:00:00', '2016-10-06 07:21:44'),
(12, 1, 'WRO/N/05/2016', 2, 18, 15, NULL, '2016-10-06 10:50:32', '2016-10-06 10:51:04', '0000-00-00 00:00:00'),
(13, 2, 'WRO/WYD/06/2016', 2, 15, NULL, 9, '2016-10-06 13:46:17', '0000-00-00 00:00:00', '2016-10-06 13:46:17'),
(14, 2, 'WRO/WYD/07/2016', 2, 15, NULL, 8, '2016-10-07 07:50:28', '0000-00-00 00:00:00', '2016-10-07 07:50:28'),
(15, 2, 'WRO/WYD/08/2016', 2, 15, NULL, 8, '2016-10-07 14:01:44', '0000-00-00 00:00:00', '2016-10-07 14:01:44'),
(16, 3, 'WRO/Z/02/2016', 2, 15, 15, NULL, '2016-10-07 15:00:50', '2016-10-07 15:00:50', '0000-00-00 00:00:00'),
(17, 2, 'WRO/WYD/09/2016', 2, 15, NULL, 6, '2016-10-07 15:04:50', '0000-00-00 00:00:00', '2016-10-07 15:04:50'),
(18, 2, 'WRO/WYD/10/2016', 2, 15, NULL, 11, '2016-10-07 22:07:46', '0000-00-00 00:00:00', '2016-10-07 22:07:46'),
(19, 2, 'WRO/WYD/11/2016', 2, 15, NULL, 13, '2016-10-08 21:40:00', '0000-00-00 00:00:00', '2016-10-08 21:40:00'),
(20, 2, 'WRO/WYD/12/2016', 2, 15, NULL, 10, '2016-10-09 13:43:43', '0000-00-00 00:00:00', '2016-10-09 13:43:43'),
(21, 2, 'WRO/WYD/13/2016', 2, 15, NULL, 9, '2016-10-10 07:55:28', '0000-00-00 00:00:00', '2016-10-10 07:55:28'),
(22, 2, 'WRO/WYD/14/2016', 2, 15, NULL, 7, '2016-10-10 08:43:27', '0000-00-00 00:00:00', '2016-10-10 08:43:27'),
(23, 2, 'WRO/WYD/15/2016', 2, 15, NULL, 7, '2016-10-10 09:27:42', '0000-00-00 00:00:00', '2016-10-10 09:27:42'),
(24, 4, 'WRO/WEW/01/2016', 2, 15, 15, NULL, '2016-10-10 10:31:12', '2016-10-10 10:31:12', '0000-00-00 00:00:00'),
(25, 2, 'WRO/WYD/15_1/2016', 2, 15, NULL, 11, '2016-10-10 13:19:17', '0000-00-00 00:00:00', '2016-10-10 13:19:17'),
(26, 2, 'WRO/WYD/16/2016', 2, 15, NULL, 14, '2016-10-10 14:10:48', '0000-00-00 00:00:00', '2016-10-10 14:10:48'),
(27, 2, 'WRO/WYD/17/2016', 2, 15, NULL, 6, '2016-10-10 14:16:46', '0000-00-00 00:00:00', '2016-10-10 14:16:46'),
(28, 2, 'WRO/WYD/18/2016', 2, 15, NULL, 10, '2016-10-10 14:17:24', '0000-00-00 00:00:00', '2016-10-10 14:17:24'),
(29, 3, 'WRO/Z/03/2016', 2, 15, 15, NULL, '2016-10-10 14:29:33', '2016-10-10 14:29:33', '0000-00-00 00:00:00'),
(30, 2, 'WRO/WYD/19/2016', 2, 15, NULL, 14, '2016-10-11 06:56:59', '0000-00-00 00:00:00', '2016-10-11 06:56:59'),
(31, 3, 'WRO/Z/04/2016', 2, 15, 15, NULL, '2016-10-11 07:32:26', '2016-10-11 07:32:26', '0000-00-00 00:00:00'),
(32, 2, 'WRO/WYD/20/2016', 2, 15, NULL, 11, '2016-10-11 08:23:03', '0000-00-00 00:00:00', '2016-10-11 08:23:03'),
(33, 2, 'WRO/WYD/21/2016', 2, 15, NULL, 13, '2016-10-11 09:28:46', '0000-00-00 00:00:00', '2016-10-11 09:28:46'),
(34, 4, 'WRO/WEW/02/2016', 2, 15, 15, NULL, '2016-10-11 11:46:11', '2016-10-11 11:46:11', '0000-00-00 00:00:00'),
(35, 3, 'WRO/Z/05/2016', 2, 15, 15, NULL, '2016-10-11 14:00:10', '2016-10-11 14:00:10', '0000-00-00 00:00:00'),
(36, 2, 'WRO/WYD/22/2016', 2, 15, NULL, 13, '2016-10-11 14:16:30', '0000-00-00 00:00:00', '2016-10-11 14:16:30'),
(37, 2, 'WRO/WYD/23/2016', 2, 15, NULL, 8, '2016-10-11 14:26:30', '0000-00-00 00:00:00', '2016-10-11 14:26:30'),
(38, 2, 'WRO/WYD/24/2016', 2, 15, NULL, 14, '2016-10-11 14:27:20', '0000-00-00 00:00:00', '2016-10-11 14:27:20'),
(39, 2, 'WRO/WYD/25/2016', 2, 15, NULL, 10, '2016-10-11 15:51:04', '0000-00-00 00:00:00', '2016-10-11 15:51:04'),
(40, 3, 'WRO/Z/06/2016', 2, 15, 15, NULL, '2016-10-12 07:24:38', '2016-10-12 07:24:38', '0000-00-00 00:00:00'),
(41, 2, 'WRO/WYD/26/2016', 2, 15, NULL, 13, '2016-10-12 08:07:54', '0000-00-00 00:00:00', '2016-10-12 08:07:54'),
(42, 2, 'WRO/WYD/27/2016', 2, 15, NULL, 7, '2016-10-12 08:50:12', '0000-00-00 00:00:00', '2016-10-12 08:50:12'),
(43, 2, 'WRO/WYD/28/2016', 2, 15, NULL, 13, '2016-10-12 09:34:23', '0000-00-00 00:00:00', '2016-10-12 09:34:23'),
(44, 2, 'WRO/WYD/29/2016', 2, 15, NULL, 13, '2016-10-12 11:22:26', '0000-00-00 00:00:00', '2016-10-12 11:22:26'),
(45, 2, 'WRO/WYD/30/2016', 2, 15, NULL, 13, '2016-10-12 12:01:46', '0000-00-00 00:00:00', '2016-10-12 12:01:46'),
(46, 2, 'WRO/WYD/31/2016', 2, 15, NULL, 11, '2016-10-12 12:04:15', '0000-00-00 00:00:00', '2016-10-12 12:04:15'),
(47, 4, 'WRO/WEW/03/2016', 2, 15, 15, NULL, '2016-10-12 12:12:13', '2016-10-12 12:12:13', '0000-00-00 00:00:00'),
(48, 2, 'WRO/WYD/32/2016', 2, 15, NULL, 13, '2016-10-12 12:35:13', '0000-00-00 00:00:00', '2016-10-12 12:35:13'),
(49, 3, 'WRO/Z/07/2016', 2, 15, 15, NULL, '2016-10-12 12:37:07', '2016-10-12 12:37:07', '0000-00-00 00:00:00'),
(50, 2, 'WRO/WYD/33/2016', 2, 15, NULL, 14, '2016-10-12 12:39:07', '0000-00-00 00:00:00', '2016-10-12 12:39:07'),
(51, 2, 'WRO/WYD/34/2016', 2, 15, NULL, 14, '2016-10-12 12:51:22', '0000-00-00 00:00:00', '2016-10-12 12:51:22'),
(52, 2, 'WRO/WYD/34_1/2016', 2, 15, NULL, 14, '2016-10-12 12:53:49', '0000-00-00 00:00:00', '2016-10-12 12:53:49'),
(53, 3, 'WRO/Z/08/2016', 2, 15, 15, NULL, '2016-10-12 13:47:59', '2016-10-12 13:47:59', '0000-00-00 00:00:00'),
(54, 3, 'WRO/Z/09/2016', 2, 15, 15, NULL, '2016-10-12 13:49:06', '2016-10-12 13:49:06', '0000-00-00 00:00:00'),
(55, 4, 'WRO/WEW/04/2016', 2, 15, 15, NULL, '2016-10-12 13:57:46', '2016-10-12 13:57:46', '0000-00-00 00:00:00'),
(56, 2, 'WRO/WYD/35/2016', 2, 15, NULL, 14, '2016-10-12 14:17:39', '0000-00-00 00:00:00', '2016-10-12 14:17:39'),
(57, 2, 'WRO/WYD/36/2016', 2, 15, NULL, 8, '2016-10-12 14:42:16', '0000-00-00 00:00:00', '2016-10-12 14:42:16'),
(58, 2, 'WRO/WYD/37/2016', 2, 15, NULL, 10, '2016-10-12 14:49:29', '0000-00-00 00:00:00', '2016-10-12 14:49:29'),
(59, 3, 'WRO/Z/10/2016', 2, 15, 15, NULL, '2016-10-12 14:50:51', '2016-10-12 14:50:51', '0000-00-00 00:00:00'),
(60, 2, 'WRO/WYD/38/2016', 2, 15, NULL, 14, '2016-10-12 14:54:54', '0000-00-00 00:00:00', '2016-10-12 14:54:54'),
(61, 2, 'WRO/WYD/39/2016', 2, 15, NULL, 14, '2016-10-12 14:56:34', '0000-00-00 00:00:00', '2016-10-12 14:56:34'),
(62, 3, 'WRO/Z/11/2016', 2, 15, 15, NULL, '2016-10-12 14:58:08', '2016-10-12 14:58:08', '0000-00-00 00:00:00'),
(63, 4, 'WRO/WEW/05/2016', 2, 15, 15, NULL, '2016-10-12 15:18:32', '2016-10-12 15:18:32', '0000-00-00 00:00:00'),
(64, 5, 'WRO/U/01/2016', 2, 15, 15, NULL, '2016-10-12 15:20:30', '2016-10-12 15:20:30', '0000-00-00 00:00:00'),
(65, 3, 'WRO/Z/12/2016', 2, 15, 15, NULL, '2016-10-13 09:25:14', '2016-10-13 09:25:14', '0000-00-00 00:00:00'),
(66, 2, 'WRO/WYD/40/2016', 2, 15, NULL, 14, '2016-10-13 09:28:12', '0000-00-00 00:00:00', '2016-10-13 09:28:12'),
(67, 2, 'WRO/WYD/40_1/2016', 2, 15, NULL, 9, '2016-10-13 09:30:43', '0000-00-00 00:00:00', '2016-10-13 09:30:43'),
(68, 1, 'WRO/N/06/2016', 2, 18, 15, NULL, '2016-10-13 13:15:54', '2016-10-13 13:16:27', '0000-00-00 00:00:00'),
(69, 3, 'WRO/Z/13/2016', 2, 15, 15, NULL, '2016-10-13 14:03:07', '2016-10-13 14:03:07', '0000-00-00 00:00:00'),
(70, 2, 'WRO/WYD/41/2016', 2, 15, NULL, 7, '2016-10-13 14:28:48', '0000-00-00 00:00:00', '2016-10-13 14:28:48'),
(71, 2, 'WRO/WYD/42/2016', 2, 15, NULL, 8, '2016-10-13 14:29:28', '0000-00-00 00:00:00', '2016-10-13 14:29:28'),
(72, 2, 'WRO/WYD/43/2016', 2, 15, NULL, 14, '2016-10-13 14:34:32', '0000-00-00 00:00:00', '2016-10-13 14:34:32'),
(73, 3, 'WRO/Z/14/2016', 2, 15, 15, NULL, '2016-10-13 14:35:39', '2016-10-13 14:35:39', '0000-00-00 00:00:00'),
(74, 2, 'WRO/WYD/44/2016', 2, 15, NULL, 9, '2016-10-13 14:36:25', '0000-00-00 00:00:00', '2016-10-13 14:36:25'),
(75, 2, 'WRO/WYD/45/2016', 2, 15, NULL, 9, '2016-10-13 14:38:36', '0000-00-00 00:00:00', '2016-10-13 14:38:36'),
(76, 3, 'WRO/Z/15/2016', 2, 15, 15, NULL, '2016-10-13 14:41:30', '2016-10-13 14:41:30', '0000-00-00 00:00:00'),
(77, 2, 'WRO/WYD/46/2016', 2, 15, NULL, 7, '2016-10-14 07:03:34', '0000-00-00 00:00:00', '2016-10-14 07:03:34'),
(78, 3, 'WRO/Z/16/2016', 2, 15, 15, NULL, '2016-10-14 07:04:19', '2016-10-14 07:04:19', '0000-00-00 00:00:00'),
(79, 2, 'WRO/WYD/47/2016', 2, 15, NULL, 8, '2016-10-14 07:08:00', '0000-00-00 00:00:00', '2016-10-14 07:08:00'),
(80, 2, 'WRO/WYD/48/2016', 2, 15, NULL, 11, '2016-10-14 09:16:17', '0000-00-00 00:00:00', '2016-10-14 09:16:17'),
(81, 2, 'WRO/WYD/49/2016', 2, 15, NULL, 14, '2016-10-14 09:52:31', '0000-00-00 00:00:00', '2016-10-14 09:52:31'),
(82, 4, 'WRO/WEW/06/2016', 2, 15, 15, NULL, '2016-10-14 13:30:45', '2016-10-14 13:30:45', '0000-00-00 00:00:00'),
(83, 4, 'WRO/WEW/07/2016', 2, 15, 15, NULL, '2016-10-14 14:12:09', '2016-10-14 14:12:09', '0000-00-00 00:00:00'),
(84, 2, 'WRO/WYD/50/2016', 2, 15, NULL, 8, '2016-10-14 14:53:24', '0000-00-00 00:00:00', '2016-10-14 14:53:24'),
(85, 2, 'WRO/WYD/51/2016', 2, 15, NULL, 10, '2016-10-14 14:54:28', '0000-00-00 00:00:00', '2016-10-14 14:54:28'),
(86, 3, 'WRO/Z/17/2016', 2, 15, 15, NULL, '2016-10-14 14:55:29', '2016-10-14 14:55:29', '0000-00-00 00:00:00'),
(87, 2, 'WRO/WYD/52/2016', 2, 15, NULL, 8, '2016-10-14 14:58:49', '0000-00-00 00:00:00', '2016-10-14 14:58:49'),
(88, 3, 'WRO/Z/18/2016', 2, 15, 15, NULL, '2016-10-14 15:43:44', '2016-10-14 15:43:44', '0000-00-00 00:00:00'),
(89, 3, 'WRO/Z/19/2016', 2, 15, 15, NULL, '2016-10-15 10:24:56', '2016-10-15 10:24:56', '0000-00-00 00:00:00'),
(90, 2, 'WRO/WYD/53/2016', 2, 15, NULL, 7, '2016-10-17 08:17:28', '0000-00-00 00:00:00', '2016-10-17 08:17:28'),
(91, 2, 'WRO/WYD/54/2016', 2, 15, NULL, 8, '2016-10-17 08:47:49', '0000-00-00 00:00:00', '2016-10-17 08:47:49'),
(92, 2, 'WRO/WYD/55/2016', 2, 15, NULL, 14, '2016-10-17 11:35:17', '0000-00-00 00:00:00', '2016-10-17 11:35:17'),
(93, 2, 'WRO/WYD/56/2016', 2, 15, NULL, 14, '2016-10-17 12:30:23', '0000-00-00 00:00:00', '2016-10-17 12:30:23'),
(94, 3, 'WRO/Z/20/2016', 2, 15, 15, NULL, '2016-10-17 15:52:55', '2016-10-17 15:52:55', '0000-00-00 00:00:00'),
(95, 2, 'WRO/WYD/57/2016', 2, 15, NULL, 8, '2016-10-18 07:21:22', '0000-00-00 00:00:00', '2016-10-18 07:21:22'),
(96, 2, 'WRO/WYD/58/2016', 2, 15, NULL, 8, '2016-10-18 08:01:56', '0000-00-00 00:00:00', '2016-10-18 08:01:56'),
(97, 2, 'WRO/WYD/59/2016', 2, 15, NULL, 7, '2016-10-18 08:13:22', '0000-00-00 00:00:00', '2016-10-18 08:13:22'),
(98, 2, 'WRO/WYD/60/2016', 2, 15, NULL, 14, '2016-10-18 08:21:38', '0000-00-00 00:00:00', '2016-10-18 08:21:38'),
(99, 2, 'WRO/WYD/61/2016', 2, 15, NULL, 6, '2016-10-18 10:43:03', '0000-00-00 00:00:00', '2016-10-18 10:43:03'),
(100, 5, 'WRO/U/02/2016', 2, 15, 15, NULL, '2016-10-18 13:44:36', '2016-10-18 13:44:36', '0000-00-00 00:00:00'),
(101, 2, 'WRO/WYD/62/2016', 2, 15, NULL, 7, '2016-10-18 14:22:33', '0000-00-00 00:00:00', '2016-10-18 14:22:33'),
(102, 4, 'WRO/WEW/08/2016', 2, 15, 15, NULL, '2016-10-19 13:49:01', '2016-10-19 13:49:01', '0000-00-00 00:00:00'),
(103, 2, 'WRO/WYD/63/2016', 2, 15, NULL, 9, '2016-10-19 14:05:18', '0000-00-00 00:00:00', '2016-10-19 14:05:18'),
(104, 3, 'WRO/Z/21/2016', 2, 15, 15, NULL, '2016-10-20 09:52:16', '2016-10-20 09:52:16', '0000-00-00 00:00:00'),
(105, 2, 'WRO/WYD/64/2016', 2, 15, NULL, 6, '2016-10-20 14:19:45', '0000-00-00 00:00:00', '2016-10-20 14:19:45'),
(106, 2, 'WRO/WYD/65/2016', 2, 15, NULL, 14, '2016-10-20 15:11:22', '0000-00-00 00:00:00', '2016-10-20 15:11:22'),
(107, 2, 'WRO/WYD/66/2016', 2, 15, NULL, 10, '2016-10-21 08:07:47', '0000-00-00 00:00:00', '2016-10-21 08:07:47'),
(108, 2, 'WRO/WYD/66/2016', 2, 15, NULL, 14, '2016-10-21 08:09:04', '0000-00-00 00:00:00', '2016-10-21 08:09:04'),
(109, 4, 'WRO/WEW/09/2016', 2, 15, 15, NULL, '2016-10-21 08:15:31', '2016-10-21 08:15:31', '0000-00-00 00:00:00'),
(110, 3, 'WRO/Z/22/2016', 2, 15, 15, NULL, '2016-10-21 14:28:20', '2016-10-21 14:28:20', '0000-00-00 00:00:00'),
(111, 3, 'WRO/Z/23/2016', 2, 15, 15, NULL, '2016-10-21 14:28:33', '2016-10-21 14:28:33', '0000-00-00 00:00:00'),
(112, 3, 'WRO/Z/24/2016', 2, 15, 15, NULL, '2016-10-21 14:29:01', '2016-10-21 14:29:01', '0000-00-00 00:00:00'),
(113, 2, 'WRO/WYD/67/2016', 2, 15, NULL, 6, '2016-10-21 14:30:36', '0000-00-00 00:00:00', '2016-10-21 14:30:36'),
(114, 2, 'WRO/WYD/67_1/2016', 2, 15, NULL, 9, '2016-10-21 14:31:54', '0000-00-00 00:00:00', '2016-10-21 14:31:54'),
(115, 3, 'WRO/Z/25/2016', 2, 15, 15, NULL, '2016-10-22 11:09:29', '2016-10-22 11:09:29', '0000-00-00 00:00:00'),
(116, 3, 'WRO/Z/26/2016', 2, 15, 15, NULL, '2016-10-22 11:09:38', '2016-10-22 11:09:38', '0000-00-00 00:00:00'),
(117, 2, 'WRO/WYD/68/2016', 2, 15, NULL, 10, '2016-10-22 11:22:57', '0000-00-00 00:00:00', '2016-10-22 11:22:57'),
(118, 2, 'WRO/WYD/69/2016', 2, 17, NULL, 10, '2016-10-22 18:35:45', '0000-00-00 00:00:00', '2016-10-22 18:35:45'),
(119, 3, 'WRO/Z/27/2016', 2, 15, 15, NULL, '2016-10-22 21:24:51', '2016-10-22 21:24:51', '0000-00-00 00:00:00'),
(120, 2, 'WRO/WYD/70/2016', 2, 15, NULL, 5, '2016-10-24 07:44:57', '0000-00-00 00:00:00', '2016-10-24 07:44:57'),
(121, 2, 'WRO/WYD/71/2016', 2, 15, NULL, 7, '2016-10-24 07:46:08', '0000-00-00 00:00:00', '2016-10-24 07:46:08'),
(122, 3, 'WRO/Z/28/2016', 2, 15, 15, NULL, '2016-10-24 09:43:09', '2016-10-24 09:43:09', '0000-00-00 00:00:00'),
(123, 3, 'WRO/Z/29/2016', 2, 15, 15, NULL, '2016-10-24 14:10:56', '2016-10-24 14:10:56', '0000-00-00 00:00:00'),
(124, 3, 'WRO/Z/30/2016', 2, 15, 15, NULL, '2016-10-24 14:11:10', '2016-10-24 14:11:10', '0000-00-00 00:00:00'),
(125, 2, 'WRO/WYD/72/2016', 2, 15, NULL, 11, '2016-10-24 14:16:02', '0000-00-00 00:00:00', '2016-10-24 14:16:02'),
(126, 2, 'WRO/WYD/73/2016', 2, 15, NULL, 10, '2016-10-24 14:18:02', '0000-00-00 00:00:00', '2016-10-24 14:18:02'),
(127, 2, 'WRO/WYD/74/2016', 2, 15, NULL, 9, '2016-10-24 21:54:47', '0000-00-00 00:00:00', '2016-10-24 21:54:47'),
(128, 3, 'WRO/Z/31/2016', 2, 15, 15, NULL, '2016-10-25 07:20:50', '2016-10-25 07:20:50', '0000-00-00 00:00:00'),
(129, 3, 'WRO/Z/32/2016', 2, 15, 15, NULL, '2016-10-25 07:21:59', '2016-10-25 07:21:59', '0000-00-00 00:00:00'),
(130, 3, 'WRO/Z/33/2016', 2, 15, 15, NULL, '2016-10-25 07:25:17', '2016-10-25 07:25:17', '0000-00-00 00:00:00'),
(131, 2, 'WRO/WYD/75/2016', 2, 15, NULL, 5, '2016-10-25 07:26:57', '0000-00-00 00:00:00', '2016-10-25 07:26:57'),
(132, 2, 'WRO/WYD/76/2016', 2, 15, NULL, 7, '2016-10-25 07:28:32', '0000-00-00 00:00:00', '2016-10-25 07:28:32'),
(133, 1, 'WRO/N/07/2016', 2, 18, 15, NULL, '2016-10-25 11:04:41', '2016-10-25 11:09:22', '0000-00-00 00:00:00'),
(134, 1, 'WRO/N/08/2016', 2, 18, 15, NULL, '2016-10-25 11:08:23', '2016-10-25 11:09:59', '0000-00-00 00:00:00'),
(135, 2, 'WRO/WYD/77/2016', 2, 15, NULL, 5, '2016-10-25 12:30:40', '0000-00-00 00:00:00', '2016-10-25 12:30:40'),
(136, 2, 'WRO/WYD/78/2016', 2, 15, NULL, 11, '2016-10-25 13:28:26', '0000-00-00 00:00:00', '2016-10-25 13:28:26'),
(137, 3, 'WRO/Z/34/2016', 2, 15, 15, NULL, '2016-10-25 14:03:06', '2016-10-25 14:03:06', '0000-00-00 00:00:00'),
(138, 2, 'WRO/WYD/79/2016', 2, 15, NULL, 11, '2016-10-25 14:12:48', '0000-00-00 00:00:00', '2016-10-25 14:12:48'),
(139, 3, 'WRO/Z/35/2016', 2, 15, 15, NULL, '2016-10-25 14:26:39', '2016-10-25 14:26:39', '0000-00-00 00:00:00'),
(140, 2, 'WRO/WYD/80/2016', 2, 15, NULL, 14, '2016-10-25 14:35:33', '0000-00-00 00:00:00', '2016-10-25 14:35:33'),
(141, 2, 'WRO/WYD/81/2016', 2, 15, NULL, 9, '2016-10-25 14:39:39', '0000-00-00 00:00:00', '2016-10-25 14:39:39'),
(142, 2, 'WRO/WYD/82/2016', 2, 15, NULL, 7, '2016-10-26 07:08:40', '0000-00-00 00:00:00', '2016-10-26 07:08:40'),
(143, 2, 'WRO/WYD/83/2016', 2, 15, NULL, 5, '2016-10-26 07:10:25', '0000-00-00 00:00:00', '2016-10-26 07:10:25'),
(144, 3, 'WRO/Z/36/2016', 2, 15, 15, NULL, '2016-10-26 07:11:18', '2016-10-26 07:11:18', '0000-00-00 00:00:00'),
(145, 3, 'WRO/Z/37/2016', 2, 15, 15, NULL, '2016-10-26 07:11:34', '2016-10-26 07:11:34', '0000-00-00 00:00:00'),
(146, 3, 'WRO/Z/38/2016', 2, 15, 15, NULL, '2016-10-26 07:11:56', '2016-10-26 07:11:56', '0000-00-00 00:00:00'),
(147, 4, 'WRO/WEW/10/2016', 2, 15, 15, NULL, '2016-10-26 11:58:35', '2016-10-26 11:58:35', '0000-00-00 00:00:00'),
(148, 2, 'WRO/WYD/84/2016', 2, 15, NULL, 9, '2016-10-26 12:06:30', '0000-00-00 00:00:00', '2016-10-26 12:06:30'),
(149, 2, 'WRO/WYD/85/2016', 2, 15, NULL, 14, '2016-10-26 12:09:48', '0000-00-00 00:00:00', '2016-10-26 12:09:48'),
(150, 3, 'WRO/Z/39/2016', 2, 15, 15, NULL, '2016-10-26 14:19:44', '2016-10-26 14:19:44', '0000-00-00 00:00:00'),
(151, 3, 'WRO/Z/40/2016', 2, 15, 15, NULL, '2016-10-26 14:20:47', '2016-10-26 14:20:47', '0000-00-00 00:00:00'),
(152, 2, 'WRO/WYD/86/2016', 2, 15, NULL, 6, '2016-10-26 14:22:10', '0000-00-00 00:00:00', '2016-10-26 14:22:10'),
(153, 2, 'WRO/WYD/87/2016', 2, 15, NULL, 8, '2016-10-26 14:23:33', '0000-00-00 00:00:00', '2016-10-26 14:23:33'),
(154, 4, 'WRO/WEW/11/2016', 2, 15, 15, NULL, '2016-10-26 14:24:48', '2016-10-26 14:24:48', '0000-00-00 00:00:00'),
(155, 3, 'WRO/Z/41/2016', 2, 15, 15, NULL, '2016-10-27 07:22:47', '2016-10-27 07:22:47', '0000-00-00 00:00:00'),
(156, 3, 'WRO/Z/42/2016', 2, 15, 15, NULL, '2016-10-27 07:23:01', '2016-10-27 07:23:01', '0000-00-00 00:00:00'),
(157, 3, 'WRO/Z/43/2016', 2, 15, 15, NULL, '2016-10-27 07:23:19', '2016-10-27 07:23:19', '0000-00-00 00:00:00'),
(158, 3, 'WRO/Z/44/2016', 2, 15, 15, NULL, '2016-10-27 07:25:38', '2016-10-27 07:25:38', '0000-00-00 00:00:00'),
(159, 2, 'WRO/WYD/88/2016', 2, 15, NULL, 5, '2016-10-27 09:12:07', '0000-00-00 00:00:00', '2016-10-27 09:12:07'),
(160, 2, 'WRO/WYD/89/2016', 2, 15, NULL, 8, '2016-10-27 09:13:27', '0000-00-00 00:00:00', '2016-10-27 09:13:27'),
(161, 3, 'WRO/Z/45/2016', 2, 15, 15, NULL, '2016-10-27 15:00:56', '2016-10-27 15:00:56', '0000-00-00 00:00:00'),
(162, 3, 'WRO/Z/46/2016', 2, 15, 15, NULL, '2016-10-27 15:01:18', '2016-10-27 15:01:18', '0000-00-00 00:00:00'),
(163, 2, 'WRO/WYD/90/2016', 2, 15, NULL, 6, '2016-10-27 15:04:08', '0000-00-00 00:00:00', '2016-10-27 15:04:08'),
(164, 2, 'WRO/WYD/91/2016', 2, 15, NULL, 10, '2016-10-27 15:05:30', '0000-00-00 00:00:00', '2016-10-27 15:05:30'),
(165, 3, 'WRO/Z/47/2016', 2, 15, 15, NULL, '2016-10-27 22:48:06', '2016-10-27 22:48:06', '0000-00-00 00:00:00'),
(166, 3, 'WRO/Z/48/2016', 2, 15, 15, NULL, '2016-10-27 22:48:33', '2016-10-27 22:48:33', '0000-00-00 00:00:00'),
(167, 2, 'WRO/WYD/92/2016', 2, 15, NULL, 7, '2016-10-28 06:48:30', '0000-00-00 00:00:00', '2016-10-28 06:48:30'),
(168, 2, 'WRO/WYD/93/2016', 2, 15, NULL, 5, '2016-10-28 06:59:42', '0000-00-00 00:00:00', '2016-10-28 06:59:42'),
(169, 3, 'WRO/Z/49/2016', 2, 15, 15, NULL, '2016-10-28 13:52:04', '2016-10-28 13:52:04', '0000-00-00 00:00:00'),
(170, 3, 'WRO/Z/50/2016', 2, 15, 15, NULL, '2016-10-28 15:19:56', '2016-10-28 15:19:56', '0000-00-00 00:00:00'),
(171, 3, 'WRO/Z/51/2016', 2, 15, 15, NULL, '2016-10-28 15:20:13', '2016-10-28 15:20:13', '0000-00-00 00:00:00'),
(172, 2, 'WRO/WYD/94/2016', 2, 17, NULL, 6, '2016-10-28 16:51:39', '0000-00-00 00:00:00', '2016-10-28 16:51:39'),
(173, 2, 'WRO/WYD/95/2016', 2, 17, NULL, 10, '2016-10-28 16:55:31', '0000-00-00 00:00:00', '2016-10-28 16:55:31'),
(174, 2, 'WRO/WYD/96/2016', 2, 17, NULL, 14, '2016-10-28 21:00:30', '0000-00-00 00:00:00', '2016-10-28 21:00:30'),
(175, 2, 'WRO/WYD/97/2016', 2, 17, NULL, 9, '2016-10-28 21:05:12', '0000-00-00 00:00:00', '2016-10-28 21:05:12'),
(176, 3, 'WRO/Z/52/2016', 2, 15, 15, NULL, '2016-10-29 07:13:40', '2016-10-29 07:13:40', '0000-00-00 00:00:00'),
(177, 3, 'WRO/Z/53/2016', 2, 15, 15, NULL, '2016-10-29 07:14:05', '2016-10-29 07:14:05', '0000-00-00 00:00:00'),
(178, 3, 'WRO/Z/54/2016', 2, 15, 15, NULL, '2016-10-29 07:14:34', '2016-10-29 07:14:34', '0000-00-00 00:00:00'),
(179, 3, 'WRO/Z/55/2016', 2, 15, 15, NULL, '2016-10-29 07:16:13', '2016-10-29 07:16:13', '0000-00-00 00:00:00'),
(180, 2, 'WRO/WYD/98/2016', 2, 15, NULL, 14, '2016-10-31 07:27:49', '0000-00-00 00:00:00', '2016-10-31 07:27:49'),
(181, 2, 'WRO/WYD/99/2016', 2, 15, NULL, 14, '2016-10-31 07:43:14', '0000-00-00 00:00:00', '2016-10-31 07:43:14'),
(182, 4, 'WRO/WEW/12/2016', 2, 15, 15, NULL, '2016-10-31 07:50:38', '2016-10-31 07:50:38', '0000-00-00 00:00:00'),
(183, 2, 'WRO/WYD/100/2016', 2, 15, NULL, 9, '2016-10-31 09:26:04', '0000-00-00 00:00:00', '2016-10-31 09:26:04'),
(184, 2, 'WRO/WYD/101/2016', 2, 15, NULL, 14, '2016-10-31 09:50:09', '0000-00-00 00:00:00', '2016-10-31 09:50:09'),
(185, 2, 'WRO/WYD/102/2016', 2, 15, NULL, 14, '2016-10-31 10:18:40', '0000-00-00 00:00:00', '2016-10-31 10:18:40'),
(186, 2, 'WRO/WYD/103/2016', 2, 15, NULL, 9, '2016-10-31 10:20:28', '0000-00-00 00:00:00', '2016-10-31 10:20:28'),
(187, 3, 'WRO/Z/56/2016', 2, 15, 15, NULL, '2016-10-31 13:58:58', '2016-10-31 13:58:58', '0000-00-00 00:00:00'),
(188, 3, 'WRO/Z/57/2016', 2, 15, 15, NULL, '2016-10-31 13:59:20', '2016-10-31 13:59:20', '0000-00-00 00:00:00'),
(189, 2, 'WRO/WYD/104/2016', 2, 15, NULL, 13, '2016-10-31 14:07:23', '0000-00-00 00:00:00', '2016-10-31 14:07:23'),
(190, 2, 'WRO/WYD/105/2016', 2, 15, NULL, 7, '2016-10-31 14:10:33', '0000-00-00 00:00:00', '2016-10-31 14:10:33'),
(191, 2, 'WRO/WYD/106/2016', 2, 15, NULL, 10, '2016-10-31 14:32:02', '0000-00-00 00:00:00', '2016-10-31 14:32:02'),
(192, 2, 'WRO/WYD/107/2016', 2, 15, NULL, 11, '2016-10-31 14:37:36', '0000-00-00 00:00:00', '2016-10-31 14:37:36'),
(193, 3, 'WRO/Z/58/2016', 2, 15, 15, NULL, '2016-10-31 22:10:14', '2016-10-31 22:10:14', '0000-00-00 00:00:00'),
(194, 3, 'WRO/Z/59/2016', 2, 15, 15, NULL, '2016-10-31 22:21:46', '2016-10-31 22:21:46', '0000-00-00 00:00:00'),
(195, 2, 'WRO/WYD/108/2016', 2, 15, NULL, 5, '2016-11-01 10:46:23', '0000-00-00 00:00:00', '2016-11-01 10:46:23'),
(196, 2, 'WRO/WYD/109/2016', 2, 15, NULL, 7, '2016-11-01 10:48:15', '0000-00-00 00:00:00', '2016-11-01 10:48:15'),
(197, 3, 'WRO/Z/60/2016', 2, 15, 15, NULL, '2016-11-01 21:34:22', '2016-11-01 21:34:22', '0000-00-00 00:00:00'),
(198, 3, 'WRO/Z/61/2016', 2, 15, 15, NULL, '2016-11-02 12:27:39', '2016-11-02 12:27:39', '0000-00-00 00:00:00'),
(199, 3, 'WRO/Z/62/2016', 2, 15, 15, NULL, '2016-11-02 12:35:57', '2016-11-02 12:35:57', '0000-00-00 00:00:00'),
(200, 3, 'WRO/Z/63/2016', 2, 15, 15, NULL, '2016-11-02 12:37:33', '2016-11-02 12:37:33', '0000-00-00 00:00:00'),
(201, 3, 'WRO/Z/64/2016', 2, 15, 15, NULL, '2016-11-02 12:46:40', '2016-11-02 12:46:40', '0000-00-00 00:00:00'),
(202, 2, 'WRO/WYD/110/2016', 2, 15, NULL, 10, '2016-11-02 12:50:03', '0000-00-00 00:00:00', '2016-11-02 12:50:03'),
(203, 2, 'WRO/WYD/111/2016', 2, 15, NULL, 11, '2016-11-02 13:26:50', '0000-00-00 00:00:00', '2016-11-02 13:26:50'),
(204, 2, 'WRO/WYD/112/2016', 2, 15, NULL, 14, '2016-11-02 13:36:53', '0000-00-00 00:00:00', '2016-11-02 13:36:53'),
(205, 2, 'WRO/WYD/113/2016', 2, 15, NULL, 7, '2016-11-02 13:54:11', '0000-00-00 00:00:00', '2016-11-02 13:54:11'),
(206, 2, 'WRO/WYD/114/2016', 2, 15, NULL, 5, '2016-11-02 14:19:03', '0000-00-00 00:00:00', '2016-11-02 14:19:03'),
(207, 2, 'WRO/WYD/115/2016', 2, 15, NULL, 14, '2016-11-02 14:25:35', '0000-00-00 00:00:00', '2016-11-02 14:25:35'),
(208, 2, 'WRO/WYD/116/2016', 2, 15, NULL, 14, '2016-11-02 14:50:01', '0000-00-00 00:00:00', '2016-11-02 14:50:01'),
(209, 2, 'WRO/WYD/117/2016', 2, 15, NULL, 14, '2016-11-02 15:02:06', '0000-00-00 00:00:00', '2016-11-02 15:02:06'),
(210, 2, 'WRO/WYD/118/2016', 2, 15, NULL, 6, '2016-11-02 15:24:06', '0000-00-00 00:00:00', '2016-11-02 15:24:06'),
(211, 2, 'WRO/WYD/119/2016', 2, 15, NULL, 10, '2016-11-02 15:27:52', '0000-00-00 00:00:00', '2016-11-02 15:27:52'),
(212, 3, 'WRO/Z/65/2016', 2, 15, 15, NULL, '2016-11-03 07:59:23', '2016-11-03 07:59:23', '0000-00-00 00:00:00'),
(213, 3, 'WRO/Z/66/2016', 2, 15, 15, NULL, '2016-11-03 08:03:42', '2016-11-03 08:03:42', '0000-00-00 00:00:00'),
(214, 3, 'WRO/Z/67/2016', 2, 15, 15, NULL, '2016-11-03 08:04:03', '2016-11-03 08:04:03', '0000-00-00 00:00:00'),
(215, 3, 'WRO/Z/68/2016', 2, 15, 15, NULL, '2016-11-03 08:05:09', '2016-11-03 08:05:09', '0000-00-00 00:00:00'),
(216, 2, 'WRO/WYD/120/2016', 2, 15, NULL, 11, '2016-11-03 10:55:18', '0000-00-00 00:00:00', '2016-11-03 10:55:18'),
(217, 2, 'WRO/WYD/121/2016', 2, 15, NULL, 11, '2016-11-03 12:00:53', '0000-00-00 00:00:00', '2016-11-03 12:00:53'),
(218, 2, 'WRO/WYD/122/2016', 2, 15, NULL, 9, '2016-11-03 12:03:16', '0000-00-00 00:00:00', '2016-11-03 12:03:16'),
(219, 3, 'WRO/Z/69/2016', 2, 15, 15, NULL, '2016-11-03 14:55:31', '2016-11-03 14:55:31', '0000-00-00 00:00:00'),
(220, 3, 'WRO/Z/70/2016', 2, 15, 15, NULL, '2016-11-03 14:56:33', '2016-11-03 14:56:33', '0000-00-00 00:00:00'),
(221, 2, 'WRO/WYD/123/2016', 2, 15, NULL, 7, '2016-11-03 14:59:48', '0000-00-00 00:00:00', '2016-11-03 14:59:48'),
(222, 2, 'WRO/WYD/124/2016', 2, 15, NULL, 13, '2016-11-03 15:01:16', '0000-00-00 00:00:00', '2016-11-03 15:01:16'),
(223, 2, 'WRO/WYD/125/2016', 2, 15, NULL, 5, '2016-11-03 15:06:07', '0000-00-00 00:00:00', '2016-11-03 15:06:07'),
(224, 2, 'WRO/WYD/126/2016', 2, 15, NULL, 10, '2016-11-03 15:09:26', '0000-00-00 00:00:00', '2016-11-03 15:09:26'),
(225, 2, 'WRO/WYD/127/2016', 2, 15, NULL, 5, '2016-11-03 15:52:29', '0000-00-00 00:00:00', '2016-11-03 15:52:29'),
(226, 2, 'WRO/WYD/128/2016', 2, 15, NULL, 10, '2016-11-03 15:52:58', '0000-00-00 00:00:00', '2016-11-03 15:52:58'),
(227, 4, 'WRO/WEW/13/2016', 2, 15, 15, NULL, '2016-11-03 22:11:03', '2016-11-03 22:11:03', '0000-00-00 00:00:00'),
(228, 3, 'WRO/Z/71/2016', 2, 15, 15, NULL, '2016-11-03 22:11:25', '2016-11-03 22:11:25', '0000-00-00 00:00:00'),
(229, 2, 'WRO/WYD/129/2016', 2, 15, NULL, 11, '2016-11-04 09:17:44', '0000-00-00 00:00:00', '2016-11-04 09:17:44'),
(230, 2, 'WRO/WYD/130/2016', 2, 15, NULL, 9, '2016-11-04 09:19:15', '0000-00-00 00:00:00', '2016-11-04 09:19:15'),
(231, 3, 'WRO/Z/72/2016', 2, 15, 15, NULL, '2016-11-04 09:21:51', '2016-11-04 09:21:51', '0000-00-00 00:00:00'),
(232, 2, 'WRO/WYD/131/2016', 2, 17, NULL, 14, '2016-11-04 13:52:42', '0000-00-00 00:00:00', '2016-11-04 13:52:42'),
(233, 2, 'WRO/WYD/132/2016', 2, 17, NULL, 14, '2016-11-04 14:00:29', '0000-00-00 00:00:00', '2016-11-04 14:00:29'),
(234, 2, 'WRO/WYD/133/2016', 2, 17, NULL, 7, '2016-11-04 16:24:02', '0000-00-00 00:00:00', '2016-11-04 16:24:02'),
(235, 3, 'WRO/Z/73/2016', 2, 15, 15, NULL, '2016-11-05 12:11:59', '2016-11-05 12:11:59', '0000-00-00 00:00:00'),
(236, 3, 'WRO/Z/74/2016', 2, 15, 15, NULL, '2016-11-05 12:12:14', '2016-11-05 12:12:14', '0000-00-00 00:00:00'),
(237, 3, 'WRO/Z/75/2016', 2, 15, 15, NULL, '2016-11-05 12:12:28', '2016-11-05 12:12:28', '0000-00-00 00:00:00'),
(238, 3, 'WRO/Z/76/2016', 2, 15, 15, NULL, '2016-11-05 12:12:41', '2016-11-05 12:12:41', '0000-00-00 00:00:00'),
(239, 3, 'WRO/Z/77/2016', 2, 15, 15, NULL, '2016-11-07 07:23:34', '2016-11-07 07:23:34', '0000-00-00 00:00:00'),
(240, 2, 'WRO/WYD/134/2016', 2, 15, NULL, 5, '2016-11-07 08:04:10', '0000-00-00 00:00:00', '2016-11-07 08:04:10'),
(241, 2, 'WRO/WYD/135/2016', 2, 15, NULL, 5, '2016-11-07 08:34:03', '0000-00-00 00:00:00', '2016-11-07 08:34:03'),
(242, 2, 'WRO/WYD/136/2016', 2, 15, NULL, 6, '2016-11-07 08:34:43', '0000-00-00 00:00:00', '2016-11-07 08:34:43'),
(243, 4, 'WRO/WEW/14/2016', 2, 15, 15, NULL, '2016-11-07 11:12:33', '2016-11-07 11:12:33', '0000-00-00 00:00:00'),
(244, 2, 'WRO/WYD/137/2016', 2, 15, NULL, 11, '2016-11-07 11:46:02', '0000-00-00 00:00:00', '2016-11-07 11:46:02'),
(245, 2, 'WRO/WYD/138/2016', 2, 15, NULL, 14, '2016-11-07 12:58:31', '0000-00-00 00:00:00', '2016-11-07 12:58:31'),
(246, 2, 'WRO/WYD/139/2016', 2, 15, NULL, 9, '2016-11-07 13:53:12', '0000-00-00 00:00:00', '2016-11-07 13:53:12'),
(247, 2, 'WRO/WYD/140/2016', 2, 15, NULL, 11, '2016-11-07 14:53:49', '0000-00-00 00:00:00', '2016-11-07 14:53:49'),
(248, 2, 'WRO/WYD/141/2016', 2, 15, NULL, 11, '2016-11-07 15:09:33', '0000-00-00 00:00:00', '2016-11-07 15:09:33'),
(249, 2, 'WRO/WYD/142/2016', 2, 15, NULL, 5, '2016-11-07 22:11:58', '0000-00-00 00:00:00', '2016-11-07 22:11:58'),
(250, 2, 'WRO/WYD/143/2016', 2, 15, NULL, 7, '2016-11-07 22:15:49', '0000-00-00 00:00:00', '2016-11-07 22:15:49'),
(251, 3, 'WRO/Z/78/2016', 2, 15, 15, NULL, '2016-11-08 07:20:33', '2016-11-08 07:20:33', '0000-00-00 00:00:00'),
(252, 3, 'WRO/Z/79/2016', 2, 15, 15, NULL, '2016-11-08 07:20:48', '2016-11-08 07:20:48', '0000-00-00 00:00:00'),
(253, 3, 'WRO/Z/80/2016', 2, 15, 15, NULL, '2016-11-08 07:21:06', '2016-11-08 07:21:06', '0000-00-00 00:00:00'),
(254, 666, 'WRO/Z/80/2016', 2, 15, 15, NULL, '2016-11-08 07:21:07', '2016-11-08 07:21:07', '0000-00-00 00:00:00'),
(255, 3, 'WRO/Z/81/2016', 2, 15, 15, NULL, '2016-11-08 07:21:16', '2016-11-08 07:21:16', '0000-00-00 00:00:00'),
(256, 2, 'WRO/WYD/144/2016', 2, 15, NULL, 7, '2016-11-08 07:26:51', '0000-00-00 00:00:00', '2016-11-08 07:26:51'),
(257, 2, 'WRO/WYD/145/2016', 2, 15, NULL, 9, '2016-11-08 07:38:47', '0000-00-00 00:00:00', '2016-11-08 07:38:47'),
(258, 1, 'WRO/N/09/2016', 2, 18, 15, NULL, '2016-11-08 09:10:00', '2016-11-08 09:10:35', '0000-00-00 00:00:00'),
(259, 1, 'WRO/N/10/2016', 2, 18, 15, NULL, '2016-11-08 09:41:17', '2016-11-08 09:41:53', '0000-00-00 00:00:00'),
(260, 2, 'WRO/WYD/146/2016', 2, 15, NULL, 10, '2016-11-08 12:52:35', '0000-00-00 00:00:00', '2016-11-08 12:52:35'),
(261, 2, 'WRO/WYD/147/2016', 2, 15, NULL, 6, '2016-11-08 12:54:51', '0000-00-00 00:00:00', '2016-11-08 12:54:51'),
(262, 2, 'WRO/WYD/148/2016', 2, 15, NULL, 13, '2016-11-08 13:14:53', '0000-00-00 00:00:00', '2016-11-08 13:14:53'),
(263, 2, 'WRO/WYD/149/2016', 2, 15, NULL, 7, '2016-11-08 13:18:35', '0000-00-00 00:00:00', '2016-11-08 13:18:35'),
(264, 3, 'WRO/Z/82/2016', 2, 15, 15, NULL, '2016-11-08 13:58:01', '2016-11-08 13:58:01', '0000-00-00 00:00:00'),
(265, 2, 'WRO/WYD/150/2016', 2, 15, NULL, 9, '2016-11-08 14:01:47', '0000-00-00 00:00:00', '2016-11-08 14:01:47'),
(266, 2, 'WRO/WYD/151/2016', 2, 15, NULL, 14, '2016-11-08 14:06:44', '0000-00-00 00:00:00', '2016-11-08 14:06:44'),
(267, 3, 'WRO/Z/83/2016', 2, 15, 15, NULL, '2016-11-09 10:17:32', '2016-11-09 10:17:32', '0000-00-00 00:00:00'),
(268, 3, 'WRO/Z/84/2016', 2, 15, 15, NULL, '2016-11-09 10:17:48', '2016-11-09 10:17:48', '0000-00-00 00:00:00'),
(269, 2, 'WRO/WYD/152/2016', 2, 17, NULL, 10, '2016-11-09 10:37:50', '0000-00-00 00:00:00', '2016-11-09 10:37:50'),
(270, 2, 'WRO/WYD/153/2016', 2, 17, NULL, 14, '2016-11-09 10:40:22', '0000-00-00 00:00:00', '2016-11-09 10:40:22'),
(271, 3, 'WRO/Z/85/2016', 2, 15, 15, NULL, '2016-11-10 06:11:31', '2016-11-10 06:11:31', '0000-00-00 00:00:00'),
(272, 3, 'WRO/Z/86/2016', 2, 15, 15, NULL, '2016-11-10 06:11:51', '2016-11-10 06:11:51', '0000-00-00 00:00:00'),
(273, 5, 'WRO/U/03/2016', 2, 15, 15, NULL, '2016-11-10 06:13:35', '2016-11-10 06:13:35', '0000-00-00 00:00:00'),
(274, 5, 'WRO/U/04/2016', 2, 15, 15, NULL, '2016-11-10 06:17:33', '2016-11-10 06:17:33', '0000-00-00 00:00:00'),
(275, 5, 'WRO/U/05/2016', 2, 15, 15, NULL, '2016-11-10 06:17:57', '2016-11-10 06:17:57', '0000-00-00 00:00:00'),
(276, 2, 'WRO/WYD/154/2016', 2, 17, NULL, 10, '2016-11-10 07:25:25', '0000-00-00 00:00:00', '2016-11-10 07:25:25'),
(277, 3, 'WRO/Z/87/2016', 2, 17, 17, NULL, '2016-11-10 07:26:38', '2016-11-10 07:26:38', '0000-00-00 00:00:00'),
(278, 2, 'WRO/WYD/155/2016', 2, 15, NULL, 9, '2016-11-10 07:53:16', '0000-00-00 00:00:00', '2016-11-10 07:53:16'),
(279, 2, 'WRO/WYD/156/2016', 2, 15, NULL, 14, '2016-11-10 11:43:40', '0000-00-00 00:00:00', '2016-11-10 11:43:40'),
(280, 2, 'WRO/WYD/157/2016', 2, 17, NULL, 10, '2016-11-10 13:23:13', '0000-00-00 00:00:00', '2016-11-10 13:23:13'),
(281, 2, 'WRO/WYD/158/2016', 2, 15, NULL, 14, '2016-11-10 14:23:38', '0000-00-00 00:00:00', '2016-11-10 14:23:38'),
(282, 3, 'WRO/Z/88/2016', 2, 15, 15, NULL, '2016-11-10 14:24:30', '2016-11-10 14:24:30', '0000-00-00 00:00:00'),
(283, 3, 'WRO/Z/89/2016', 2, 15, 15, NULL, '2016-11-10 14:25:07', '2016-11-10 14:25:07', '0000-00-00 00:00:00'),
(284, 5, 'WRO/U/06/2016', 2, 15, 15, NULL, '2016-11-10 14:33:45', '2016-11-10 14:33:45', '0000-00-00 00:00:00'),
(285, 2, 'WRO/WYD/159/2016', 2, 15, NULL, 10, '2016-11-11 12:07:56', '0000-00-00 00:00:00', '2016-11-11 12:07:56'),
(286, 2, 'WRO/WYD/160/2016', 2, 15, NULL, 11, '2016-11-11 12:09:21', '0000-00-00 00:00:00', '2016-11-11 12:09:21'),
(287, 666, 'Bd', 2, 15, 15, NULL, '2016-11-11 12:11:02', '2016-11-11 12:11:02', '0000-00-00 00:00:00'),
(288, 666, 'Bd', 2, 15, 15, NULL, '2016-11-11 12:11:20', '2016-11-11 12:11:20', '0000-00-00 00:00:00'),
(289, 666, 'Bd', 2, 15, 15, NULL, '2016-11-11 12:11:36', '2016-11-11 12:11:36', '0000-00-00 00:00:00'),
(290, 666, 'Bd', 2, 15, 15, NULL, '2016-11-11 12:11:56', '2016-11-11 12:11:56', '0000-00-00 00:00:00'),
(291, 3, 'WRO/Z/90/2016', 2, 15, 15, NULL, '2016-11-11 15:28:09', '2016-11-11 15:28:09', '0000-00-00 00:00:00'),
(292, 2, 'WRO/WYD/161/2016', 2, 15, NULL, 10, '2016-11-11 15:28:57', '0000-00-00 00:00:00', '2016-11-11 15:28:57'),
(293, 3, 'WRO/Z/91/2016', 2, 15, 15, NULL, '2016-11-11 21:45:53', '2016-11-11 21:45:53', '0000-00-00 00:00:00'),
(294, 2, 'WRO/WYD/162/2016', 2, 15, NULL, 13, '2016-11-11 22:06:21', '0000-00-00 00:00:00', '2016-11-11 22:06:21'),
(295, 2, 'WRO/WYD/163/2016', 2, 15, NULL, 14, '2016-11-12 05:12:59', '0000-00-00 00:00:00', '2016-11-12 05:12:59'),
(296, 2, 'WRO/WYD/164/2016', 2, 15, NULL, 6, '2016-11-12 22:18:07', '0000-00-00 00:00:00', '2016-11-12 22:18:07'),
(297, 2, 'WRO/WYD/165/2016', 2, 17, NULL, 5, '2016-11-13 07:54:40', '0000-00-00 00:00:00', '2016-11-13 07:54:40'),
(298, 4, 'WRO/WEW/15/2016', 2, 15, 15, NULL, '2016-11-14 08:45:38', '2016-11-14 08:45:38', '0000-00-00 00:00:00'),
(299, 4, 'WRO/WEW/16/2016', 2, 15, 15, NULL, '2016-11-14 09:46:19', '2016-11-14 09:46:19', '0000-00-00 00:00:00'),
(300, 3, 'WRO/Z/92/2016', 2, 15, 15, NULL, '2016-11-14 09:51:01', '2016-11-14 09:51:01', '0000-00-00 00:00:00'),
(301, 2, 'WRO/WYD/166/2016', 2, 15, NULL, 14, '2016-11-14 10:05:10', '0000-00-00 00:00:00', '2016-11-14 10:05:10'),
(302, 4, 'WRO/WEW/17/2016', 2, 15, 15, NULL, '2016-11-14 10:41:01', '2016-11-14 10:41:01', '0000-00-00 00:00:00'),
(303, 4, 'WRO/WEW/18/2016', 2, 15, 15, NULL, '2016-11-14 13:10:36', '2016-11-14 13:10:36', '0000-00-00 00:00:00'),
(304, 2, 'WRO/WYD/167/2016', 2, 15, NULL, 5, '2016-11-14 13:21:15', '0000-00-00 00:00:00', '2016-11-14 13:21:15'),
(305, 2, 'WRO/WYD/168/2016', 2, 15, NULL, 9, '2016-11-14 13:21:33', '0000-00-00 00:00:00', '2016-11-14 13:21:33'),
(306, 5, 'WRO/U/07/2016', 2, 15, 15, NULL, '2016-11-14 13:34:01', '2016-11-14 13:34:01', '0000-00-00 00:00:00'),
(307, 5, 'WRO/U/08/2016', 2, 15, 15, NULL, '2016-11-14 14:07:53', '2016-11-14 14:07:53', '0000-00-00 00:00:00'),
(308, 3, 'WRO/Z/93/2016', 2, 15, 15, NULL, '2016-11-14 15:45:31', '2016-11-14 15:45:31', '0000-00-00 00:00:00'),
(309, 1, 'WRO/N/11/2016', 2, 18, 15, NULL, '2016-11-15 09:50:03', '2016-11-15 09:50:32', '0000-00-00 00:00:00'),
(310, 2, 'WRO/WYD/169/2016', 2, 15, NULL, 14, '2016-11-15 10:36:56', '0000-00-00 00:00:00', '2016-11-15 10:36:56'),
(311, 2, 'WRO/WYD/170/2016', 2, 15, NULL, 6, '2016-11-15 14:09:54', '0000-00-00 00:00:00', '2016-11-15 14:09:54'),
(312, 2, 'WRO/WYD/171/2016', 2, 15, NULL, 10, '2016-11-15 14:12:09', '0000-00-00 00:00:00', '2016-11-15 14:12:09'),
(313, 2, 'WRO/WYD/172/2016', 2, 15, NULL, 11, '2016-11-15 15:03:07', '0000-00-00 00:00:00', '2016-11-15 15:03:07'),
(314, 2, 'WRO/WYD/173/2016', 2, 15, NULL, 9, '2016-11-15 15:06:53', '0000-00-00 00:00:00', '2016-11-15 15:06:53'),
(315, 3, 'WRO/Z/94/2016', 2, 15, 15, NULL, '2016-11-16 07:20:03', '2016-11-16 07:20:03', '0000-00-00 00:00:00'),
(316, 3, 'WRO/Z/95/2016', 2, 15, 15, NULL, '2016-11-16 07:20:38', '2016-11-16 07:20:38', '0000-00-00 00:00:00'),
(317, 3, 'WRO/Z/96/2016', 2, 15, 15, NULL, '2016-11-16 07:24:43', '2016-11-16 07:24:43', '0000-00-00 00:00:00'),
(318, 2, 'WRO/WYD/174/2016', 2, 15, NULL, 7, '2016-11-16 08:04:49', '0000-00-00 00:00:00', '2016-11-16 08:04:49'),
(319, 2, 'WRO/WYD/175/2016', 2, 15, NULL, 5, '2016-11-16 08:11:58', '0000-00-00 00:00:00', '2016-11-16 08:11:58'),
(320, 2, 'WRO/WYD/176/2016', 2, 15, NULL, 7, '2016-11-16 09:23:03', '0000-00-00 00:00:00', '2016-11-16 09:23:03'),
(321, 5, 'WRO/U/09/2016', 2, 15, 15, NULL, '2016-11-16 13:08:35', '2016-11-16 13:08:35', '0000-00-00 00:00:00'),
(322, 2, 'WRO/WYD/177/2016', 2, 15, NULL, 5, '2016-11-16 13:09:42', '0000-00-00 00:00:00', '2016-11-16 13:09:42'),
(323, 3, 'WRO/Z/97/2016', 2, 15, 15, NULL, '2016-11-16 13:16:20', '2016-11-16 13:16:20', '0000-00-00 00:00:00'),
(324, 3, 'WRO/Z/98/2016', 2, 15, 15, NULL, '2016-11-16 14:25:44', '2016-11-16 14:25:44', '0000-00-00 00:00:00'),
(325, 3, 'WRO/Z/99/2016', 2, 15, 15, NULL, '2016-11-16 14:40:34', '2016-11-16 14:40:34', '0000-00-00 00:00:00'),
(326, 2, 'WRO/WYD/178/2016', 2, 15, NULL, 13, '2016-11-16 14:43:31', '0000-00-00 00:00:00', '2016-11-16 14:43:31'),
(327, 2, 'WRO/WYD/179/2016', 2, 15, NULL, 10, '2016-11-16 14:45:25', '0000-00-00 00:00:00', '2016-11-16 14:45:25'),
(328, 2, 'WRO/WYD/180/2016', 2, 15, NULL, 11, '2016-11-16 14:58:27', '0000-00-00 00:00:00', '2016-11-16 14:58:27'),
(329, 2, 'WRO/WYD/181/2016', 2, 15, NULL, 9, '2016-11-16 15:02:26', '0000-00-00 00:00:00', '2016-11-16 15:02:26');

-- --------------------------------------------------------

--
-- Struktura tabeli dla tabeli `automat_type`
--

CREATE TABLE IF NOT EXISTS `automat_type` (
  `id` int(11) NOT NULL AUTO_INCREMENT,
  `name` varchar(255) COLLATE latin2_bin NOT NULL,
  PRIMARY KEY (`id`)
) ENGINE=InnoDB  DEFAULT CHARSET=latin2 COLLATE=latin2_bin AUTO_INCREMENT=5 ;

--
-- Zrzut danych tabeli `automat_type`
--

INSERT INTO `automat_type` (`id`, `name`) VALUES
(1, 'stacjonarny - SB'),
(2, 'mobilny - BM 101'),
(3, 'stacjonarny - BS 201'),
(4, 'papier');

-- --------------------------------------------------------

--
-- Struktura tabeli dla tabeli `broken_arrival_items`
--

CREATE TABLE IF NOT EXISTS `broken_arrival_items` (
  `id` int(11) NOT NULL AUTO_INCREMENT,
  `product_id` int(11) NOT NULL,
  `quantity` int(11) NOT NULL,
  `arrival_id` int(11) NOT NULL,
  `arrival_type_id` int(11) NOT NULL,
  `storage_id` int(11) NOT NULL,
  `mennica_service_id` int(2) NOT NULL,
  PRIMARY KEY (`id`)
) ENGINE=InnoDB  DEFAULT CHARSET=latin2 COLLATE=latin2_bin AUTO_INCREMENT=81 ;

--
-- Zrzut danych tabeli `broken_arrival_items`
--

INSERT INTO `broken_arrival_items` (`id`, `product_id`, `quantity`, `arrival_id`, `arrival_type_id`, `storage_id`, `mennica_service_id`) VALUES
(1, 7, 1, 64, 5, 2, 0),
(2, 14, 3, 64, 5, 2, 0),
(3, 93, 2, 64, 5, 2, 0),
(4, 126, 1, 64, 5, 2, 0),
(5, 66, 1, 64, 5, 2, 0),
(6, 44, 4, 64, 5, 2, 0),
(7, 75, 1, 64, 5, 2, 0),
(8, 1, 1, 64, 5, 2, 0),
(9, 31, 2, 64, 5, 2, 0),
(10, 34, 1, 64, 5, 2, 0),
(11, 39, 1, 64, 5, 2, 0),
(12, 42, 48, 64, 5, 2, 0),
(13, 7, 4, 100, 5, 2, 0),
(14, 11, 1, 100, 5, 2, 0),
(15, 14, 1, 100, 5, 2, 0),
(16, 61, 2, 100, 5, 2, 0),
(17, 65, 4, 100, 5, 2, 0),
(18, 95, 1, 100, 5, 2, 0),
(19, 121, 1, 100, 5, 2, 0),
(20, 127, 1, 100, 5, 2, 0),
(21, 25, 1, 100, 5, 2, 0),
(22, 17, 5, 100, 5, 2, 0),
(23, 24, 1, 100, 5, 2, 0),
(24, 26, 1, 100, 5, 2, 0),
(25, 42, 11, 100, 5, 2, 0),
(26, 58, 46, 273, 5, 2, 1),
(27, 7, 2, 274, 5, 2, 1),
(28, 10, 1, 274, 5, 2, 1),
(29, 14, 1, 274, 5, 2, 1),
(30, 14, 1, 274, 5, 2, 1),
(31, 61, 1, 274, 5, 2, 1),
(32, 18, 3, 274, 5, 2, 1),
(33, 18, 1, 274, 5, 2, 1),
(34, 30, 2, 274, 5, 2, 1),
(35, 25, 2, 274, 5, 2, 1),
(36, 42, 1, 274, 5, 2, 1),
(37, 42, 1, 274, 5, 2, 1),
(38, 1, 1, 275, 5, 2, 1),
(39, 17, 2, 275, 5, 2, 1),
(40, 65, 2, 284, 5, 2, 2),
(41, 66, 1, 284, 5, 2, 2),
(42, 66, 1, 284, 5, 2, 2),
(43, 66, 1, 284, 5, 2, 2),
(44, 66, 1, 284, 5, 2, 2),
(45, 66, 1, 284, 5, 2, 2),
(46, 127, 1, 284, 5, 2, 2),
(47, 41, 1, 284, 5, 2, 2),
(48, 41, 1, 284, 5, 2, 2),
(49, 41, 1, 306, 5, 2, 2),
(50, 41, 1, 306, 5, 2, 2),
(51, 5, 1, 307, 5, 2, 1),
(52, 7, 1, 307, 5, 2, 1),
(53, 7, 1, 307, 5, 2, 1),
(54, 7, 1, 307, 5, 2, 1),
(55, 7, 1, 307, 5, 2, 1),
(56, 7, 1, 307, 5, 2, 1),
(57, 7, 1, 307, 5, 2, 1),
(58, 7, 1, 307, 5, 2, 1),
(59, 13, 1, 307, 5, 2, 1),
(60, 14, 1, 307, 5, 2, 1),
(61, 14, 1, 307, 5, 2, 1),
(62, 14, 1, 307, 5, 2, 1),
(63, 14, 1, 307, 5, 2, 1),
(64, 67, 3, 307, 5, 2, 1),
(65, 30, 1, 307, 5, 2, 1),
(66, 26, 1, 307, 5, 2, 1),
(67, 31, 1, 307, 5, 2, 1),
(68, 31, 1, 307, 5, 2, 1),
(69, 33, 1, 307, 5, 2, 1),
(70, 4, 1, 321, 5, 2, 1),
(71, 7, 1, 321, 5, 2, 1),
(72, 7, 1, 321, 5, 2, 1),
(73, 7, 1, 321, 5, 2, 1),
(74, 7, 1, 321, 5, 2, 1),
(75, 7, 1, 321, 5, 2, 1),
(76, 61, 1, 321, 5, 2, 1),
(77, 61, 1, 321, 5, 2, 1),
(78, 92, 1, 321, 5, 2, 1),
(79, 24, 1, 321, 5, 2, 1),
(80, 31, 1, 321, 5, 2, 1);

-- --------------------------------------------------------

--
-- Struktura tabeli dla tabeli `broken_product_details`
--

CREATE TABLE IF NOT EXISTS `broken_product_details` (
  `id` int(11) NOT NULL AUTO_INCREMENT,
  `product_id` int(11) NOT NULL,
  `sn` varchar(255) COLLATE latin2_bin NOT NULL,
  `arrival_id` int(11) NOT NULL,
  `storage_id` int(11) NOT NULL,
  `mennica_service_id` int(2) NOT NULL,
  `product_status_id` int(11) NOT NULL,
  `product_status_change_datetime` datetime NOT NULL,
  PRIMARY KEY (`id`)
) ENGINE=InnoDB  DEFAULT CHARSET=latin2 COLLATE=latin2_bin AUTO_INCREMENT=135 ;

--
-- Zrzut danych tabeli `broken_product_details`
--

INSERT INTO `broken_product_details` (`id`, `product_id`, `sn`, `arrival_id`, `storage_id`, `mennica_service_id`, `product_status_id`, `product_status_change_datetime`) VALUES
(1, 7, '', 64, 2, 0, 1, '2016-10-12 15:20:30'),
(2, 14, '167300264082057', 64, 2, 0, 1, '2016-10-12 15:20:30'),
(3, 93, '', 64, 2, 0, 1, '2016-10-12 15:20:30'),
(4, 126, '03419660', 64, 2, 0, 1, '2016-10-12 15:20:30'),
(5, 66, '', 64, 2, 0, 1, '2016-10-12 15:20:30'),
(6, 44, '', 64, 2, 0, 1, '2016-10-12 15:20:31'),
(7, 75, '165394', 64, 2, 0, 1, '2016-10-12 15:20:31'),
(8, 1, '', 64, 2, 0, 1, '2016-10-12 15:20:31'),
(9, 31, '', 64, 2, 0, 1, '2016-10-12 15:20:31'),
(10, 34, '', 64, 2, 0, 1, '2016-10-12 15:20:31'),
(11, 39, '', 64, 2, 0, 1, '2016-10-12 15:20:31'),
(12, 42, '', 64, 2, 0, 1, '2016-10-12 15:20:31'),
(13, 7, '', 100, 2, 0, 1, '2016-10-18 13:44:36'),
(14, 11, '', 100, 2, 0, 1, '2016-10-18 13:44:36'),
(15, 14, '167300264082057', 100, 2, 0, 1, '2016-10-18 13:44:36'),
(16, 61, '', 100, 2, 0, 1, '2016-10-18 13:44:36'),
(17, 65, 'E8GMJJ160497139', 100, 2, 0, 1, '2016-10-18 13:44:36'),
(18, 95, '', 100, 2, 0, 1, '2016-10-18 13:44:37'),
(19, 121, '', 100, 2, 0, 1, '2016-10-18 13:44:37'),
(20, 127, '', 100, 2, 0, 1, '2016-10-18 13:44:37'),
(21, 25, '', 100, 2, 0, 1, '2016-10-18 13:44:37'),
(22, 17, '', 100, 2, 0, 1, '2016-10-18 13:44:37'),
(23, 24, '', 100, 2, 0, 1, '2016-10-18 13:44:37'),
(24, 26, '', 100, 2, 0, 1, '2016-10-18 13:44:37'),
(25, 42, '', 100, 2, 0, 1, '2016-10-18 13:44:37'),
(26, 58, '', 273, 2, 1, 1, '2016-11-10 06:13:35'),
(27, 58, '', 273, 2, 1, 1, '2016-11-10 06:13:35'),
(28, 58, '', 273, 2, 1, 1, '2016-11-10 06:13:35'),
(29, 58, '', 273, 2, 1, 1, '2016-11-10 06:13:35'),
(30, 58, '', 273, 2, 1, 1, '2016-11-10 06:13:35'),
(31, 58, '', 273, 2, 1, 1, '2016-11-10 06:13:35'),
(32, 58, '', 273, 2, 1, 1, '2016-11-10 06:13:35'),
(33, 58, '', 273, 2, 1, 1, '2016-11-10 06:13:35'),
(34, 58, '', 273, 2, 1, 1, '2016-11-10 06:13:35'),
(35, 58, '', 273, 2, 1, 1, '2016-11-10 06:13:35'),
(36, 58, '', 273, 2, 1, 1, '2016-11-10 06:13:35'),
(37, 58, '', 273, 2, 1, 1, '2016-11-10 06:13:35'),
(38, 58, '', 273, 2, 1, 1, '2016-11-10 06:13:35'),
(39, 58, '', 273, 2, 1, 1, '2016-11-10 06:13:35'),
(40, 58, '', 273, 2, 1, 1, '2016-11-10 06:13:35'),
(41, 58, '', 273, 2, 1, 1, '2016-11-10 06:13:35'),
(42, 58, '', 273, 2, 1, 1, '2016-11-10 06:13:35'),
(43, 58, '', 273, 2, 1, 1, '2016-11-10 06:13:35'),
(44, 58, '', 273, 2, 1, 1, '2016-11-10 06:13:35'),
(45, 58, '', 273, 2, 1, 1, '2016-11-10 06:13:35'),
(46, 58, '', 273, 2, 1, 1, '2016-11-10 06:13:35'),
(47, 58, '', 273, 2, 1, 1, '2016-11-10 06:13:35'),
(48, 58, '', 273, 2, 1, 1, '2016-11-10 06:13:35'),
(49, 58, '', 273, 2, 1, 1, '2016-11-10 06:13:35'),
(50, 58, '', 273, 2, 1, 1, '2016-11-10 06:13:36'),
(51, 58, '', 273, 2, 1, 1, '2016-11-10 06:13:36'),
(52, 58, '', 273, 2, 1, 1, '2016-11-10 06:13:36'),
(53, 58, '', 273, 2, 1, 1, '2016-11-10 06:13:36'),
(54, 58, '', 273, 2, 1, 1, '2016-11-10 06:13:36'),
(55, 58, '', 273, 2, 1, 1, '2016-11-10 06:13:36'),
(56, 58, '', 273, 2, 1, 1, '2016-11-10 06:13:36'),
(57, 58, '', 273, 2, 1, 1, '2016-11-10 06:13:36'),
(58, 58, '', 273, 2, 1, 1, '2016-11-10 06:13:36'),
(59, 58, '', 273, 2, 1, 1, '2016-11-10 06:13:36'),
(60, 58, '', 273, 2, 1, 1, '2016-11-10 06:13:36'),
(61, 58, '', 273, 2, 1, 1, '2016-11-10 06:13:36'),
(62, 58, '', 273, 2, 1, 1, '2016-11-10 06:13:36'),
(63, 58, '', 273, 2, 1, 1, '2016-11-10 06:13:36'),
(64, 58, '', 273, 2, 1, 1, '2016-11-10 06:13:36'),
(65, 58, '', 273, 2, 1, 1, '2016-11-10 06:13:36'),
(66, 58, '', 273, 2, 1, 1, '2016-11-10 06:13:36'),
(67, 58, '', 273, 2, 1, 1, '2016-11-10 06:13:36'),
(68, 58, '', 273, 2, 1, 1, '2016-11-10 06:13:36'),
(69, 58, '', 273, 2, 1, 1, '2016-11-10 06:13:36'),
(70, 58, '', 273, 2, 1, 1, '2016-11-10 06:13:36'),
(71, 58, '', 273, 2, 1, 1, '2016-11-10 06:13:36'),
(72, 7, '', 274, 2, 1, 1, '2016-11-10 06:17:33'),
(73, 7, '', 274, 2, 1, 1, '2016-11-10 06:17:33'),
(74, 10, '', 274, 2, 1, 1, '2016-11-10 06:17:33'),
(75, 14, 'ZR/BN/167300264014487', 274, 2, 1, 1, '2016-11-10 06:17:34'),
(76, 14, 'ZR/BN/167300264014570', 274, 2, 1, 1, '2016-11-10 06:17:34'),
(77, 61, '', 274, 2, 1, 1, '2016-11-10 06:17:34'),
(78, 18, '', 274, 2, 1, 1, '2016-11-10 06:17:34'),
(79, 18, '', 274, 2, 1, 1, '2016-11-10 06:17:34'),
(80, 18, '', 274, 2, 1, 1, '2016-11-10 06:17:34'),
(81, 18, 'Z3TLBG6V', 274, 2, 1, 1, '2016-11-10 06:17:34'),
(82, 30, '', 274, 2, 1, 1, '2016-11-10 06:17:34'),
(83, 30, '', 274, 2, 1, 1, '2016-11-10 06:17:34'),
(84, 25, '', 274, 2, 1, 1, '2016-11-10 06:17:34'),
(85, 25, '', 274, 2, 1, 1, '2016-11-10 06:17:34'),
(86, 42, '', 274, 2, 1, 1, '2016-11-10 06:17:34'),
(87, 42, '0370525154', 274, 2, 1, 1, '2016-11-10 06:17:35'),
(88, 1, '0370491847', 275, 2, 1, 1, '2016-11-10 06:17:57'),
(89, 17, '', 275, 2, 1, 1, '2016-11-10 06:17:57'),
(90, 17, '', 275, 2, 1, 1, '2016-11-10 06:17:57'),
(91, 65, '', 284, 2, 2, 1, '2016-11-10 14:33:45'),
(92, 65, '', 284, 2, 2, 1, '2016-11-10 14:33:45'),
(93, 66, '', 284, 2, 2, 1, '2016-11-10 14:33:45'),
(94, 66, '157896', 284, 2, 2, 1, '2016-11-10 14:33:45'),
(95, 66, '157930', 284, 2, 2, 1, '2016-11-10 14:33:45'),
(96, 66, '165024', 284, 2, 2, 1, '2016-11-10 14:33:45'),
(97, 66, '510597', 284, 2, 2, 1, '2016-11-10 14:33:46'),
(98, 127, '0082464', 284, 2, 2, 1, '2016-11-10 14:33:46'),
(99, 41, 'SN-CA1040A425', 284, 2, 2, 1, '2016-11-10 14:33:46'),
(100, 41, 'SN-CA1040A597', 284, 2, 2, 1, '2016-11-10 14:33:46'),
(101, 41, 'SN-CA 1040A506', 306, 2, 2, 1, '2016-11-14 13:34:01'),
(102, 41, 'SN-CA 1343B156', 306, 2, 2, 1, '2016-11-14 13:34:01'),
(103, 5, 'AL/X5/745300562354278', 307, 2, 1, 1, '2016-11-14 14:07:53'),
(104, 7, '149961', 307, 2, 1, 1, '2016-11-14 14:07:53'),
(105, 7, '162761', 307, 2, 1, 1, '2016-11-14 14:07:53'),
(106, 7, '310407', 307, 2, 1, 1, '2016-11-14 14:07:54'),
(107, 7, '330261', 307, 2, 1, 1, '2016-11-14 14:07:54'),
(108, 7, '337560', 307, 2, 1, 1, '2016-11-14 14:07:54'),
(109, 7, '337704', 307, 2, 1, 1, '2016-11-14 14:07:54'),
(110, 7, '338965', 307, 2, 1, 1, '2016-11-14 14:07:54'),
(111, 13, '0370523684', 307, 2, 1, 1, '2016-11-14 14:07:54'),
(112, 14, '167300262465137', 307, 2, 1, 1, '2016-11-14 14:07:54'),
(113, 14, '167300262660175', 307, 2, 1, 1, '2016-11-14 14:07:54'),
(114, 14, '167300262660219', 307, 2, 1, 1, '2016-11-14 14:07:54'),
(115, 14, '167300264043100', 307, 2, 1, 1, '2016-11-14 14:07:54'),
(116, 67, '', 307, 2, 1, 1, '2016-11-14 14:07:54'),
(117, 67, '', 307, 2, 1, 1, '2016-11-14 14:07:54'),
(118, 67, '', 307, 2, 1, 1, '2016-11-14 14:07:54'),
(119, 30, '0190743371', 307, 2, 1, 1, '2016-11-14 14:07:55'),
(120, 26, '0670707254 ', 307, 2, 1, 1, '2016-11-14 14:07:55'),
(121, 31, '950300103016132', 307, 2, 1, 1, '2016-11-14 14:07:55'),
(122, 31, 'ZR/EZ/950300164083 ', 307, 2, 1, 1, '2016-11-14 14:07:55'),
(123, 33, '491651306', 307, 2, 1, 1, '2016-11-14 14:07:55'),
(124, 4, '745300562745262', 321, 2, 1, 1, '2016-11-16 13:08:35'),
(125, 7, '306234', 321, 2, 1, 1, '2016-11-16 13:08:35'),
(126, 7, '306382', 321, 2, 1, 1, '2016-11-16 13:08:35'),
(127, 7, '336108', 321, 2, 1, 1, '2016-11-16 13:08:36'),
(128, 7, '337711', 321, 2, 1, 1, '2016-11-16 13:08:36'),
(129, 7, '803206', 321, 2, 1, 1, '2016-11-16 13:08:36'),
(130, 61, '31103677821', 321, 2, 1, 1, '2016-11-16 13:08:36'),
(131, 61, 'SN-CA 31103677528', 321, 2, 1, 1, '2016-11-16 13:08:36'),
(132, 92, 'DC1M-02GD31C1S-D', 321, 2, 1, 1, '2016-11-16 13:08:36'),
(133, 24, '', 321, 2, 1, 1, '2016-11-16 13:08:36'),
(134, 31, '950300113027289', 321, 2, 1, 1, '2016-11-16 13:08:36');

-- --------------------------------------------------------

--
-- Struktura tabeli dla tabeli `damaged_devices`
--

CREATE TABLE IF NOT EXISTS `damaged_devices` (
  `id` int(11) NOT NULL AUTO_INCREMENT,
  `arrival_id` int(11) DEFAULT NULL,
  `service_request_id` int(11) NOT NULL,
  `service_user_id` int(11) NOT NULL,
  `product_id` int(11) NOT NULL,
  `sn` varchar(255) COLLATE latin2_bin NOT NULL,
  `quantity` int(11) NOT NULL,
  `storage_id` int(11) NOT NULL,
  `mennica_service_id` int(2) NOT NULL,
  `damaged_devices_status_id` int(11) NOT NULL,
  `change_status_datetime` datetime NOT NULL,
  PRIMARY KEY (`id`)
) ENGINE=InnoDB  DEFAULT CHARSET=latin2 COLLATE=latin2_bin AUTO_INCREMENT=307 ;

--
-- Zrzut danych tabeli `damaged_devices`
--

INSERT INTO `damaged_devices` (`id`, `arrival_id`, `service_request_id`, `service_user_id`, `product_id`, `sn`, `quantity`, `storage_id`, `mennica_service_id`, `damaged_devices_status_id`, `change_status_datetime`) VALUES
(1, NULL, 2, 14, 7, '', 1, 2, 0, 2, '2016-10-03 13:15:07'),
(2, NULL, 11, 10, 30, '', 1, 2, 0, 2, '2016-10-04 14:59:53'),
(3, NULL, 12, 8, 7, '', 1, 2, 0, 2, '2016-10-04 15:19:45'),
(4, NULL, 15, 5, 7, '', 1, 2, 0, 2, '2016-10-06 14:06:43'),
(5, NULL, 16, 9, 126, '03419660', 1, 2, 0, 1, '2016-10-06 19:06:03'),
(6, NULL, 20, 8, 93, '', 1, 2, 0, 1, '2016-10-07 14:02:31'),
(7, NULL, 24, 6, 14, '167300264082057', 1, 2, 0, 1, '2016-10-07 21:58:16'),
(8, NULL, 25, 6, 7, '', 1, 2, 0, 1, '2016-10-07 21:58:41'),
(9, NULL, 27, 11, 43, '', 1, 2, 0, 2, '2016-10-07 22:08:23'),
(10, NULL, 29, 13, 65, '', 1, 2, 0, 2, '2016-10-08 21:43:44'),
(11, NULL, 32, 9, 75, '165394', 1, 2, 0, 1, '2016-10-10 07:57:45'),
(12, NULL, 33, 10, 1, '', 1, 2, 0, 1, '2016-10-10 08:08:09'),
(13, NULL, 35, 7, 66, '', 1, 2, 0, 1, '2016-10-10 08:44:45'),
(14, 24, 0, 0, 65, '', -1, 2, 0, 3, '2016-10-10 10:31:12'),
(15, NULL, 41, 11, 44, '', 1, 2, 0, 1, '2016-10-10 13:20:21'),
(16, NULL, 43, 14, 42, '', 1, 2, 0, 1, '2016-10-10 14:11:28'),
(17, NULL, 51, 7, 31, '', 1, 2, 0, 1, '2016-10-10 14:23:31'),
(18, NULL, 52, 7, 42, '', 1, 2, 0, 2, '2016-10-10 14:23:48'),
(19, NULL, 58, 6, 14, 'ZR/C3/167300264024532', 1, 2, 0, 1, '2016-10-11 07:16:16'),
(20, NULL, 59, 6, 42, '', 1, 2, 0, 1, '2016-10-11 07:16:38'),
(21, NULL, 60, 6, 42, '', 1, 2, 0, 1, '2016-10-11 07:16:55'),
(22, NULL, 61, 6, 42, '', 1, 2, 0, 1, '2016-10-11 07:17:44'),
(23, NULL, 63, 10, 14, '', 1, 2, 0, 1, '2016-10-11 07:27:35'),
(24, NULL, 64, 10, 31, '', 1, 2, 0, 1, '2016-10-11 07:28:26'),
(25, NULL, 65, 10, 42, '', 1, 2, 0, 1, '2016-10-11 07:28:51'),
(26, NULL, 66, 10, 42, '', 1, 2, 0, 1, '2016-10-11 07:29:12'),
(27, NULL, 67, 10, 42, '', 1, 2, 0, 1, '2016-10-11 07:29:32'),
(28, NULL, 72, 11, 42, '', 1, 2, 0, 1, '2016-10-11 08:23:44'),
(29, NULL, 74, 13, 44, '', 1, 2, 0, 2, '2016-10-11 11:41:21'),
(30, 34, 0, 0, 44, '', -1, 2, 0, 3, '2016-10-11 11:46:11'),
(31, NULL, 78, 13, 11, '', 1, 2, 0, 1, '2016-10-11 14:22:42'),
(32, NULL, 87, 14, 42, '', 1, 2, 0, 1, '2016-10-11 15:19:10'),
(33, NULL, 88, 14, 42, '', 1, 2, 0, 1, '2016-10-11 15:19:36'),
(34, NULL, 90, 14, 30, '', 1, 2, 0, 2, '2016-10-11 12:01:25'),
(35, NULL, 92, 10, 42, '', 1, 2, 0, 1, '2016-10-12 07:15:18'),
(36, NULL, 93, 10, 42, '', 1, 2, 0, 1, '2016-10-12 07:15:37'),
(37, NULL, 101, 8, 42, '', 1, 2, 0, 1, '2016-10-12 07:23:36'),
(38, NULL, 113, 7, 42, '', 1, 2, 0, 1, '2016-10-12 08:50:45'),
(39, NULL, 114, 13, 93, '', 1, 2, 0, 1, '2016-10-12 09:22:14'),
(40, NULL, 118, 13, 33, '', 1, 2, 0, 2, '2016-10-12 10:52:13'),
(41, NULL, 122, 11, 7, '', 1, 2, 0, 1, '2016-10-12 12:04:49'),
(42, 47, 0, 0, 33, '', -1, 2, 0, 3, '2016-10-12 12:12:14'),
(43, 47, 0, 0, 42, '', -1, 2, 0, 3, '2016-10-12 12:12:14'),
(44, NULL, 123, 13, 34, '', 1, 2, 0, 2, '2016-10-12 12:30:23'),
(45, NULL, 133, 14, 34, '', 1, 2, 0, 1, '2016-10-12 12:55:08'),
(46, NULL, 134, 14, 39, '', 1, 2, 0, 1, '2016-10-12 12:55:23'),
(47, NULL, 135, 14, 44, '', 1, 2, 0, 1, '2016-10-12 12:57:40'),
(48, NULL, 135, 14, 44, '', 1, 2, 0, 1, '2016-10-12 12:57:40'),
(49, NULL, 135, 14, 44, '', 1, 2, 0, 1, '2016-10-12 12:57:40'),
(50, 55, 0, 0, 43, '', -1, 2, 0, 3, '2016-10-12 13:57:46'),
(51, NULL, 139, 14, 42, '', 1, 2, 0, 1, '2016-10-12 14:07:11'),
(52, NULL, 140, 14, 42, '', 1, 2, 0, 1, '2016-10-12 14:07:26'),
(53, NULL, 141, 14, 42, '', 1, 2, 0, 1, '2016-10-12 14:07:45'),
(54, NULL, 142, 14, 42, '', 1, 2, 0, 1, '2016-10-12 14:08:50'),
(55, NULL, 143, 14, 42, '', 1, 2, 0, 1, '2016-10-12 14:09:05'),
(56, NULL, 146, 14, 42, '', 1, 2, 0, 1, '2016-10-12 14:18:09'),
(57, NULL, 147, 14, 42, '', 1, 2, 0, 1, '2016-10-12 14:18:35'),
(58, NULL, 148, 14, 42, '', 1, 2, 0, 1, '2016-10-12 14:18:51'),
(59, NULL, 149, 14, 42, '', 1, 2, 0, 1, '2016-10-12 14:19:04'),
(60, NULL, 164, 14, 42, '', 1, 2, 0, 1, '2016-10-12 14:55:44'),
(61, NULL, 164, 14, 42, '', 1, 2, 0, 1, '2016-10-12 14:55:44'),
(62, NULL, 164, 14, 42, '', 1, 2, 0, 1, '2016-10-12 14:55:44'),
(63, NULL, 164, 14, 42, '', 1, 2, 0, 1, '2016-10-12 14:55:44'),
(64, NULL, 164, 14, 42, '', 1, 2, 0, 1, '2016-10-12 14:55:44'),
(65, NULL, 164, 14, 42, '', 1, 2, 0, 1, '2016-10-12 14:55:44'),
(66, NULL, 164, 14, 42, '', 1, 2, 0, 1, '2016-10-12 14:55:44'),
(67, NULL, 164, 14, 42, '', 1, 2, 0, 1, '2016-10-12 14:55:44'),
(68, NULL, 164, 14, 42, '', 1, 2, 0, 1, '2016-10-12 14:55:44'),
(69, NULL, 164, 14, 42, '', 1, 2, 0, 1, '2016-10-12 14:55:44'),
(70, NULL, 164, 14, 42, '', 1, 2, 0, 1, '2016-10-12 14:55:44'),
(71, NULL, 164, 14, 42, '', 1, 2, 0, 1, '2016-10-12 14:55:44'),
(72, NULL, 164, 14, 42, '', 1, 2, 0, 1, '2016-10-12 14:55:44'),
(73, NULL, 164, 14, 42, '', 1, 2, 0, 1, '2016-10-12 14:55:44'),
(74, NULL, 164, 14, 42, '', 1, 2, 0, 1, '2016-10-12 14:55:44'),
(75, NULL, 164, 14, 42, '', 1, 2, 0, 1, '2016-10-12 14:55:44'),
(76, NULL, 164, 14, 42, '', 1, 2, 0, 1, '2016-10-12 14:55:44'),
(77, NULL, 164, 14, 42, '', 1, 2, 0, 1, '2016-10-12 14:55:44'),
(78, NULL, 164, 14, 42, '', 1, 2, 0, 1, '2016-10-12 14:55:44'),
(79, NULL, 164, 14, 42, '', 1, 2, 0, 1, '2016-10-12 14:55:44'),
(80, NULL, 164, 14, 42, '', 1, 2, 0, 1, '2016-10-12 14:55:44'),
(81, NULL, 164, 14, 42, '', 1, 2, 0, 1, '2016-10-12 14:55:44'),
(82, NULL, 164, 14, 42, '', 1, 2, 0, 1, '2016-10-12 14:55:44'),
(83, NULL, 164, 14, 42, '', 1, 2, 0, 1, '2016-10-12 14:55:44'),
(84, NULL, 164, 14, 42, '', 1, 2, 0, 1, '2016-10-12 14:55:44'),
(85, 63, 0, 0, 34, '', -1, 2, 0, 3, '2016-10-12 15:18:32'),
(86, 64, 0, 0, 7, '', -1, 2, 0, 4, '2016-10-12 15:20:30'),
(87, 64, 0, 0, 14, '167300264082057', -3, 2, 0, 4, '2016-10-12 15:20:30'),
(88, 64, 0, 0, 93, '', -2, 2, 0, 4, '2016-10-12 15:20:30'),
(89, 64, 0, 0, 126, '03419660', -1, 2, 0, 4, '2016-10-12 15:20:30'),
(90, 64, 0, 0, 66, '', -1, 2, 0, 4, '2016-10-12 15:20:31'),
(91, 64, 0, 0, 44, '', -4, 2, 0, 4, '2016-10-12 15:20:31'),
(92, 64, 0, 0, 75, '165394', -1, 2, 0, 4, '2016-10-12 15:20:31'),
(93, 64, 0, 0, 1, '', -1, 2, 0, 4, '2016-10-12 15:20:31'),
(94, 64, 0, 0, 31, '', -2, 2, 0, 4, '2016-10-12 15:20:31'),
(95, 64, 0, 0, 34, '', -1, 2, 0, 4, '2016-10-12 15:20:31'),
(96, 64, 0, 0, 39, '', -1, 2, 0, 4, '2016-10-12 15:20:31'),
(97, 64, 0, 0, 42, '', -48, 2, 0, 4, '2016-10-12 15:20:31'),
(98, NULL, 169, 8, 7, '', 1, 2, 0, 1, '2016-10-12 21:07:09'),
(99, NULL, 180, 10, 42, '', 1, 2, 0, 1, '2016-10-13 09:22:24'),
(100, NULL, 181, 10, 42, '', 1, 2, 0, 1, '2016-10-13 09:22:40'),
(101, NULL, 182, 10, 42, '', 1, 2, 0, 1, '2016-10-13 09:22:54'),
(102, NULL, 194, 9, 17, '', 1, 2, 0, 1, '2016-10-13 13:57:45'),
(103, NULL, 200, 14, 42, '', 1, 2, 0, 1, '2016-10-13 14:05:16'),
(104, NULL, 201, 14, 42, '', 1, 2, 0, 1, '2016-10-13 14:05:36'),
(105, NULL, 202, 14, 42, '', 1, 2, 0, 1, '2016-10-13 14:06:01'),
(106, NULL, 203, 14, 42, '', 1, 2, 0, 1, '2016-10-13 14:06:19'),
(107, NULL, 219, 7, 24, '', 1, 2, 0, 1, '2016-10-13 17:32:19'),
(108, NULL, 221, 7, 127, '', 1, 2, 0, 1, '2016-10-13 17:32:50'),
(109, NULL, 222, 8, 7, '', 1, 2, 0, 2, '2016-10-13 21:34:55'),
(110, NULL, 223, 8, 26, '', 1, 2, 0, 1, '2016-10-13 21:41:04'),
(111, NULL, 229, 8, 42, '', 1, 2, 0, 1, '2016-10-14 07:08:35'),
(112, NULL, 231, 11, 95, '', 1, 2, 0, 1, '2016-10-14 09:16:52'),
(113, 82, 0, 0, 7, '', -3, 2, 0, 3, '2016-10-14 13:30:46'),
(114, 82, 0, 0, 30, '', -1, 2, 0, 3, '2016-10-14 13:30:46'),
(115, 83, 0, 0, 7, '', -1, 2, 0, 3, '2016-10-14 14:12:09'),
(116, NULL, 247, 8, 44, '', 1, 2, 0, 2, '2016-10-14 14:59:24'),
(117, NULL, 267, 7, 61, '', 1, 2, 0, 1, '2016-10-17 08:18:13'),
(118, NULL, 269, 8, 14, '', 1, 2, 0, 1, '2016-10-17 08:48:20'),
(119, NULL, 271, 14, 65, 'E8GMJJ160497139', 1, 2, 0, 1, '2016-10-17 11:36:00'),
(120, NULL, 271, 14, 65, 'E8GMJJ160497090', 1, 2, 0, 1, '2016-10-17 11:36:00'),
(121, NULL, 275, 14, 17, '', 1, 2, 0, 1, '2016-10-17 12:31:20'),
(122, NULL, 276, 14, 17, '', 1, 2, 0, 1, '2016-10-17 12:34:19'),
(123, NULL, 277, 14, 17, '', 1, 2, 0, 1, '2016-10-17 12:39:30'),
(124, NULL, 278, 14, 25, '', 1, 2, 0, 1, '2016-10-17 12:43:47'),
(125, NULL, 279, 14, 17, '', 1, 2, 0, 1, '2016-10-17 13:42:07'),
(126, NULL, 281, 14, 42, '', 1, 2, 0, 1, '2016-10-17 13:42:42'),
(127, NULL, 282, 14, 42, '', 1, 2, 0, 1, '2016-10-17 13:42:59'),
(128, NULL, 283, 14, 42, '', 1, 2, 0, 1, '2016-10-17 13:43:12'),
(129, NULL, 287, 8, 61, '', 1, 2, 0, 1, '2016-10-18 07:22:17'),
(130, NULL, 288, 8, 121, '', 1, 2, 0, 1, '2016-10-18 07:22:39'),
(131, NULL, 290, 8, 65, '', 1, 2, 0, 1, '2016-10-18 08:03:12'),
(132, NULL, 292, 7, 65, '', 1, 2, 0, 1, '2016-10-18 08:14:36'),
(133, NULL, 294, 14, 7, '', 1, 2, 0, 1, '2016-10-18 08:22:29'),
(134, NULL, 294, 14, 7, '', 1, 2, 0, 1, '2016-10-18 08:22:29'),
(135, 100, 0, 0, 7, '', -4, 2, 0, 4, '2016-10-18 13:44:36'),
(136, 100, 0, 0, 11, '', -1, 2, 0, 4, '2016-10-18 13:44:36'),
(137, 100, 0, 0, 14, '167300264082057', -1, 2, 0, 4, '2016-10-18 13:44:36'),
(138, 100, 0, 0, 61, '', -2, 2, 0, 4, '2016-10-18 13:44:36'),
(139, 100, 0, 0, 65, 'E8GMJJ160497139', -4, 2, 0, 4, '2016-10-18 13:44:36'),
(140, 100, 0, 0, 95, '', -1, 2, 0, 4, '2016-10-18 13:44:37'),
(141, 100, 0, 0, 121, '', -1, 2, 0, 4, '2016-10-18 13:44:37'),
(142, 100, 0, 0, 127, '', -1, 2, 0, 4, '2016-10-18 13:44:37'),
(143, 100, 0, 0, 25, '', -1, 2, 0, 4, '2016-10-18 13:44:37'),
(144, 100, 0, 0, 17, '', -5, 2, 0, 4, '2016-10-18 13:44:37'),
(145, 100, 0, 0, 24, '', -1, 2, 0, 4, '2016-10-18 13:44:37'),
(146, 100, 0, 0, 26, '', -1, 2, 0, 4, '2016-10-18 13:44:37'),
(147, 100, 0, 0, 42, '', -11, 2, 0, 4, '2016-10-18 13:44:37'),
(148, 274, 296, 6, 7, '', 1, 2, 1, 4, '2016-11-10 06:17:33'),
(149, 274, 298, 7, 42, '', 1, 2, 1, 4, '2016-11-10 06:17:35'),
(150, 102, 0, 0, 44, '', -1, 2, 0, 3, '2016-10-19 13:49:01'),
(151, 274, 364, 14, 18, 'Z3TLBG6V', 1, 2, 1, 4, '2016-11-10 06:17:34'),
(152, NULL, 365, 14, 27, '', 1, 2, 0, 2, '2016-10-20 13:00:21'),
(153, 274, 367, 6, 14, 'ZR/BN/167300264014487', 1, 2, 1, 4, '2016-11-10 06:17:34'),
(154, 109, 0, 0, 27, '', -1, 2, 0, 3, '2016-10-21 08:15:31'),
(155, 274, 505, 10, 25, '', 1, 2, 1, 4, '2016-11-10 06:17:34'),
(156, 273, 710, 11, 58, '', 1, 2, 1, 4, '2016-11-10 06:13:36'),
(157, 275, 711, 5, 17, '', 1, 2, 1, 4, '2016-11-10 06:17:57'),
(158, 275, 806, 11, 17, '', 1, 2, 1, 4, '2016-11-10 06:17:57'),
(159, 284, 807, 9, 66, '157930', 1, 2, 2, 4, '2016-11-10 14:33:45'),
(160, NULL, 843, 14, 76, '', 1, 2, 0, 2, '2016-10-26 02:49:07'),
(161, 147, 0, 0, 30, '', -1, 2, 0, 3, '2016-10-26 11:58:35'),
(162, 154, 0, 0, 76, '', -1, 2, 0, 3, '2016-10-26 14:24:48'),
(163, 273, 1037, 14, 58, '', 1, 2, 1, 4, '2016-11-10 06:13:36'),
(164, 275, 1123, 5, 1, '0370491847', 1, 2, 1, 4, '2016-11-10 06:17:57'),
(165, 274, 1369, 10, 14, 'ZR/BN/167300264014570', 1, 2, 1, 4, '2016-11-10 06:17:34'),
(166, 284, 1395, 14, 65, '', 1, 2, 2, 4, '2016-11-10 14:33:45'),
(167, 274, 1461, 14, 42, '0370525154', 1, 2, 1, 4, '2016-11-10 06:17:35'),
(168, 274, 1464, 14, 61, '', 1, 2, 1, 4, '2016-11-10 06:17:34'),
(169, NULL, 1465, 14, 65, '', 1, 2, 0, 2, '2016-10-31 07:49:47'),
(170, 182, 0, 0, 65, '', -1, 2, 0, 3, '2016-10-31 07:50:38'),
(171, 284, 1467, 9, 66, '510597', 1, 2, 2, 4, '2016-11-10 14:33:45'),
(172, 273, 1469, 14, 58, '', 1, 2, 1, 4, '2016-11-10 06:13:36'),
(173, 273, 1469, 14, 58, '', 1, 2, 1, 4, '2016-11-10 06:13:36'),
(174, 273, 1469, 14, 58, '', 1, 2, 1, 4, '2016-11-10 06:13:36'),
(175, 273, 1469, 14, 58, '', 1, 2, 1, 4, '2016-11-10 06:13:36'),
(176, 273, 1469, 14, 58, '', 1, 2, 1, 4, '2016-11-10 06:13:36'),
(177, 273, 1469, 14, 58, '', 1, 2, 1, 4, '2016-11-10 06:13:36'),
(178, 273, 1469, 14, 58, '', 1, 2, 1, 4, '2016-11-10 06:13:36'),
(179, 273, 1469, 14, 58, '', 1, 2, 1, 4, '2016-11-10 06:13:36'),
(180, 273, 1469, 14, 58, '', 1, 2, 1, 4, '2016-11-10 06:13:36'),
(181, 273, 1469, 14, 58, '', 1, 2, 1, 4, '2016-11-10 06:13:36'),
(182, 273, 1469, 14, 58, '', 1, 2, 1, 4, '2016-11-10 06:13:36'),
(183, 273, 1469, 14, 58, '', 1, 2, 1, 4, '2016-11-10 06:13:36'),
(184, 273, 1469, 14, 58, '', 1, 2, 1, 4, '2016-11-10 06:13:36'),
(185, 273, 1469, 14, 58, '', 1, 2, 1, 4, '2016-11-10 06:13:36'),
(186, 273, 1469, 14, 58, '', 1, 2, 1, 4, '2016-11-10 06:13:36'),
(187, 273, 1469, 14, 58, '', 1, 2, 1, 4, '2016-11-10 06:13:36'),
(188, 273, 1469, 14, 58, '', 1, 2, 1, 4, '2016-11-10 06:13:36'),
(189, 273, 1469, 14, 58, '', 1, 2, 1, 4, '2016-11-10 06:13:36'),
(190, 273, 1469, 14, 58, '', 1, 2, 1, 4, '2016-11-10 06:13:36'),
(191, 273, 1469, 14, 58, '', 1, 2, 1, 4, '2016-11-10 06:13:36'),
(192, 273, 1469, 14, 58, '', 1, 2, 1, 4, '2016-11-10 06:13:36'),
(193, 273, 1469, 14, 58, '', 1, 2, 1, 4, '2016-11-10 06:13:36'),
(194, 273, 1469, 14, 58, '', 1, 2, 1, 4, '2016-11-10 06:13:36'),
(195, 273, 1469, 14, 58, '', 1, 2, 1, 4, '2016-11-10 06:13:36'),
(196, 273, 1469, 14, 58, '', 1, 2, 1, 4, '2016-11-10 06:13:36'),
(197, 273, 1469, 14, 58, '', 1, 2, 1, 4, '2016-11-10 06:13:36'),
(198, 273, 1469, 14, 58, '', 1, 2, 1, 4, '2016-11-10 06:13:36'),
(199, 273, 1469, 14, 58, '', 1, 2, 1, 4, '2016-11-10 06:13:36'),
(200, 273, 1469, 14, 58, '', 1, 2, 1, 4, '2016-11-10 06:13:36'),
(201, 273, 1469, 14, 58, '', 1, 2, 1, 4, '2016-11-10 06:13:36'),
(202, 273, 1469, 14, 58, '', 1, 2, 1, 4, '2016-11-10 06:13:36'),
(203, 273, 1469, 14, 58, '', 1, 2, 1, 4, '2016-11-10 06:13:36'),
(204, 273, 1469, 14, 58, '', 1, 2, 1, 4, '2016-11-10 06:13:36'),
(205, 273, 1469, 14, 58, '', 1, 2, 1, 4, '2016-11-10 06:13:36'),
(206, 273, 1469, 14, 58, '', 1, 2, 1, 4, '2016-11-10 06:13:36'),
(207, 273, 1469, 14, 58, '', 1, 2, 1, 4, '2016-11-10 06:13:36'),
(208, 273, 1469, 14, 58, '', 1, 2, 1, 4, '2016-11-10 06:13:36'),
(209, 273, 1469, 14, 58, '', 1, 2, 1, 4, '2016-11-10 06:13:36'),
(210, 274, 1582, 7, 10, '', 1, 2, 1, 4, '2016-11-10 06:17:34'),
(211, 273, 1628, 10, 58, '', 1, 2, 1, 4, '2016-11-10 06:13:36'),
(212, 273, 1629, 10, 58, '', 1, 2, 1, 4, '2016-11-10 06:13:36'),
(213, 273, 1630, 10, 58, '', 1, 2, 1, 4, '2016-11-10 06:13:36'),
(214, NULL, 1661, 7, 42, '', 1, 2, 0, 2, '2016-11-01 21:13:03'),
(215, 273, 1749, 10, 58, '', 1, 2, 1, 4, '2016-11-10 06:13:36'),
(216, 273, 1750, 10, 58, '', 1, 2, 1, 4, '2016-11-10 06:13:36'),
(217, 273, 1752, 11, 58, '', 1, 2, 1, 4, '2016-11-10 06:13:36'),
(218, 274, 1754, 14, 7, '', 1, 2, 1, 4, '2016-11-10 06:17:33'),
(219, 274, 1779, 14, 25, '', 1, 2, 1, 4, '2016-11-10 06:17:34'),
(220, 274, 1781, 14, 18, '', 1, 2, 1, 4, '2016-11-10 06:17:34'),
(221, 274, 1783, 14, 18, '', 1, 2, 1, 4, '2016-11-10 06:17:34'),
(222, 274, 1829, 7, 30, '', 1, 2, 1, 4, '2016-11-10 06:17:34'),
(223, 274, 1830, 7, 18, '', 1, 2, 1, 4, '2016-11-10 06:17:34'),
(224, NULL, 1831, 7, 27, '', 1, 2, 0, 2, '2016-11-07 08:05:49'),
(225, NULL, 1841, 6, 76, '', 1, 2, 0, 2, '2016-11-03 04:31:36'),
(226, 284, 1842, 10, 65, '', 1, 2, 2, 4, '2016-11-10 14:33:45'),
(227, 274, 1928, 11, 30, '', 1, 2, 1, 4, '2016-11-10 06:17:34'),
(228, 307, 1953, 9, 7, '338965', 1, 2, 1, 4, '2016-11-14 14:07:53'),
(229, NULL, 1965, 11, 17, '', 1, 2, 0, 0, '2016-11-07 08:06:54'),
(230, 307, 2057, 7, 7, '149961', 1, 2, 1, 4, '2016-11-14 14:07:53'),
(231, 227, 0, 0, 42, '', -1, 2, 0, 3, '2016-11-03 22:11:03'),
(232, NULL, 2077, 5, 58, '', 1, 2, 0, 1, '2016-11-04 14:14:11'),
(233, NULL, 2078, 5, 58, '', 1, 2, 0, 1, '2016-11-07 11:46:29'),
(234, NULL, 2079, 5, 58, '', 1, 2, 0, 1, '2016-11-07 18:14:02'),
(235, NULL, 2080, 5, 58, '', 1, 2, 0, 1, '2016-11-08 19:01:35'),
(236, NULL, 2081, 5, 76, '', 1, 2, 0, 2, '2016-11-04 03:41:27'),
(237, 307, 2155, 14, 7, '337704', 1, 2, 1, 4, '2016-11-14 14:07:53'),
(238, 307, 2156, 14, 26, '0670707254 ', 1, 2, 1, 4, '2016-11-14 14:07:55'),
(239, NULL, 2158, 14, 43, '', 1, 2, 0, 2, '2016-11-04 03:41:02'),
(240, NULL, 2170, 7, 18, '', 1, 2, 0, 2, '2016-11-04 22:07:48'),
(241, NULL, 2239, 5, 58, '', 1, 2, 0, 1, '2016-11-10 03:03:32'),
(242, NULL, 2240, 5, 58, '', 1, 2, 0, 1, '2016-11-07 12:59:05'),
(243, NULL, 2241, 5, 58, '', 1, 2, 0, 1, '2016-11-04 14:14:34'),
(244, NULL, 2242, 5, 58, '', 1, 2, 0, 1, '2016-11-07 13:04:57'),
(245, 284, 2243, 5, 66, '165024', 1, 2, 2, 4, '2016-11-10 14:33:45'),
(246, 284, 2244, 5, 66, '157896', 1, 2, 2, 4, '2016-11-10 14:33:45'),
(247, 307, 2247, 5, 67, '', 1, 2, 1, 4, '2016-11-14 14:07:54'),
(248, 307, 2248, 6, 67, '', 1, 2, 1, 4, '2016-11-14 14:07:54'),
(249, 307, 2249, 5, 67, '', 1, 2, 1, 4, '2016-11-14 14:07:54'),
(250, 243, 0, 0, 18, '', -1, 2, 0, 3, '2016-11-07 11:12:33'),
(251, 243, 0, 0, 76, '', -2, 2, 0, 3, '2016-11-07 11:12:33'),
(252, 307, 2252, 11, 7, '162761', 1, 2, 1, 4, '2016-11-14 14:07:53'),
(253, 307, 2253, 11, 14, '167300262660175', 1, 2, 1, 4, '2016-11-14 14:07:54'),
(254, 307, 2253, 11, 14, '167300262660219', 1, 2, 1, 4, '2016-11-14 14:07:54'),
(255, 307, 2257, 14, 14, '167300262465137', 1, 2, 1, 4, '2016-11-14 14:07:54'),
(256, 307, 2258, 14, 13, '0370523684', 1, 2, 1, 4, '2016-11-14 14:07:54'),
(257, 307, 2259, 14, 33, '491651306', 1, 2, 1, 4, '2016-11-14 14:07:55'),
(258, 321, 2284, 9, 7, '306382', 1, 2, 1, 4, '2016-11-16 13:08:36'),
(259, NULL, 2296, 11, 25, '', 1, 2, 0, 2, '2016-11-04 03:39:46'),
(260, 284, 2340, 7, 66, '', 1, 2, 2, 4, '2016-11-10 14:33:45'),
(261, 284, 2439, 7, 41, 'SN-CA1040A425', 1, 2, 2, 4, '2016-11-10 14:33:46'),
(262, 284, 2441, 9, 41, 'SN-CA1040A597', 1, 2, 2, 4, '2016-11-10 14:33:46'),
(263, 307, 2556, 10, 30, '0190743371', 1, 2, 1, 4, '2016-11-14 14:07:55'),
(264, 284, 2568, 14, 127, '0082464', 1, 2, 2, 4, '2016-11-10 14:33:46'),
(265, 307, 2569, 9, 7, '310407', 1, 2, 1, 4, '2016-11-14 14:07:53'),
(266, 307, 2570, 9, 31, 'ZR/EZ/950300164083 ', 1, 2, 1, 4, '2016-11-14 14:07:55'),
(267, 307, 2571, 9, 14, '167300264043100', 1, 2, 1, 4, '2016-11-14 14:07:54'),
(268, NULL, 2647, 13, 59, '', 1, 2, 0, 1, '2016-11-10 02:30:56'),
(269, NULL, 2734, 9, 7, '', 1, 2, 0, 2, '2016-11-10 07:53:46'),
(270, 307, 2735, 9, 31, '950300103016132', 1, 2, 1, 4, '2016-11-14 14:07:55'),
(271, 307, 2737, 14, 7, '337560', 1, 2, 1, 4, '2016-11-14 14:07:53'),
(272, 307, 2748, 10, 7, '330261', 1, 2, 1, 4, '2016-11-14 14:07:53'),
(273, 321, 2749, 10, 7, '337711', 1, 2, 1, 4, '2016-11-16 13:08:36'),
(274, 307, 2771, 14, 5, 'AL/X5/745300562354278', 1, 2, 1, 4, '2016-11-14 14:07:53'),
(275, 321, 2809, 10, 31, '950300113027289', 1, 2, 1, 4, '2016-11-16 13:08:36'),
(276, 306, 2833, 13, 41, 'SN-CA 1040A506', 1, 2, 2, 4, '2016-11-14 13:34:01'),
(277, NULL, 2834, 13, 58, '', 1, 2, 0, 1, '2016-11-11 00:57:49'),
(278, NULL, 2835, 13, 75, '165568', 1, 2, 0, 1, '2016-11-11 00:45:51'),
(279, 306, 2841, 14, 41, 'SN-CA 1343B156', 1, 2, 2, 4, '2016-11-14 13:34:01'),
(280, NULL, 2842, 14, 41, '', 1, 2, 0, 2, '2016-11-12 05:14:18'),
(281, 321, 2843, 14, 61, 'SN-CA 31103677528', 1, 2, 1, 4, '2016-11-16 13:08:36'),
(282, 321, 2843, 14, 61, '31103677821', 1, 2, 1, 4, '2016-11-16 13:08:36'),
(283, NULL, 2844, 14, 80, '', 1, 2, 0, 2, '2016-11-12 05:18:19'),
(284, NULL, 2845, 14, 68, '', 1, 2, 0, 2, '2016-11-12 05:18:51'),
(285, NULL, 2846, 14, 74, '', 1, 2, 0, 0, '2016-11-12 05:19:06'),
(286, NULL, 2848, 6, 7, '', 1, 2, 0, 2, '2016-11-12 22:18:34'),
(287, 321, 2861, 5, 7, '306234', 1, 2, 1, 4, '2016-11-16 13:08:35'),
(288, 298, 0, 0, 7, '', -1, 2, 0, 3, '2016-11-14 08:45:39'),
(289, 298, 0, 0, 25, '', -1, 2, 0, 3, '2016-11-14 08:45:39'),
(290, 298, 0, 0, 43, '', -1, 2, 0, 3, '2016-11-14 08:45:39'),
(291, 299, 0, 0, 27, '', -1, 2, 0, 3, '2016-11-14 09:46:19'),
(292, 321, 2886, 14, 24, '', 1, 2, 1, 4, '2016-11-16 13:08:36'),
(293, NULL, 2887, 14, 132, '', 1, 2, 0, 0, '2016-11-14 10:06:11'),
(294, 302, 0, 0, 41, '', -1, 2, 0, 3, '2016-11-14 10:41:02'),
(295, 302, 0, 0, 80, '', -1, 2, 0, 3, '2016-11-14 10:41:02'),
(296, 303, 0, 0, 7, '', -1, 2, 0, 3, '2016-11-14 13:10:36'),
(297, 303, 0, 0, 68, '', -1, 2, 0, 3, '2016-11-14 13:10:36'),
(298, 321, 2890, 5, 7, '336108', 1, 2, 1, 4, '2016-11-16 13:08:36'),
(299, 321, 2891, 9, 7, '803206', 1, 2, 1, 4, '2016-11-16 13:08:36'),
(300, NULL, 2904, 14, 58, '', 1, 2, 0, 1, '2016-11-15 00:05:37'),
(301, NULL, 2905, 14, 65, 'E8GMK10C1000276', 1, 2, 0, 1, '2016-11-15 02:18:36'),
(302, 321, 2962, 11, 4, '745300562745262', 1, 2, 1, 4, '2016-11-16 13:08:35'),
(303, NULL, 3042, 11, 75, '158782', 1, 2, 0, 1, '2016-11-16 01:40:52'),
(304, NULL, 3058, 11, 58, '', 1, 2, 0, 1, '2016-11-16 02:55:58'),
(305, 321, 3083, 7, 92, 'DC1M-02GD31C1S-D', 1, 2, 1, 4, '2016-11-16 13:08:36'),
(306, NULL, 3085, 5, 7, '', 1, 2, 0, 0, '2016-11-16 13:12:22');

-- --------------------------------------------------------

--
-- Struktura tabeli dla tabeli `damaged_devices_status`
--

CREATE TABLE IF NOT EXISTS `damaged_devices_status` (
  `id` int(11) NOT NULL AUTO_INCREMENT,
  `name` varchar(255) COLLATE latin2_bin NOT NULL,
  PRIMARY KEY (`id`)
) ENGINE=InnoDB  DEFAULT CHARSET=latin2 COLLATE=latin2_bin AUTO_INCREMENT=5 ;

--
-- Zrzut danych tabeli `damaged_devices_status`
--

INSERT INTO `damaged_devices_status` (`id`, `name`) VALUES
(1, 'Uszkodzone'),
(2, 'Dziaajce'),
(3, 'Na magazynie'),
(4, 'Odesano do serwisu');

-- --------------------------------------------------------

--
-- Struktura tabeli dla tabeli `mennica_services`
--

CREATE TABLE IF NOT EXISTS `mennica_services` (
  `id` int(11) NOT NULL AUTO_INCREMENT,
  `name` varchar(255) NOT NULL,
  PRIMARY KEY (`id`)
) ENGINE=InnoDB  DEFAULT CHARSET=latin1 AUTO_INCREMENT=3 ;

--
-- Zrzut danych tabeli `mennica_services`
--

INSERT INTO `mennica_services` (`id`, `name`) VALUES
(1, 'Serwis Mennica'),
(2, 'Serwis Mera');

-- --------------------------------------------------------

--
-- Struktura tabeli dla tabeli `product_details`
--

CREATE TABLE IF NOT EXISTS `product_details` (
  `id` int(11) NOT NULL AUTO_INCREMENT,
  `product_id` int(11) NOT NULL,
  `sn` varchar(255) COLLATE latin2_bin NOT NULL,
  `arrival_id` int(11) NOT NULL,
  `storage_id` int(11) NOT NULL,
  `product_status_id` int(11) NOT NULL,
  `product_status_change_datetime` datetime NOT NULL,
  PRIMARY KEY (`id`)
) ENGINE=InnoDB  DEFAULT CHARSET=latin2 COLLATE=latin2_bin AUTO_INCREMENT=2236 ;

--
-- Zrzut danych tabeli `product_details`
--

INSERT INTO `product_details` (`id`, `product_id`, `sn`, `arrival_id`, `storage_id`, `product_status_id`, `product_status_change_datetime`) VALUES
(1, 1, '', 1, 2, 1, '2016-10-03 11:29:15'),
(2, 2, '', 1, 2, 1, '2016-10-03 11:29:15'),
(3, 3, '', 1, 2, 1, '2016-10-03 11:29:15'),
(4, 4, '', 1, 2, 1, '2016-10-03 11:29:15'),
(5, 5, '', 1, 2, 1, '2016-10-03 11:29:15'),
(6, 7, '', 1, 2, 1, '2016-10-03 11:29:16'),
(7, 8, '', 1, 2, 1, '2016-10-03 11:29:16'),
(8, 9, '', 1, 2, 1, '2016-10-03 11:29:16'),
(9, 10, '', 1, 2, 1, '2016-10-03 11:29:16'),
(10, 11, '', 1, 2, 1, '2016-10-03 11:29:16'),
(11, 12, '', 1, 2, 1, '2016-10-03 11:29:16'),
(12, 13, '', 1, 2, 1, '2016-10-03 11:29:16'),
(13, 14, '', 1, 2, 1, '2016-10-03 11:29:16'),
(14, 17, '', 1, 2, 1, '2016-10-03 11:29:16'),
(15, 18, '', 1, 2, 1, '2016-10-03 11:29:16'),
(16, 19, '', 1, 2, 1, '2016-10-03 11:29:16'),
(17, 21, '', 1, 2, 1, '2016-10-03 11:29:16'),
(18, 22, '', 1, 2, 1, '2016-10-03 11:29:16'),
(19, 24, '', 1, 2, 1, '2016-10-03 11:29:16'),
(20, 25, '', 1, 2, 1, '2016-10-03 11:29:17'),
(21, 26, '', 1, 2, 1, '2016-10-03 11:29:17'),
(22, 27, '', 1, 2, 1, '2016-10-03 11:29:17'),
(23, 28, '', 1, 2, 1, '2016-10-03 11:29:17'),
(24, 29, '', 1, 2, 1, '2016-10-03 11:29:17'),
(25, 30, '', 1, 2, 1, '2016-10-03 11:29:17'),
(26, 31, '', 1, 2, 1, '2016-10-03 11:29:17'),
(27, 32, '', 1, 2, 1, '2016-10-03 11:29:17'),
(28, 33, '', 1, 2, 1, '2016-10-03 11:29:17'),
(29, 34, '', 1, 2, 1, '2016-10-03 11:29:17'),
(30, 35, '', 1, 2, 1, '2016-10-03 11:29:17'),
(31, 36, '', 1, 2, 1, '2016-10-03 11:29:17'),
(32, 37, '', 1, 2, 1, '2016-10-03 11:29:17'),
(33, 39, '', 1, 2, 1, '2016-10-03 11:29:18'),
(34, 40, '', 1, 2, 1, '2016-10-03 11:29:18'),
(35, 78, '', 1, 2, 1, '2016-10-03 11:29:18'),
(36, 41, '', 1, 2, 1, '2016-10-03 11:29:18'),
(37, 42, '', 1, 2, 1, '2016-10-03 11:29:18'),
(38, 43, '', 1, 2, 1, '2016-10-03 11:29:18'),
(39, 44, '', 1, 2, 1, '2016-10-03 11:29:18'),
(40, 14, '', 1, 2, 1, '2016-10-03 11:29:18'),
(41, 7, '', 1, 2, 1, '2016-10-03 11:29:18'),
(42, 44, '', 1, 2, 1, '2016-10-03 11:29:18'),
(43, 14, '', 1, 2, 1, '2016-10-03 11:29:18'),
(44, 61, '', 1, 2, 1, '2016-10-03 11:29:18'),
(45, 31, '', 1, 2, 1, '2016-10-03 11:29:18'),
(46, 18, '', 1, 2, 1, '2016-10-03 11:29:18'),
(47, 16, '', 1, 2, 1, '2016-10-03 11:29:19'),
(48, 43, '', 1, 2, 1, '2016-10-03 11:29:19'),
(49, 13, '', 1, 2, 1, '2016-10-03 11:29:19'),
(50, 12, '', 1, 2, 1, '2016-10-03 11:29:19'),
(51, 17, '', 1, 2, 1, '2016-10-03 11:29:19'),
(52, 30, '', 1, 2, 1, '2016-10-03 11:29:19'),
(53, 7, '', 2, 2, 2, '2016-10-03 11:33:17'),
(54, 7, '', 3, 2, 2, '2016-10-04 11:37:50'),
(55, 7, '', 4, 2, 2, '2016-10-04 11:38:41'),
(56, 25, '', 4, 2, 2, '2016-10-04 11:38:41'),
(57, 58, '', 5, 2, 1, '2016-10-04 12:04:48'),
(58, 79, '', 5, 2, 1, '2016-10-04 12:04:48'),
(59, 80, '', 5, 2, 1, '2016-10-04 12:04:48'),
(60, 81, '', 5, 2, 1, '2016-10-04 12:04:48'),
(61, 82, '', 5, 2, 1, '2016-10-04 12:04:48'),
(62, 83, '', 5, 2, 1, '2016-10-04 12:04:49'),
(63, 84, '', 5, 2, 1, '2016-10-04 12:04:49'),
(64, 85, '', 5, 2, 1, '2016-10-04 12:04:49'),
(65, 86, '', 5, 2, 1, '2016-10-04 12:04:49'),
(66, 87, '', 5, 2, 1, '2016-10-04 12:04:49'),
(67, 88, '', 5, 2, 1, '2016-10-04 12:04:49'),
(68, 89, '', 5, 2, 1, '2016-10-04 12:04:49'),
(69, 90, '', 5, 2, 1, '2016-10-04 12:04:49'),
(70, 91, '', 5, 2, 1, '2016-10-04 12:04:49'),
(71, 52, '', 5, 2, 1, '2016-10-04 12:04:49'),
(72, 92, '', 5, 2, 1, '2016-10-04 12:04:49'),
(73, 45, '', 5, 2, 1, '2016-10-04 12:04:49'),
(74, 65, '', 5, 2, 1, '2016-10-04 12:04:49'),
(75, 93, '', 5, 2, 1, '2016-10-04 12:04:50'),
(76, 94, '', 5, 2, 1, '2016-10-04 12:04:50'),
(77, 95, '', 5, 2, 1, '2016-10-04 12:04:50'),
(78, 49, '', 5, 2, 1, '2016-10-04 12:04:50'),
(79, 96, '', 5, 2, 1, '2016-10-04 12:04:50'),
(80, 97, '', 5, 2, 1, '2016-10-04 12:04:50'),
(81, 90, '', 5, 2, 1, '2016-10-04 12:04:50'),
(82, 99, '', 5, 2, 1, '2016-10-04 12:04:50'),
(83, 100, '', 5, 2, 1, '2016-10-04 12:04:50'),
(84, 101, '', 5, 2, 1, '2016-10-04 12:04:50'),
(85, 50, '', 5, 2, 1, '2016-10-04 12:04:50'),
(86, 46, '', 5, 2, 1, '2016-10-04 12:04:50'),
(87, 51, '', 5, 2, 1, '2016-10-04 12:04:50'),
(88, 102, '', 5, 2, 1, '2016-10-04 12:04:50'),
(89, 103, '', 5, 2, 1, '2016-10-04 12:04:50'),
(90, 63, '', 5, 2, 1, '2016-10-04 12:04:50'),
(91, 104, '', 5, 2, 1, '2016-10-04 12:04:50'),
(92, 74, '', 5, 2, 1, '2016-10-04 12:04:50'),
(93, 125, '', 5, 2, 1, '2016-10-04 12:04:50'),
(94, 105, '', 5, 2, 1, '2016-10-04 12:04:51'),
(95, 67, '', 5, 2, 1, '2016-10-04 12:04:51'),
(96, 106, '', 5, 2, 1, '2016-10-04 12:04:51'),
(97, 69, '', 5, 2, 1, '2016-10-04 12:04:51'),
(98, 76, '', 5, 2, 1, '2016-10-04 12:04:51'),
(99, 68, '', 5, 2, 1, '2016-10-04 12:04:51'),
(100, 108, '', 5, 2, 1, '2016-10-04 12:04:51'),
(101, 109, '', 5, 2, 1, '2016-10-04 12:04:51'),
(102, 55, '', 5, 2, 1, '2016-10-04 12:04:51'),
(103, 110, '', 5, 2, 1, '2016-10-04 12:04:51'),
(104, 111, '', 5, 2, 1, '2016-10-04 12:04:52'),
(105, 74, '', 5, 2, 1, '2016-10-04 12:04:52'),
(106, 113, '', 5, 2, 1, '2016-10-04 12:04:52'),
(107, 73, '', 5, 2, 1, '2016-10-04 12:04:52'),
(108, 66, '', 5, 2, 1, '2016-10-04 12:04:52'),
(109, 114, '', 5, 2, 1, '2016-10-04 12:04:52'),
(110, 75, '', 5, 2, 1, '2016-10-04 12:04:52'),
(111, 77, '', 5, 2, 1, '2016-10-04 12:04:52'),
(112, 115, '', 5, 2, 1, '2016-10-04 12:04:52'),
(113, 64, '', 5, 2, 1, '2016-10-04 12:04:52'),
(114, 116, '', 5, 2, 1, '2016-10-04 12:04:53'),
(115, 117, '', 5, 2, 1, '2016-10-04 12:04:53'),
(116, 118, '', 5, 2, 1, '2016-10-04 12:04:53'),
(117, 119, '', 5, 2, 1, '2016-10-04 12:04:53'),
(118, 120, '', 5, 2, 1, '2016-10-04 12:04:53'),
(119, 121, '', 5, 2, 1, '2016-10-04 12:04:53'),
(120, 122, '', 5, 2, 1, '2016-10-04 12:04:53'),
(121, 123, '', 5, 2, 1, '2016-10-04 12:04:53'),
(122, 124, '', 5, 2, 1, '2016-10-04 12:04:53'),
(123, 7, '', 7, 2, 3, '2016-10-04 14:57:48'),
(124, 25, '', 7, 2, 3, '2016-10-04 14:57:48'),
(125, 30, '', 8, 2, 2, '2016-10-04 14:58:30'),
(126, 51, '', 9, 2, 1, '2016-10-05 10:58:58'),
(127, 63, '', 9, 2, 1, '2016-10-05 10:58:58'),
(128, 99, '', 9, 2, 1, '2016-10-05 10:58:58'),
(129, 100, '', 9, 2, 1, '2016-10-05 10:58:58'),
(130, 90, '', 9, 2, 1, '2016-10-05 10:58:58'),
(131, 101, '', 9, 2, 1, '2016-10-05 10:58:59'),
(132, 50, '', 9, 2, 1, '2016-10-05 10:58:59'),
(133, 104, '', 9, 2, 1, '2016-10-05 10:58:59'),
(134, 102, '', 9, 2, 1, '2016-10-05 10:58:59'),
(135, 46, '', 9, 2, 1, '2016-10-05 10:58:59'),
(136, 103, '', 9, 2, 1, '2016-10-05 10:58:59'),
(137, 112, '', 10, 2, 1, '2016-10-05 12:59:00'),
(138, 98, '', 10, 2, 1, '2016-10-05 12:59:00'),
(139, 7, '', 11, 2, 2, '2016-10-06 07:21:44'),
(140, 42, '', 12, 2, 1, '2016-10-06 10:51:04'),
(141, 126, '', 12, 2, 1, '2016-10-06 10:51:04'),
(142, 126, '', 13, 2, 2, '2016-10-06 13:46:17'),
(143, 7, '', 14, 2, 2, '2016-10-07 07:50:28'),
(144, 93, '', 15, 2, 2, '2016-10-07 14:01:44'),
(145, 7, '', 16, 2, 3, '2016-10-07 15:00:51'),
(146, 7, '', 17, 2, 2, '2016-10-07 15:04:50'),
(147, 14, '', 17, 2, 2, '2016-10-07 15:04:50'),
(148, 43, '', 18, 2, 2, '2016-10-07 22:07:46'),
(149, 65, '', 19, 2, 2, '2016-10-08 21:40:00'),
(150, 1, '', 20, 2, 2, '2016-10-09 13:43:43'),
(151, 75, '', 21, 2, 2, '2016-10-10 07:55:28'),
(152, 66, '', 22, 2, 2, '2016-10-10 08:43:27'),
(153, 7, '', 23, 2, 2, '2016-10-10 09:27:42'),
(154, 31, '', 23, 2, 2, '2016-10-10 09:27:42'),
(155, 43, '', 23, 2, 2, '2016-10-10 09:27:42'),
(156, 42, '', 23, 2, 2, '2016-10-10 09:27:42'),
(157, 65, '', 24, 2, 1, '2016-10-10 10:31:12'),
(158, 44, '', 25, 2, 2, '2016-10-10 13:19:17'),
(159, 42, '', 26, 2, 2, '2016-10-10 14:10:48'),
(160, 14, '', 27, 2, 2, '2016-10-10 14:16:46'),
(161, 42, '', 27, 2, 2, '2016-10-10 14:16:46'),
(162, 42, '', 28, 2, 2, '2016-10-10 14:17:24'),
(163, 14, '', 28, 2, 2, '2016-10-10 14:17:24'),
(164, 31, '', 28, 2, 2, '2016-10-10 14:17:24'),
(165, 7, '', 29, 2, 3, '2016-10-10 14:29:33'),
(166, 42, '', 29, 2, 3, '2016-10-10 14:29:33'),
(167, 43, '', 29, 2, 3, '2016-10-10 14:29:33'),
(168, 42, '', 30, 2, 2, '2016-10-11 06:56:59'),
(169, 42, '', 31, 2, 3, '2016-10-11 07:32:26'),
(170, 42, '', 32, 2, 2, '2016-10-11 08:23:03'),
(171, 44, '', 33, 2, 2, '2016-10-11 09:28:46'),
(172, 44, '', 34, 2, 1, '2016-10-11 11:46:11'),
(173, 44, '', 35, 2, 3, '2016-10-11 14:00:10'),
(174, 11, '', 36, 2, 2, '2016-10-11 14:16:30'),
(175, 17, '', 37, 2, 2, '2016-10-11 14:26:30'),
(176, 33, '', 37, 2, 2, '2016-10-11 14:26:30'),
(177, 34, '', 37, 2, 2, '2016-10-11 14:26:30'),
(178, 42, '', 37, 2, 2, '2016-10-11 14:26:30'),
(179, 1, '', 37, 2, 2, '2016-10-11 14:26:30'),
(180, 44, '', 37, 2, 2, '2016-10-11 14:26:30'),
(181, 39, '', 37, 2, 2, '2016-10-11 14:26:30'),
(182, 30, '', 38, 2, 2, '2016-10-11 14:27:20'),
(183, 42, '', 39, 2, 2, '2016-10-11 15:51:04'),
(184, 1, '', 40, 2, 3, '2016-10-12 07:24:38'),
(185, 17, '', 40, 2, 3, '2016-10-12 07:24:38'),
(186, 33, '', 40, 2, 3, '2016-10-12 07:24:38'),
(187, 34, '', 40, 2, 3, '2016-10-12 07:24:38'),
(188, 39, '', 40, 2, 3, '2016-10-12 07:24:38'),
(189, 42, '', 40, 2, 3, '2016-10-12 07:24:38'),
(190, 44, '', 40, 2, 3, '2016-10-12 07:24:38'),
(191, 93, '', 41, 2, 2, '2016-10-12 08:07:54'),
(192, 46, '', 41, 2, 2, '2016-10-12 08:07:54'),
(193, 42, '', 42, 2, 2, '2016-10-12 08:50:12'),
(194, 33, '', 43, 2, 2, '2016-10-12 09:34:23'),
(195, 44, '', 43, 2, 2, '2016-10-12 09:34:23'),
(196, 34, '', 44, 2, 2, '2016-10-12 11:22:26'),
(197, 44, '', 45, 2, 2, '2016-10-12 12:01:46'),
(198, 7, '', 46, 2, 2, '2016-10-12 12:04:15'),
(199, 33, '', 47, 2, 1, '2016-10-12 12:12:14'),
(200, 42, '', 47, 2, 1, '2016-10-12 12:12:14'),
(201, 44, '', 48, 2, 2, '2016-10-12 12:35:13'),
(202, 44, '', 49, 2, 3, '2016-10-12 12:37:07'),
(203, 46, '', 49, 2, 3, '2016-10-12 12:37:07'),
(204, 42, '', 50, 2, 2, '2016-10-12 12:39:07'),
(205, 44, '', 51, 2, 2, '2016-10-12 12:51:22'),
(206, 44, '', 52, 2, 2, '2016-10-12 12:53:49'),
(207, 39, '', 52, 2, 2, '2016-10-12 12:53:49'),
(208, 34, '', 52, 2, 2, '2016-10-12 12:53:49'),
(209, 44, '', 53, 2, 3, '2016-10-12 13:47:59'),
(210, 42, '', 54, 2, 3, '2016-10-12 13:49:06'),
(211, 43, '', 55, 2, 1, '2016-10-12 13:57:46'),
(212, 42, '', 56, 2, 2, '2016-10-12 14:17:39'),
(213, 42, '', 57, 2, 2, '2016-10-12 14:42:16'),
(214, 33, '', 57, 2, 2, '2016-10-12 14:42:17'),
(215, 34, '', 57, 2, 2, '2016-10-12 14:42:17'),
(216, 17, '', 57, 2, 2, '2016-10-12 14:42:17'),
(217, 39, '', 57, 2, 2, '2016-10-12 14:42:17'),
(218, 44, '', 57, 2, 2, '2016-10-12 14:42:17'),
(219, 1, '', 57, 2, 2, '2016-10-12 14:42:17'),
(220, 7, '', 57, 2, 2, '2016-10-12 14:42:17'),
(221, 42, '', 58, 2, 2, '2016-10-12 14:49:30'),
(222, 7, '', 58, 2, 2, '2016-10-12 14:49:30'),
(223, 7, '', 59, 2, 3, '2016-10-12 14:50:51'),
(224, 42, '', 59, 2, 3, '2016-10-12 14:50:51'),
(225, 42, '', 60, 2, 2, '2016-10-12 14:54:54'),
(226, 7, '', 61, 2, 2, '2016-10-12 14:56:34'),
(227, 7, '', 62, 2, 3, '2016-10-12 14:58:08'),
(228, 44, '', 62, 2, 3, '2016-10-12 14:58:08'),
(229, 34, '', 63, 2, 1, '2016-10-12 15:18:32'),
(230, 1, '', 65, 2, 3, '2016-10-13 09:25:14'),
(231, 17, '', 65, 2, 3, '2016-10-13 09:25:14'),
(232, 33, '', 65, 2, 3, '2016-10-13 09:25:15'),
(233, 34, '', 65, 2, 3, '2016-10-13 09:25:15'),
(234, 39, '', 65, 2, 3, '2016-10-13 09:25:15'),
(235, 42, '', 65, 2, 3, '2016-10-13 09:25:15'),
(236, 44, '', 65, 2, 3, '2016-10-13 09:25:15'),
(237, 42, '', 66, 2, 2, '2016-10-13 09:28:12'),
(238, 17, '', 67, 2, 2, '2016-10-13 09:30:43'),
(239, 7, '', 67, 2, 2, '2016-10-13 09:30:43'),
(240, 26, '', 67, 2, 2, '2016-10-13 09:30:43'),
(241, 127, '', 68, 2, 1, '2016-10-13 13:16:27'),
(242, 7, '', 69, 2, 3, '2016-10-13 14:03:07'),
(243, 26, '', 69, 2, 3, '2016-10-13 14:03:07'),
(244, 113, '', 70, 2, 2, '2016-10-13 14:28:48'),
(245, 24, '', 70, 2, 2, '2016-10-13 14:28:48'),
(246, 127, '', 70, 2, 2, '2016-10-13 14:28:48'),
(247, 7, '', 71, 2, 2, '2016-10-13 14:29:28'),
(248, 26, '', 71, 2, 2, '2016-10-13 14:29:28'),
(249, 7, '', 72, 2, 2, '2016-10-13 14:34:32'),
(250, 7, '', 73, 2, 3, '2016-10-13 14:35:40'),
(251, 42, '', 73, 2, 3, '2016-10-13 14:35:40'),
(252, 44, '', 74, 2, 2, '2016-10-13 14:36:25'),
(253, 7, '', 75, 2, 2, '2016-10-13 14:38:36'),
(254, 7, '', 76, 2, 3, '2016-10-13 14:41:30'),
(255, 44, '', 76, 2, 3, '2016-10-13 14:41:30'),
(256, 7, '', 77, 2, 2, '2016-10-14 07:03:34'),
(257, 7, '', 78, 2, 3, '2016-10-14 07:04:19'),
(258, 113, '', 78, 2, 3, '2016-10-14 07:04:20'),
(259, 42, '', 79, 2, 2, '2016-10-14 07:08:00'),
(260, 95, '', 80, 2, 2, '2016-10-14 09:16:17'),
(261, 44, '', 81, 2, 2, '2016-10-14 09:52:31'),
(262, 7, '', 82, 2, 1, '2016-10-14 13:30:46'),
(263, 30, '', 82, 2, 1, '2016-10-14 13:30:46'),
(264, 7, '', 83, 2, 1, '2016-10-14 14:12:09'),
(265, 34, '', 84, 2, 2, '2016-10-14 14:53:24'),
(266, 33, '', 84, 2, 2, '2016-10-14 14:53:24'),
(267, 39, '', 84, 2, 2, '2016-10-14 14:53:24'),
(268, 1, '', 84, 2, 2, '2016-10-14 14:53:24'),
(269, 42, '', 84, 2, 2, '2016-10-14 14:53:24'),
(270, 44, '', 84, 2, 2, '2016-10-14 14:53:24'),
(271, 14, '', 84, 2, 2, '2016-10-14 14:53:24'),
(272, 7, '', 85, 2, 2, '2016-10-14 14:54:28'),
(273, 7, '', 86, 2, 3, '2016-10-14 14:55:29'),
(274, 42, '', 86, 2, 3, '2016-10-14 14:55:29'),
(275, 44, '', 87, 2, 2, '2016-10-14 14:58:49'),
(276, 42, '', 87, 2, 2, '2016-10-14 14:58:49'),
(277, 44, '', 88, 2, 3, '2016-10-14 15:43:45'),
(278, 1, '', 89, 2, 3, '2016-10-15 10:24:56'),
(279, 14, '', 89, 2, 3, '2016-10-15 10:24:56'),
(280, 33, '', 89, 2, 3, '2016-10-15 10:24:56'),
(281, 34, '', 89, 2, 3, '2016-10-15 10:24:56'),
(282, 39, '', 89, 2, 3, '2016-10-15 10:24:56'),
(283, 42, '', 89, 2, 3, '2016-10-15 10:24:56'),
(284, 44, '', 89, 2, 3, '2016-10-15 10:24:56'),
(285, 61, '', 90, 2, 2, '2016-10-17 08:17:28'),
(286, 14, '', 91, 2, 2, '2016-10-17 08:47:49'),
(287, 65, '', 92, 2, 2, '2016-10-17 11:35:17'),
(288, 25, '', 93, 2, 2, '2016-10-17 12:30:23'),
(289, 17, '', 93, 2, 2, '2016-10-17 12:30:23'),
(290, 42, '', 93, 2, 2, '2016-10-17 12:30:23'),
(291, 42, '', 94, 2, 3, '2016-10-17 15:52:55'),
(292, 61, '', 95, 2, 2, '2016-10-18 07:21:22'),
(293, 121, '', 95, 2, 2, '2016-10-18 07:21:22'),
(294, 65, '', 96, 2, 2, '2016-10-18 08:01:57'),
(295, 65, '', 97, 2, 2, '2016-10-18 08:13:22'),
(296, 7, '', 98, 2, 2, '2016-10-18 08:21:38'),
(297, 7, '', 99, 2, 2, '2016-10-18 10:43:04'),
(298, 42, '', 101, 2, 2, '2016-10-18 14:22:33'),
(299, 44, '', 102, 2, 1, '2016-10-19 13:49:01'),
(300, 33, '', 103, 2, 2, '2016-10-19 14:05:18'),
(301, 34, '', 103, 2, 2, '2016-10-19 14:05:18'),
(302, 39, '', 103, 2, 2, '2016-10-19 14:05:18'),
(303, 44, '', 103, 2, 2, '2016-10-19 14:05:18'),
(304, 26, '', 103, 2, 2, '2016-10-19 14:05:18'),
(305, 27, '', 103, 2, 2, '2016-10-19 14:05:19'),
(306, 36, '', 103, 2, 2, '2016-10-19 14:05:19'),
(307, 1, '', 103, 2, 2, '2016-10-19 14:05:19'),
(308, 14, '', 103, 2, 2, '2016-10-19 14:05:19'),
(309, 31, '', 103, 2, 2, '2016-10-19 14:05:19'),
(310, 1, '', 104, 2, 3, '2016-10-20 09:52:16'),
(311, 14, '', 104, 2, 3, '2016-10-20 09:52:16'),
(312, 26, '', 104, 2, 3, '2016-10-20 09:52:16'),
(313, 27, '', 104, 2, 3, '2016-10-20 09:52:17'),
(314, 31, '', 104, 2, 3, '2016-10-20 09:52:17'),
(315, 33, '', 104, 2, 3, '2016-10-20 09:52:17'),
(316, 34, '', 104, 2, 3, '2016-10-20 09:52:17'),
(317, 36, '', 104, 2, 3, '2016-10-20 09:52:17'),
(318, 39, '', 104, 2, 3, '2016-10-20 09:52:17'),
(319, 44, '', 104, 2, 3, '2016-10-20 09:52:17'),
(320, 14, '', 105, 2, 2, '2016-10-20 14:19:45'),
(321, 31, '', 105, 2, 2, '2016-10-20 14:19:45'),
(322, 18, '', 106, 2, 2, '2016-10-20 15:11:22'),
(323, 27, '', 106, 2, 2, '2016-10-20 15:11:22'),
(324, 1, '', 107, 2, 2, '2016-10-21 08:07:47'),
(325, 26, '', 107, 2, 2, '2016-10-21 08:07:47'),
(326, 27, '', 107, 2, 2, '2016-10-21 08:07:47'),
(327, 31, '', 107, 2, 2, '2016-10-21 08:07:47'),
(328, 33, '', 107, 2, 2, '2016-10-21 08:07:47'),
(329, 34, '', 107, 2, 2, '2016-10-21 08:07:47'),
(330, 36, '', 107, 2, 2, '2016-10-21 08:07:47'),
(331, 39, '', 107, 2, 2, '2016-10-21 08:07:47'),
(332, 44, '', 107, 2, 2, '2016-10-21 08:07:47'),
(333, 1, '', 108, 2, 2, '2016-10-21 08:09:04'),
(334, 14, '', 108, 2, 2, '2016-10-21 08:09:04'),
(335, 26, '', 108, 2, 2, '2016-10-21 08:09:04'),
(336, 27, '', 108, 2, 2, '2016-10-21 08:09:04'),
(337, 31, '', 108, 2, 2, '2016-10-21 08:09:04'),
(338, 33, '', 108, 2, 2, '2016-10-21 08:09:05'),
(339, 34, '', 108, 2, 2, '2016-10-21 08:09:05'),
(340, 36, '', 108, 2, 2, '2016-10-21 08:09:05'),
(341, 39, '', 108, 2, 2, '2016-10-21 08:09:05'),
(342, 44, '', 108, 2, 2, '2016-10-21 08:09:05'),
(343, 27, '', 109, 2, 1, '2016-10-21 08:15:31'),
(344, 31, '', 110, 2, 3, '2016-10-21 14:28:20'),
(345, 1, '', 111, 2, 3, '2016-10-21 14:28:33'),
(346, 26, '', 111, 2, 3, '2016-10-21 14:28:33'),
(347, 27, '', 111, 2, 3, '2016-10-21 14:28:33'),
(348, 31, '', 111, 2, 3, '2016-10-21 14:28:33'),
(349, 33, '', 111, 2, 3, '2016-10-21 14:28:33'),
(350, 34, '', 111, 2, 3, '2016-10-21 14:28:33'),
(351, 36, '', 111, 2, 3, '2016-10-21 14:28:33'),
(352, 39, '', 111, 2, 3, '2016-10-21 14:28:33'),
(353, 44, '', 111, 2, 3, '2016-10-21 14:28:33'),
(354, 1, '', 112, 2, 3, '2016-10-21 14:29:01'),
(355, 14, '', 112, 2, 3, '2016-10-21 14:29:01'),
(356, 26, '', 112, 2, 3, '2016-10-21 14:29:02'),
(357, 27, '', 112, 2, 3, '2016-10-21 14:29:02'),
(358, 31, '', 112, 2, 3, '2016-10-21 14:29:02'),
(359, 33, '', 112, 2, 3, '2016-10-21 14:29:02'),
(360, 34, '', 112, 2, 3, '2016-10-21 14:29:02'),
(361, 36, '', 112, 2, 3, '2016-10-21 14:29:02'),
(362, 39, '', 112, 2, 3, '2016-10-21 14:29:02'),
(363, 44, '', 112, 2, 3, '2016-10-21 14:29:03'),
(364, 1, '', 113, 2, 2, '2016-10-21 14:30:36'),
(365, 14, '', 113, 2, 2, '2016-10-21 14:30:37'),
(366, 26, '', 113, 2, 2, '2016-10-21 14:30:37'),
(367, 27, '', 113, 2, 2, '2016-10-21 14:30:37'),
(368, 31, '', 113, 2, 2, '2016-10-21 14:30:37'),
(369, 33, '', 113, 2, 2, '2016-10-21 14:30:37'),
(370, 34, '', 113, 2, 2, '2016-10-21 14:30:37'),
(371, 36, '', 113, 2, 2, '2016-10-21 14:30:37'),
(372, 39, '', 113, 2, 2, '2016-10-21 14:30:37'),
(373, 44, '', 113, 2, 2, '2016-10-21 14:30:37'),
(374, 1, '', 114, 2, 2, '2016-10-21 14:31:54'),
(375, 14, '', 114, 2, 2, '2016-10-21 14:31:54'),
(376, 26, '', 114, 2, 2, '2016-10-21 14:31:55'),
(377, 27, '', 114, 2, 2, '2016-10-21 14:31:55'),
(378, 31, '', 114, 2, 2, '2016-10-21 14:31:55'),
(379, 33, '', 114, 2, 2, '2016-10-21 14:31:55'),
(380, 34, '', 114, 2, 2, '2016-10-21 14:31:55'),
(381, 36, '', 114, 2, 2, '2016-10-21 14:31:55'),
(382, 39, '', 114, 2, 2, '2016-10-21 14:31:55'),
(383, 44, '', 114, 2, 2, '2016-10-21 14:31:55'),
(384, 1, '', 115, 2, 3, '2016-10-22 11:09:29'),
(385, 14, '', 115, 2, 3, '2016-10-22 11:09:29'),
(386, 26, '', 115, 2, 3, '2016-10-22 11:09:29'),
(387, 27, '', 115, 2, 3, '2016-10-22 11:09:29'),
(388, 31, '', 115, 2, 3, '2016-10-22 11:09:29'),
(389, 33, '', 115, 2, 3, '2016-10-22 11:09:29'),
(390, 34, '', 115, 2, 3, '2016-10-22 11:09:29'),
(391, 36, '', 115, 2, 3, '2016-10-22 11:09:30'),
(392, 39, '', 115, 2, 3, '2016-10-22 11:09:30'),
(393, 44, '', 115, 2, 3, '2016-10-22 11:09:30'),
(394, 1, '', 116, 2, 3, '2016-10-22 11:09:38'),
(395, 14, '', 116, 2, 3, '2016-10-22 11:09:38'),
(396, 26, '', 116, 2, 3, '2016-10-22 11:09:39'),
(397, 27, '', 116, 2, 3, '2016-10-22 11:09:39'),
(398, 31, '', 116, 2, 3, '2016-10-22 11:09:39'),
(399, 33, '', 116, 2, 3, '2016-10-22 11:09:39'),
(400, 34, '', 116, 2, 3, '2016-10-22 11:09:39'),
(401, 36, '', 116, 2, 3, '2016-10-22 11:09:39'),
(402, 39, '', 116, 2, 3, '2016-10-22 11:09:39'),
(403, 44, '', 116, 2, 3, '2016-10-22 11:09:39'),
(404, 1, '', 117, 2, 2, '2016-10-22 11:22:57'),
(405, 36, '', 117, 2, 2, '2016-10-22 11:22:57'),
(406, 39, '', 117, 2, 2, '2016-10-22 11:22:57'),
(407, 44, '', 117, 2, 2, '2016-10-22 11:22:57'),
(408, 31, '', 117, 2, 2, '2016-10-22 11:22:58'),
(409, 33, '', 117, 2, 2, '2016-10-22 11:22:58'),
(410, 34, '', 117, 2, 2, '2016-10-22 11:22:58'),
(411, 0, '', 117, 2, 2, '2016-10-22 11:22:58'),
(412, 0, '', 117, 2, 2, '2016-10-22 11:22:58'),
(413, 0, '', 117, 2, 2, '2016-10-22 11:22:58'),
(414, 25, '', 118, 2, 2, '2016-10-22 18:35:45'),
(415, 1, '', 119, 2, 3, '2016-10-22 21:24:52'),
(416, 31, '', 119, 2, 3, '2016-10-22 21:24:52'),
(417, 33, '', 119, 2, 3, '2016-10-22 21:24:52'),
(418, 34, '', 119, 2, 3, '2016-10-22 21:24:52'),
(419, 36, '', 119, 2, 3, '2016-10-22 21:24:52'),
(420, 39, '', 119, 2, 3, '2016-10-22 21:24:52'),
(421, 44, '', 119, 2, 3, '2016-10-22 21:24:52'),
(422, 1, '', 120, 2, 2, '2016-10-24 07:44:57'),
(423, 14, '', 120, 2, 2, '2016-10-24 07:44:57'),
(424, 26, '', 120, 2, 2, '2016-10-24 07:44:58'),
(425, 27, '', 120, 2, 2, '2016-10-24 07:44:58'),
(426, 31, '', 120, 2, 2, '2016-10-24 07:44:58'),
(427, 33, '', 120, 2, 2, '2016-10-24 07:44:58'),
(428, 34, '', 120, 2, 2, '2016-10-24 07:44:58'),
(429, 39, '', 120, 2, 2, '2016-10-24 07:44:58'),
(430, 44, '', 120, 2, 2, '2016-10-24 07:44:58'),
(431, 1, '', 121, 2, 2, '2016-10-24 07:46:08'),
(432, 14, '', 121, 2, 2, '2016-10-24 07:46:08'),
(433, 26, '', 121, 2, 2, '2016-10-24 07:46:08'),
(434, 27, '', 121, 2, 2, '2016-10-24 07:46:08'),
(435, 31, '', 121, 2, 2, '2016-10-24 07:46:08'),
(436, 33, '', 121, 2, 2, '2016-10-24 07:46:09'),
(437, 34, '', 121, 2, 2, '2016-10-24 07:46:09'),
(438, 36, '', 121, 2, 2, '2016-10-24 07:46:09'),
(439, 39, '', 121, 2, 2, '2016-10-24 07:46:09'),
(440, 44, '', 121, 2, 2, '2016-10-24 07:46:09'),
(441, 14, '', 122, 2, 3, '2016-10-24 09:43:09'),
(442, 26, '', 122, 2, 3, '2016-10-24 09:43:09'),
(443, 27, '', 122, 2, 3, '2016-10-24 09:43:09'),
(444, 36, '', 122, 2, 3, '2016-10-24 09:43:09'),
(445, 1, '', 123, 2, 3, '2016-10-24 14:10:56'),
(446, 14, '', 123, 2, 3, '2016-10-24 14:10:56'),
(447, 26, '', 123, 2, 3, '2016-10-24 14:10:57'),
(448, 27, '', 123, 2, 3, '2016-10-24 14:10:57'),
(449, 31, '', 123, 2, 3, '2016-10-24 14:10:57'),
(450, 33, '', 123, 2, 3, '2016-10-24 14:10:57'),
(451, 34, '', 123, 2, 3, '2016-10-24 14:10:57'),
(452, 39, '', 123, 2, 3, '2016-10-24 14:10:57'),
(453, 44, '', 123, 2, 3, '2016-10-24 14:10:57'),
(454, 1, '', 124, 2, 3, '2016-10-24 14:11:10'),
(455, 14, '', 124, 2, 3, '2016-10-24 14:11:10'),
(456, 26, '', 124, 2, 3, '2016-10-24 14:11:11'),
(457, 27, '', 124, 2, 3, '2016-10-24 14:11:11'),
(458, 31, '', 124, 2, 3, '2016-10-24 14:11:11'),
(459, 33, '', 124, 2, 3, '2016-10-24 14:11:11'),
(460, 34, '', 124, 2, 3, '2016-10-24 14:11:11'),
(461, 36, '', 124, 2, 3, '2016-10-24 14:11:11'),
(462, 39, '', 124, 2, 3, '2016-10-24 14:11:11'),
(463, 44, '', 124, 2, 3, '2016-10-24 14:11:11'),
(464, 1, '', 125, 2, 2, '2016-10-24 14:16:02'),
(465, 14, '', 125, 2, 2, '2016-10-24 14:16:02'),
(466, 26, '', 125, 2, 2, '2016-10-24 14:16:02'),
(467, 27, '', 125, 2, 2, '2016-10-24 14:16:02'),
(468, 31, '', 125, 2, 2, '2016-10-24 14:16:02'),
(469, 33, '', 125, 2, 2, '2016-10-24 14:16:02'),
(470, 34, '', 125, 2, 2, '2016-10-24 14:16:02'),
(471, 36, '', 125, 2, 2, '2016-10-24 14:16:02'),
(472, 39, '', 125, 2, 2, '2016-10-24 14:16:03'),
(473, 44, '', 125, 2, 2, '2016-10-24 14:16:03'),
(474, 1, '', 126, 2, 2, '2016-10-24 14:18:02'),
(475, 14, '', 126, 2, 2, '2016-10-24 14:18:02'),
(476, 26, '', 126, 2, 2, '2016-10-24 14:18:02'),
(477, 27, '', 126, 2, 2, '2016-10-24 14:18:02'),
(478, 31, '', 126, 2, 2, '2016-10-24 14:18:03'),
(479, 33, '', 126, 2, 2, '2016-10-24 14:18:03'),
(480, 34, '', 126, 2, 2, '2016-10-24 14:18:03'),
(481, 36, '', 126, 2, 2, '2016-10-24 14:18:03'),
(482, 39, '', 126, 2, 2, '2016-10-24 14:18:03'),
(483, 44, '', 126, 2, 2, '2016-10-24 14:18:03'),
(484, 61, '', 127, 2, 2, '2016-10-24 21:54:47'),
(485, 76, '', 127, 2, 2, '2016-10-24 21:54:47'),
(486, 99, '', 127, 2, 2, '2016-10-24 21:54:47'),
(487, 117, '', 127, 2, 2, '2016-10-24 21:54:47'),
(488, 122, '', 127, 2, 2, '2016-10-24 21:54:48'),
(489, 101, '', 127, 2, 2, '2016-10-24 21:54:48'),
(490, 64, '', 127, 2, 2, '2016-10-24 21:54:48'),
(491, 123, '', 127, 2, 2, '2016-10-24 21:54:48'),
(492, 115, '', 127, 2, 2, '2016-10-24 21:54:48'),
(493, 66, '', 127, 2, 2, '2016-10-24 21:54:48'),
(494, 95, '', 127, 2, 2, '2016-10-24 21:54:48'),
(495, 112, '', 127, 2, 2, '2016-10-24 21:54:49'),
(496, 69, '', 127, 2, 2, '2016-10-24 21:54:49'),
(497, 65, '', 127, 2, 2, '2016-10-24 21:54:49'),
(498, 73, '', 127, 2, 2, '2016-10-24 21:54:49'),
(499, 75, '', 127, 2, 2, '2016-10-24 21:54:49'),
(500, 61, '', 128, 2, 3, '2016-10-25 07:20:50'),
(501, 64, '', 128, 2, 3, '2016-10-25 07:20:51'),
(502, 65, '', 128, 2, 3, '2016-10-25 07:20:51'),
(503, 66, '', 128, 2, 3, '2016-10-25 07:20:51'),
(504, 69, '', 128, 2, 3, '2016-10-25 07:20:51'),
(505, 73, '', 128, 2, 3, '2016-10-25 07:20:51'),
(506, 75, '', 128, 2, 3, '2016-10-25 07:20:51'),
(507, 76, '', 128, 2, 3, '2016-10-25 07:20:51'),
(508, 95, '', 128, 2, 3, '2016-10-25 07:20:51'),
(509, 99, '', 128, 2, 3, '2016-10-25 07:20:52'),
(510, 101, '', 128, 2, 3, '2016-10-25 07:20:52'),
(511, 112, '', 128, 2, 3, '2016-10-25 07:20:52'),
(512, 115, '', 128, 2, 3, '2016-10-25 07:20:52'),
(513, 117, '', 128, 2, 3, '2016-10-25 07:20:52'),
(514, 122, '', 128, 2, 3, '2016-10-25 07:20:52'),
(515, 123, '', 128, 2, 3, '2016-10-25 07:20:52'),
(516, 1, '', 129, 2, 3, '2016-10-25 07:21:59'),
(517, 14, '', 129, 2, 3, '2016-10-25 07:21:59'),
(518, 26, '', 129, 2, 3, '2016-10-25 07:21:59'),
(519, 27, '', 129, 2, 3, '2016-10-25 07:21:59'),
(520, 31, '', 129, 2, 3, '2016-10-25 07:21:59'),
(521, 33, '', 129, 2, 3, '2016-10-25 07:21:59'),
(522, 34, '', 129, 2, 3, '2016-10-25 07:22:00'),
(523, 36, '', 129, 2, 3, '2016-10-25 07:22:00'),
(524, 39, '', 129, 2, 3, '2016-10-25 07:22:00'),
(525, 44, '', 129, 2, 3, '2016-10-25 07:22:00'),
(526, 1, '', 130, 2, 3, '2016-10-25 07:25:17'),
(527, 14, '', 130, 2, 3, '2016-10-25 07:25:17'),
(528, 26, '', 130, 2, 3, '2016-10-25 07:25:17'),
(529, 27, '', 130, 2, 3, '2016-10-25 07:25:17'),
(530, 31, '', 130, 2, 3, '2016-10-25 07:25:17'),
(531, 33, '', 130, 2, 3, '2016-10-25 07:25:17'),
(532, 34, '', 130, 2, 3, '2016-10-25 07:25:17'),
(533, 36, '', 130, 2, 3, '2016-10-25 07:25:18'),
(534, 39, '', 130, 2, 3, '2016-10-25 07:25:18'),
(535, 44, '', 130, 2, 3, '2016-10-25 07:25:18'),
(536, 1, '', 131, 2, 2, '2016-10-25 07:26:57'),
(537, 14, '', 131, 2, 2, '2016-10-25 07:26:58'),
(538, 26, '', 131, 2, 2, '2016-10-25 07:26:58'),
(539, 27, '', 131, 2, 2, '2016-10-25 07:26:58'),
(540, 31, '', 131, 2, 2, '2016-10-25 07:26:58'),
(541, 33, '', 131, 2, 2, '2016-10-25 07:26:58'),
(542, 34, '', 131, 2, 2, '2016-10-25 07:26:58'),
(543, 36, '', 131, 2, 2, '2016-10-25 07:26:58'),
(544, 39, '', 131, 2, 2, '2016-10-25 07:26:58'),
(545, 44, '', 131, 2, 2, '2016-10-25 07:26:58'),
(546, 1, '', 132, 2, 2, '2016-10-25 07:28:32'),
(547, 14, '', 132, 2, 2, '2016-10-25 07:28:32'),
(548, 26, '', 132, 2, 2, '2016-10-25 07:28:32'),
(549, 27, '', 132, 2, 2, '2016-10-25 07:28:32'),
(550, 31, '', 132, 2, 2, '2016-10-25 07:28:32'),
(551, 33, '', 132, 2, 2, '2016-10-25 07:28:33'),
(552, 34, '', 132, 2, 2, '2016-10-25 07:28:33'),
(553, 36, '', 132, 2, 2, '2016-10-25 07:28:33'),
(554, 39, '', 132, 2, 2, '2016-10-25 07:28:33'),
(555, 44, '', 132, 2, 2, '2016-10-25 07:28:33'),
(556, 24, '', 133, 2, 1, '2016-10-25 11:09:22'),
(557, 58, '', 133, 2, 1, '2016-10-25 11:09:22'),
(558, 17, '', 133, 2, 1, '2016-10-25 11:09:22'),
(559, 24, '', 134, 2, 1, '2016-10-25 11:09:59'),
(560, 14, '', 134, 2, 1, '2016-10-25 11:09:59'),
(561, 1, '', 134, 2, 1, '2016-10-25 11:09:59'),
(562, 39, '', 134, 2, 1, '2016-10-25 11:09:59'),
(563, 44, '', 134, 2, 1, '2016-10-25 11:09:59'),
(564, 34, '', 134, 2, 1, '2016-10-25 11:09:59'),
(565, 26, '', 134, 2, 1, '2016-10-25 11:09:59'),
(566, 31, '', 134, 2, 1, '2016-10-25 11:09:59'),
(567, 11, '', 134, 2, 1, '2016-10-25 11:10:00'),
(568, 33, '', 134, 2, 1, '2016-10-25 11:10:00'),
(569, 7, '', 134, 2, 1, '2016-10-25 11:10:00'),
(570, 25, '', 134, 2, 1, '2016-10-25 11:10:00'),
(571, 17, '', 135, 2, 2, '2016-10-25 12:30:40'),
(572, 58, '', 136, 2, 2, '2016-10-25 13:28:26'),
(573, 1, '', 137, 2, 3, '2016-10-25 14:03:06'),
(574, 14, '', 137, 2, 3, '2016-10-25 14:03:06'),
(575, 26, '', 137, 2, 3, '2016-10-25 14:03:06'),
(576, 27, '', 137, 2, 3, '2016-10-25 14:03:06'),
(577, 31, '', 137, 2, 3, '2016-10-25 14:03:07'),
(578, 33, '', 137, 2, 3, '2016-10-25 14:03:07'),
(579, 34, '', 137, 2, 3, '2016-10-25 14:03:07'),
(580, 36, '', 137, 2, 3, '2016-10-25 14:03:07'),
(581, 39, '', 137, 2, 3, '2016-10-25 14:03:07'),
(582, 44, '', 137, 2, 3, '2016-10-25 14:03:07'),
(583, 1, '', 138, 2, 2, '2016-10-25 14:12:48'),
(584, 14, '', 138, 2, 2, '2016-10-25 14:12:48'),
(585, 26, '', 138, 2, 2, '2016-10-25 14:12:49'),
(586, 27, '', 138, 2, 2, '2016-10-25 14:12:49'),
(587, 31, '', 138, 2, 2, '2016-10-25 14:12:49'),
(588, 33, '', 138, 2, 2, '2016-10-25 14:12:49'),
(589, 34, '', 138, 2, 2, '2016-10-25 14:12:49'),
(590, 36, '', 138, 2, 2, '2016-10-25 14:12:49'),
(591, 39, '', 138, 2, 2, '2016-10-25 14:12:49'),
(592, 44, '', 138, 2, 2, '2016-10-25 14:12:49'),
(593, 17, '', 138, 2, 2, '2016-10-25 14:12:49'),
(594, 1, '', 139, 2, 3, '2016-10-25 14:26:39'),
(595, 14, '', 139, 2, 3, '2016-10-25 14:26:39'),
(596, 26, '', 139, 2, 3, '2016-10-25 14:26:39'),
(597, 27, '', 139, 2, 3, '2016-10-25 14:26:40'),
(598, 31, '', 139, 2, 3, '2016-10-25 14:26:40'),
(599, 33, '', 139, 2, 3, '2016-10-25 14:26:40'),
(600, 34, '', 139, 2, 3, '2016-10-25 14:26:40'),
(601, 36, '', 139, 2, 3, '2016-10-25 14:26:40'),
(602, 39, '', 139, 2, 3, '2016-10-25 14:26:40'),
(603, 44, '', 139, 2, 3, '2016-10-25 14:26:40'),
(604, 58, '', 140, 2, 2, '2016-10-25 14:35:33'),
(605, 61, '', 140, 2, 2, '2016-10-25 14:35:34'),
(606, 76, '', 140, 2, 2, '2016-10-25 14:35:34'),
(607, 121, '', 140, 2, 2, '2016-10-25 14:35:34'),
(608, 117, '', 140, 2, 2, '2016-10-25 14:35:34'),
(609, 122, '', 140, 2, 2, '2016-10-25 14:35:34'),
(610, 101, '', 140, 2, 2, '2016-10-25 14:35:34'),
(611, 123, '', 140, 2, 2, '2016-10-25 14:35:34'),
(612, 64, '', 140, 2, 2, '2016-10-25 14:35:34'),
(613, 115, '', 140, 2, 2, '2016-10-25 14:35:34'),
(614, 66, '', 140, 2, 2, '2016-10-25 14:35:34'),
(615, 95, '', 140, 2, 2, '2016-10-25 14:35:35'),
(616, 112, '', 140, 2, 2, '2016-10-25 14:35:35'),
(617, 69, '', 140, 2, 2, '2016-10-25 14:35:35'),
(618, 65, '', 140, 2, 2, '2016-10-25 14:35:35'),
(619, 73, '', 140, 2, 2, '2016-10-25 14:35:35'),
(620, 75, '', 140, 2, 2, '2016-10-25 14:35:35'),
(621, 58, '', 141, 2, 2, '2016-10-25 14:39:39'),
(622, 61, '', 141, 2, 2, '2016-10-25 14:39:39'),
(623, 76, '', 141, 2, 2, '2016-10-25 14:39:39'),
(624, 121, '', 141, 2, 2, '2016-10-25 14:39:39'),
(625, 117, '', 141, 2, 2, '2016-10-25 14:39:39'),
(626, 122, '', 141, 2, 2, '2016-10-25 14:39:39'),
(627, 101, '', 141, 2, 2, '2016-10-25 14:39:39'),
(628, 123, '', 141, 2, 2, '2016-10-25 14:39:39'),
(629, 64, '', 141, 2, 2, '2016-10-25 14:39:39'),
(630, 115, '', 141, 2, 2, '2016-10-25 14:39:40'),
(631, 66, '', 141, 2, 2, '2016-10-25 14:39:40'),
(632, 112, '', 141, 2, 2, '2016-10-25 14:39:40'),
(633, 69, '', 141, 2, 2, '2016-10-25 14:39:40'),
(634, 65, '', 141, 2, 2, '2016-10-25 14:39:40'),
(635, 73, '', 141, 2, 2, '2016-10-25 14:39:40'),
(636, 75, '', 141, 2, 2, '2016-10-25 14:39:40'),
(637, 1, '', 142, 2, 2, '2016-10-26 07:08:40'),
(638, 14, '', 142, 2, 2, '2016-10-26 07:08:41'),
(639, 26, '', 142, 2, 2, '2016-10-26 07:08:41'),
(640, 27, '', 142, 2, 2, '2016-10-26 07:08:41'),
(641, 31, '', 142, 2, 2, '2016-10-26 07:08:41'),
(642, 33, '', 142, 2, 2, '2016-10-26 07:08:41'),
(643, 34, '', 142, 2, 2, '2016-10-26 07:08:41'),
(644, 36, '', 142, 2, 2, '2016-10-26 07:08:41'),
(645, 39, '', 142, 2, 2, '2016-10-26 07:08:41'),
(646, 44, '', 142, 2, 2, '2016-10-26 07:08:41'),
(647, 1, '', 143, 2, 2, '2016-10-26 07:10:25'),
(648, 14, '', 143, 2, 2, '2016-10-26 07:10:26'),
(649, 26, '', 143, 2, 2, '2016-10-26 07:10:26'),
(650, 27, '', 143, 2, 2, '2016-10-26 07:10:26'),
(651, 31, '', 143, 2, 2, '2016-10-26 07:10:26'),
(652, 33, '', 143, 2, 2, '2016-10-26 07:10:26'),
(653, 34, '', 143, 2, 2, '2016-10-26 07:10:26'),
(654, 36, '', 143, 2, 2, '2016-10-26 07:10:26'),
(655, 39, '', 143, 2, 2, '2016-10-26 07:10:26'),
(656, 44, '', 143, 2, 2, '2016-10-26 07:10:26'),
(657, 58, '', 144, 2, 3, '2016-10-26 07:11:18'),
(658, 61, '', 144, 2, 3, '2016-10-26 07:11:19'),
(659, 64, '', 144, 2, 3, '2016-10-26 07:11:19'),
(660, 65, '', 144, 2, 3, '2016-10-26 07:11:19'),
(661, 66, '', 144, 2, 3, '2016-10-26 07:11:19'),
(662, 69, '', 144, 2, 3, '2016-10-26 07:11:19'),
(663, 73, '', 144, 2, 3, '2016-10-26 07:11:19'),
(664, 75, '', 144, 2, 3, '2016-10-26 07:11:19'),
(665, 76, '', 144, 2, 3, '2016-10-26 07:11:20'),
(666, 101, '', 144, 2, 3, '2016-10-26 07:11:20'),
(667, 112, '', 144, 2, 3, '2016-10-26 07:11:20'),
(668, 115, '', 144, 2, 3, '2016-10-26 07:11:20'),
(669, 117, '', 144, 2, 3, '2016-10-26 07:11:20'),
(670, 121, '', 144, 2, 3, '2016-10-26 07:11:20'),
(671, 122, '', 144, 2, 3, '2016-10-26 07:11:20'),
(672, 123, '', 144, 2, 3, '2016-10-26 07:11:20'),
(673, 1, '', 145, 2, 3, '2016-10-26 07:11:34'),
(674, 14, '', 145, 2, 3, '2016-10-26 07:11:34'),
(675, 26, '', 145, 2, 3, '2016-10-26 07:11:35'),
(676, 27, '', 145, 2, 3, '2016-10-26 07:11:35'),
(677, 31, '', 145, 2, 3, '2016-10-26 07:11:35'),
(678, 33, '', 145, 2, 3, '2016-10-26 07:11:35'),
(679, 34, '', 145, 2, 3, '2016-10-26 07:11:35'),
(680, 36, '', 145, 2, 3, '2016-10-26 07:11:35'),
(681, 39, '', 145, 2, 3, '2016-10-26 07:11:35'),
(682, 44, '', 145, 2, 3, '2016-10-26 07:11:35'),
(683, 58, '', 146, 2, 3, '2016-10-26 07:11:56'),
(684, 61, '', 146, 2, 3, '2016-10-26 07:11:57'),
(685, 64, '', 146, 2, 3, '2016-10-26 07:11:57'),
(686, 65, '', 146, 2, 3, '2016-10-26 07:11:57'),
(687, 66, '', 146, 2, 3, '2016-10-26 07:11:57'),
(688, 69, '', 146, 2, 3, '2016-10-26 07:11:57'),
(689, 73, '', 146, 2, 3, '2016-10-26 07:11:57'),
(690, 75, '', 146, 2, 3, '2016-10-26 07:11:57'),
(691, 95, '', 146, 2, 3, '2016-10-26 07:11:57'),
(692, 101, '', 146, 2, 3, '2016-10-26 07:11:58'),
(693, 112, '', 146, 2, 3, '2016-10-26 07:11:58'),
(694, 115, '', 146, 2, 3, '2016-10-26 07:11:58'),
(695, 117, '', 146, 2, 3, '2016-10-26 07:11:58'),
(696, 121, '', 146, 2, 3, '2016-10-26 07:11:58'),
(697, 122, '', 146, 2, 3, '2016-10-26 07:11:58'),
(698, 123, '', 146, 2, 3, '2016-10-26 07:11:58'),
(699, 30, '', 147, 2, 1, '2016-10-26 11:58:35'),
(700, 58, '', 148, 2, 2, '2016-10-26 12:06:30'),
(701, 112, '', 148, 2, 2, '2016-10-26 12:06:30'),
(702, 69, '', 148, 2, 2, '2016-10-26 12:06:31'),
(703, 65, '', 148, 2, 2, '2016-10-26 12:06:31'),
(704, 73, '', 148, 2, 2, '2016-10-26 12:06:31'),
(705, 75, '', 148, 2, 2, '2016-10-26 12:06:31'),
(706, 101, '', 148, 2, 2, '2016-10-26 12:06:31'),
(707, 123, '', 148, 2, 2, '2016-10-26 12:06:31'),
(708, 64, '', 148, 2, 2, '2016-10-26 12:06:31'),
(709, 115, '', 148, 2, 2, '2016-10-26 12:06:31'),
(710, 66, '', 148, 2, 2, '2016-10-26 12:06:31'),
(711, 0, '', 148, 2, 2, '2016-10-26 12:06:32'),
(712, 0, '', 148, 2, 2, '2016-10-26 12:06:32'),
(713, 0, '', 148, 2, 2, '2016-10-26 12:06:32'),
(714, 0, '', 148, 2, 2, '2016-10-26 12:06:32'),
(715, 0, '', 148, 2, 2, '2016-10-26 12:06:32'),
(716, 58, '', 149, 2, 2, '2016-10-26 12:09:48'),
(717, 61, '', 149, 2, 2, '2016-10-26 12:09:48'),
(718, 76, '', 149, 2, 2, '2016-10-26 12:09:48'),
(719, 121, '', 149, 2, 2, '2016-10-26 12:09:48'),
(720, 117, '', 149, 2, 2, '2016-10-26 12:09:48'),
(721, 122, '', 149, 2, 2, '2016-10-26 12:09:49'),
(722, 101, '', 149, 2, 2, '2016-10-26 12:09:49'),
(723, 123, '', 149, 2, 2, '2016-10-26 12:09:49'),
(724, 64, '', 149, 2, 2, '2016-10-26 12:09:49'),
(725, 115, '', 149, 2, 2, '2016-10-26 12:09:49'),
(726, 66, '', 149, 2, 2, '2016-10-26 12:09:49'),
(727, 95, '', 149, 2, 2, '2016-10-26 12:09:49'),
(728, 112, '', 149, 2, 2, '2016-10-26 12:09:49'),
(729, 69, '', 149, 2, 2, '2016-10-26 12:09:49'),
(730, 65, '', 149, 2, 2, '2016-10-26 12:09:50'),
(731, 73, '', 149, 2, 2, '2016-10-26 12:09:50'),
(732, 75, '', 149, 2, 2, '2016-10-26 12:09:50'),
(733, 1, '', 150, 2, 3, '2016-10-26 14:19:44'),
(734, 14, '', 150, 2, 3, '2016-10-26 14:19:44'),
(735, 26, '', 150, 2, 3, '2016-10-26 14:19:44'),
(736, 27, '', 150, 2, 3, '2016-10-26 14:19:44'),
(737, 31, '', 150, 2, 3, '2016-10-26 14:19:44'),
(738, 33, '', 150, 2, 3, '2016-10-26 14:19:45'),
(739, 34, '', 150, 2, 3, '2016-10-26 14:19:45'),
(740, 36, '', 150, 2, 3, '2016-10-26 14:19:45'),
(741, 39, '', 150, 2, 3, '2016-10-26 14:19:45'),
(742, 44, '', 150, 2, 3, '2016-10-26 14:19:45'),
(743, 1, '', 151, 2, 3, '2016-10-26 14:20:47'),
(744, 14, '', 151, 2, 3, '2016-10-26 14:20:47'),
(745, 26, '', 151, 2, 3, '2016-10-26 14:20:47'),
(746, 27, '', 151, 2, 3, '2016-10-26 14:20:47'),
(747, 31, '', 151, 2, 3, '2016-10-26 14:20:47'),
(748, 33, '', 151, 2, 3, '2016-10-26 14:20:47'),
(749, 34, '', 151, 2, 3, '2016-10-26 14:20:47'),
(750, 36, '', 151, 2, 3, '2016-10-26 14:20:48'),
(751, 39, '', 151, 2, 3, '2016-10-26 14:20:48'),
(752, 44, '', 151, 2, 3, '2016-10-26 14:20:48'),
(753, 1, '', 152, 2, 2, '2016-10-26 14:22:10'),
(754, 14, '', 152, 2, 2, '2016-10-26 14:22:10'),
(755, 26, '', 152, 2, 2, '2016-10-26 14:22:11'),
(756, 27, '', 152, 2, 2, '2016-10-26 14:22:11'),
(757, 31, '', 152, 2, 2, '2016-10-26 14:22:11'),
(758, 33, '', 152, 2, 2, '2016-10-26 14:22:11'),
(759, 34, '', 152, 2, 2, '2016-10-26 14:22:11'),
(760, 36, '', 152, 2, 2, '2016-10-26 14:22:11'),
(761, 39, '', 152, 2, 2, '2016-10-26 14:22:11'),
(762, 44, '', 152, 2, 2, '2016-10-26 14:22:11'),
(763, 1, '', 153, 2, 2, '2016-10-26 14:23:33'),
(764, 14, '', 153, 2, 2, '2016-10-26 14:23:34'),
(765, 26, '', 153, 2, 2, '2016-10-26 14:23:34'),
(766, 27, '', 153, 2, 2, '2016-10-26 14:23:34'),
(767, 31, '', 153, 2, 2, '2016-10-26 14:23:34'),
(768, 33, '', 153, 2, 2, '2016-10-26 14:23:34'),
(769, 34, '', 153, 2, 2, '2016-10-26 14:23:34'),
(770, 36, '', 153, 2, 2, '2016-10-26 14:23:34'),
(771, 39, '', 153, 2, 2, '2016-10-26 14:23:34'),
(772, 44, '', 153, 2, 2, '2016-10-26 14:23:35'),
(773, 76, '', 154, 2, 1, '2016-10-26 14:24:48'),
(774, 58, '', 155, 2, 3, '2016-10-27 07:22:47'),
(775, 61, '', 155, 2, 3, '2016-10-27 07:22:48'),
(776, 64, '', 155, 2, 3, '2016-10-27 07:22:48'),
(777, 65, '', 155, 2, 3, '2016-10-27 07:22:48'),
(778, 66, '', 155, 2, 3, '2016-10-27 07:22:48'),
(779, 69, '', 155, 2, 3, '2016-10-27 07:22:48'),
(780, 73, '', 155, 2, 3, '2016-10-27 07:22:48'),
(781, 75, '', 155, 2, 3, '2016-10-27 07:22:48'),
(782, 76, '', 155, 2, 3, '2016-10-27 07:22:48'),
(783, 95, '', 155, 2, 3, '2016-10-27 07:22:49'),
(784, 101, '', 155, 2, 3, '2016-10-27 07:22:49'),
(785, 112, '', 155, 2, 3, '2016-10-27 07:22:49'),
(786, 115, '', 155, 2, 3, '2016-10-27 07:22:49'),
(787, 117, '', 155, 2, 3, '2016-10-27 07:22:49'),
(788, 121, '', 155, 2, 3, '2016-10-27 07:22:49'),
(789, 122, '', 155, 2, 3, '2016-10-27 07:22:49'),
(790, 123, '', 155, 2, 3, '2016-10-27 07:22:49'),
(791, 58, '', 156, 2, 3, '2016-10-27 07:23:01'),
(792, 64, '', 156, 2, 3, '2016-10-27 07:23:01'),
(793, 65, '', 156, 2, 3, '2016-10-27 07:23:01'),
(794, 66, '', 156, 2, 3, '2016-10-27 07:23:01'),
(795, 69, '', 156, 2, 3, '2016-10-27 07:23:01'),
(796, 73, '', 156, 2, 3, '2016-10-27 07:23:01'),
(797, 75, '', 156, 2, 3, '2016-10-27 07:23:01'),
(798, 101, '', 156, 2, 3, '2016-10-27 07:23:02'),
(799, 112, '', 156, 2, 3, '2016-10-27 07:23:02'),
(800, 115, '', 156, 2, 3, '2016-10-27 07:23:02'),
(801, 123, '', 156, 2, 3, '2016-10-27 07:23:02'),
(802, 1, '', 157, 2, 3, '2016-10-27 07:23:19'),
(803, 14, '', 157, 2, 3, '2016-10-27 07:23:19'),
(804, 26, '', 157, 2, 3, '2016-10-27 07:23:19'),
(805, 27, '', 157, 2, 3, '2016-10-27 07:23:19'),
(806, 31, '', 157, 2, 3, '2016-10-27 07:23:19'),
(807, 33, '', 157, 2, 3, '2016-10-27 07:23:19'),
(808, 34, '', 157, 2, 3, '2016-10-27 07:23:19'),
(809, 36, '', 157, 2, 3, '2016-10-27 07:23:19'),
(810, 39, '', 157, 2, 3, '2016-10-27 07:23:20'),
(811, 44, '', 157, 2, 3, '2016-10-27 07:23:20'),
(812, 1, '', 158, 2, 3, '2016-10-27 07:25:38'),
(813, 14, '', 158, 2, 3, '2016-10-27 07:25:38'),
(814, 26, '', 158, 2, 3, '2016-10-27 07:25:38'),
(815, 27, '', 158, 2, 3, '2016-10-27 07:25:38'),
(816, 31, '', 158, 2, 3, '2016-10-27 07:25:38'),
(817, 33, '', 158, 2, 3, '2016-10-27 07:25:39'),
(818, 34, '', 158, 2, 3, '2016-10-27 07:25:39'),
(819, 36, '', 158, 2, 3, '2016-10-27 07:25:39'),
(820, 39, '', 158, 2, 3, '2016-10-27 07:25:39'),
(821, 44, '', 158, 2, 3, '2016-10-27 07:25:39'),
(822, 1, '', 159, 2, 2, '2016-10-27 09:12:07'),
(823, 14, '', 159, 2, 2, '2016-10-27 09:12:07'),
(824, 26, '', 159, 2, 2, '2016-10-27 09:12:07'),
(825, 27, '', 159, 2, 2, '2016-10-27 09:12:08'),
(826, 31, '', 159, 2, 2, '2016-10-27 09:12:08'),
(827, 33, '', 159, 2, 2, '2016-10-27 09:12:08'),
(828, 34, '', 159, 2, 2, '2016-10-27 09:12:08'),
(829, 36, '', 159, 2, 2, '2016-10-27 09:12:08'),
(830, 39, '', 159, 2, 2, '2016-10-27 09:12:08'),
(831, 44, '', 159, 2, 2, '2016-10-27 09:12:08'),
(832, 1, '', 160, 2, 2, '2016-10-27 09:13:28'),
(833, 14, '', 160, 2, 2, '2016-10-27 09:13:28'),
(834, 26, '', 160, 2, 2, '2016-10-27 09:13:28'),
(835, 27, '', 160, 2, 2, '2016-10-27 09:13:28'),
(836, 31, '', 160, 2, 2, '2016-10-27 09:13:28'),
(837, 33, '', 160, 2, 2, '2016-10-27 09:13:28'),
(838, 34, '', 160, 2, 2, '2016-10-27 09:13:28'),
(839, 36, '', 160, 2, 2, '2016-10-27 09:13:28'),
(840, 39, '', 160, 2, 2, '2016-10-27 09:13:28'),
(841, 44, '', 160, 2, 2, '2016-10-27 09:13:29'),
(842, 14, '', 161, 2, 3, '2016-10-27 15:00:56'),
(843, 26, '', 161, 2, 3, '2016-10-27 15:00:56'),
(844, 27, '', 161, 2, 3, '2016-10-27 15:00:56'),
(845, 31, '', 161, 2, 3, '2016-10-27 15:00:56'),
(846, 33, '', 161, 2, 3, '2016-10-27 15:00:56'),
(847, 34, '', 161, 2, 3, '2016-10-27 15:00:56'),
(848, 36, '', 161, 2, 3, '2016-10-27 15:00:56'),
(849, 39, '', 161, 2, 3, '2016-10-27 15:00:56'),
(850, 44, '', 161, 2, 3, '2016-10-27 15:00:57'),
(851, 1, '', 162, 2, 3, '2016-10-27 15:01:18'),
(852, 14, '', 162, 2, 3, '2016-10-27 15:01:18'),
(853, 26, '', 162, 2, 3, '2016-10-27 15:01:19'),
(854, 27, '', 162, 2, 3, '2016-10-27 15:01:19'),
(855, 31, '', 162, 2, 3, '2016-10-27 15:01:19'),
(856, 33, '', 162, 2, 3, '2016-10-27 15:01:19'),
(857, 34, '', 162, 2, 3, '2016-10-27 15:01:19'),
(858, 36, '', 162, 2, 3, '2016-10-27 15:01:19'),
(859, 39, '', 162, 2, 3, '2016-10-27 15:01:19'),
(860, 44, '', 162, 2, 3, '2016-10-27 15:01:20'),
(861, 1, '', 163, 2, 2, '2016-10-27 15:04:08'),
(862, 14, '', 163, 2, 2, '2016-10-27 15:04:08'),
(863, 26, '', 163, 2, 2, '2016-10-27 15:04:08'),
(864, 27, '', 163, 2, 2, '2016-10-27 15:04:08'),
(865, 31, '', 163, 2, 2, '2016-10-27 15:04:08'),
(866, 33, '', 163, 2, 2, '2016-10-27 15:04:08'),
(867, 34, '', 163, 2, 2, '2016-10-27 15:04:09'),
(868, 36, '', 163, 2, 2, '2016-10-27 15:04:09'),
(869, 39, '', 163, 2, 2, '2016-10-27 15:04:09'),
(870, 44, '', 163, 2, 2, '2016-10-27 15:04:09'),
(871, 1, '', 164, 2, 2, '2016-10-27 15:05:30'),
(872, 14, '', 164, 2, 2, '2016-10-27 15:05:30'),
(873, 26, '', 164, 2, 2, '2016-10-27 15:05:30'),
(874, 27, '', 164, 2, 2, '2016-10-27 15:05:30'),
(875, 31, '', 164, 2, 2, '2016-10-27 15:05:30'),
(876, 33, '', 164, 2, 2, '2016-10-27 15:05:30'),
(877, 34, '', 164, 2, 2, '2016-10-27 15:05:31'),
(878, 36, '', 164, 2, 2, '2016-10-27 15:05:31'),
(879, 39, '', 164, 2, 2, '2016-10-27 15:05:31'),
(880, 44, '', 164, 2, 2, '2016-10-27 15:05:31'),
(881, 1, '', 165, 2, 3, '2016-10-27 22:48:06'),
(882, 14, '', 165, 2, 3, '2016-10-27 22:48:06'),
(883, 26, '', 165, 2, 3, '2016-10-27 22:48:06'),
(884, 27, '', 165, 2, 3, '2016-10-27 22:48:06'),
(885, 31, '', 165, 2, 3, '2016-10-27 22:48:06'),
(886, 33, '', 165, 2, 3, '2016-10-27 22:48:06'),
(887, 34, '', 165, 2, 3, '2016-10-27 22:48:07'),
(888, 36, '', 165, 2, 3, '2016-10-27 22:48:07'),
(889, 39, '', 165, 2, 3, '2016-10-27 22:48:07'),
(890, 44, '', 165, 2, 3, '2016-10-27 22:48:07'),
(891, 1, '', 166, 2, 3, '2016-10-27 22:48:33'),
(892, 14, '', 166, 2, 3, '2016-10-27 22:48:33'),
(893, 26, '', 166, 2, 3, '2016-10-27 22:48:33'),
(894, 27, '', 166, 2, 3, '2016-10-27 22:48:33'),
(895, 31, '', 166, 2, 3, '2016-10-27 22:48:33'),
(896, 33, '', 166, 2, 3, '2016-10-27 22:48:33'),
(897, 34, '', 166, 2, 3, '2016-10-27 22:48:33'),
(898, 36, '', 166, 2, 3, '2016-10-27 22:48:33'),
(899, 39, '', 166, 2, 3, '2016-10-27 22:48:33'),
(900, 44, '', 166, 2, 3, '2016-10-27 22:48:34'),
(901, 1, '', 167, 2, 2, '2016-10-28 06:48:30'),
(902, 14, '', 167, 2, 2, '2016-10-28 06:48:31'),
(903, 26, '', 167, 2, 2, '2016-10-28 06:48:31'),
(904, 27, '', 167, 2, 2, '2016-10-28 06:48:31'),
(905, 31, '', 167, 2, 2, '2016-10-28 06:48:31'),
(906, 33, '', 167, 2, 2, '2016-10-28 06:48:31'),
(907, 34, '', 167, 2, 2, '2016-10-28 06:48:31'),
(908, 36, '', 167, 2, 2, '2016-10-28 06:48:31'),
(909, 39, '', 167, 2, 2, '2016-10-28 06:48:31'),
(910, 44, '', 167, 2, 2, '2016-10-28 06:48:32'),
(911, 1, '', 168, 2, 2, '2016-10-28 06:59:42'),
(912, 14, '', 168, 2, 2, '2016-10-28 06:59:42'),
(913, 26, '', 168, 2, 2, '2016-10-28 06:59:42'),
(914, 27, '', 168, 2, 2, '2016-10-28 06:59:43'),
(915, 31, '', 168, 2, 2, '2016-10-28 06:59:43'),
(916, 33, '', 168, 2, 2, '2016-10-28 06:59:43'),
(917, 34, '', 168, 2, 2, '2016-10-28 06:59:43'),
(918, 36, '', 168, 2, 2, '2016-10-28 06:59:43'),
(919, 39, '', 168, 2, 2, '2016-10-28 06:59:43'),
(920, 44, '', 168, 2, 2, '2016-10-28 06:59:43'),
(921, 61, '', 169, 2, 3, '2016-10-28 13:52:04'),
(922, 69, '', 169, 2, 3, '2016-10-28 13:52:04'),
(923, 73, '', 169, 2, 3, '2016-10-28 13:52:04'),
(924, 76, '', 169, 2, 3, '2016-10-28 13:52:04'),
(925, 102, '', 169, 2, 3, '2016-10-28 13:52:04'),
(926, 117, '', 169, 2, 3, '2016-10-28 13:52:04'),
(927, 121, '', 169, 2, 3, '2016-10-28 13:52:05'),
(928, 122, '', 169, 2, 3, '2016-10-28 13:52:05'),
(929, 1, '', 170, 2, 3, '2016-10-28 15:19:56'),
(930, 14, '', 170, 2, 3, '2016-10-28 15:19:56'),
(931, 26, '', 170, 2, 3, '2016-10-28 15:19:56'),
(932, 27, '', 170, 2, 3, '2016-10-28 15:19:56'),
(933, 31, '', 170, 2, 3, '2016-10-28 15:19:56'),
(934, 33, '', 170, 2, 3, '2016-10-28 15:19:56'),
(935, 34, '', 170, 2, 3, '2016-10-28 15:19:56'),
(936, 36, '', 170, 2, 3, '2016-10-28 15:19:57'),
(937, 39, '', 170, 2, 3, '2016-10-28 15:19:57'),
(938, 44, '', 170, 2, 3, '2016-10-28 15:19:57'),
(939, 1, '', 171, 2, 3, '2016-10-28 15:20:13'),
(940, 14, '', 171, 2, 3, '2016-10-28 15:20:13'),
(941, 26, '', 171, 2, 3, '2016-10-28 15:20:13'),
(942, 27, '', 171, 2, 3, '2016-10-28 15:20:13'),
(943, 31, '', 171, 2, 3, '2016-10-28 15:20:13'),
(944, 33, '', 171, 2, 3, '2016-10-28 15:20:13'),
(945, 34, '', 171, 2, 3, '2016-10-28 15:20:14'),
(946, 36, '', 171, 2, 3, '2016-10-28 15:20:14'),
(947, 39, '', 171, 2, 3, '2016-10-28 15:20:14'),
(948, 44, '', 171, 2, 3, '2016-10-28 15:20:14'),
(949, 1, '', 172, 2, 2, '2016-10-28 16:51:39'),
(950, 14, '', 172, 2, 2, '2016-10-28 16:51:40'),
(951, 26, '', 172, 2, 2, '2016-10-28 16:51:40'),
(952, 27, '', 172, 2, 2, '2016-10-28 16:51:40'),
(953, 33, '', 172, 2, 2, '2016-10-28 16:51:40'),
(954, 34, '', 172, 2, 2, '2016-10-28 16:51:40'),
(955, 36, '', 172, 2, 2, '2016-10-28 16:51:40'),
(956, 39, '', 172, 2, 2, '2016-10-28 16:51:40'),
(957, 44, '', 172, 2, 2, '2016-10-28 16:51:40'),
(958, 31, '', 172, 2, 2, '2016-10-28 16:51:40'),
(959, 1, '', 173, 2, 2, '2016-10-28 16:55:31'),
(960, 14, '', 173, 2, 2, '2016-10-28 16:55:31'),
(961, 26, '', 173, 2, 2, '2016-10-28 16:55:31'),
(962, 27, '', 173, 2, 2, '2016-10-28 16:55:31'),
(963, 31, '', 173, 2, 2, '2016-10-28 16:55:32'),
(964, 33, '', 173, 2, 2, '2016-10-28 16:55:32'),
(965, 34, '', 173, 2, 2, '2016-10-28 16:55:32'),
(966, 36, '', 173, 2, 2, '2016-10-28 16:55:32'),
(967, 39, '', 173, 2, 2, '2016-10-28 16:55:32'),
(968, 44, '', 173, 2, 2, '2016-10-28 16:55:32'),
(969, 58, '', 174, 2, 2, '2016-10-28 21:00:30'),
(970, 61, '', 174, 2, 2, '2016-10-28 21:00:30'),
(971, 76, '', 174, 2, 2, '2016-10-28 21:00:30'),
(972, 121, '', 174, 2, 2, '2016-10-28 21:00:30'),
(973, 117, '', 174, 2, 2, '2016-10-28 21:00:30'),
(974, 122, '', 174, 2, 2, '2016-10-28 21:00:30'),
(975, 101, '', 174, 2, 2, '2016-10-28 21:00:30'),
(976, 123, '', 174, 2, 2, '2016-10-28 21:00:30'),
(977, 64, '', 174, 2, 2, '2016-10-28 21:00:31'),
(978, 115, '', 174, 2, 2, '2016-10-28 21:00:31'),
(979, 66, '', 174, 2, 2, '2016-10-28 21:00:31'),
(980, 95, '', 174, 2, 2, '2016-10-28 21:00:31'),
(981, 112, '', 174, 2, 2, '2016-10-28 21:00:31'),
(982, 69, '', 174, 2, 2, '2016-10-28 21:00:31'),
(983, 65, '', 174, 2, 2, '2016-10-28 21:00:31'),
(984, 73, '', 174, 2, 2, '2016-10-28 21:00:31'),
(985, 75, '', 174, 2, 2, '2016-10-28 21:00:31'),
(986, 58, '', 175, 2, 2, '2016-10-28 21:05:12'),
(987, 61, '', 175, 2, 2, '2016-10-28 21:05:12'),
(988, 76, '', 175, 2, 2, '2016-10-28 21:05:12'),
(989, 121, '', 175, 2, 2, '2016-10-28 21:05:12'),
(990, 117, '', 175, 2, 2, '2016-10-28 21:05:12'),
(991, 122, '', 175, 2, 2, '2016-10-28 21:05:12'),
(992, 101, '', 175, 2, 2, '2016-10-28 21:05:12'),
(993, 123, '', 175, 2, 2, '2016-10-28 21:05:12'),
(994, 64, '', 175, 2, 2, '2016-10-28 21:05:13'),
(995, 115, '', 175, 2, 2, '2016-10-28 21:05:13'),
(996, 66, '', 175, 2, 2, '2016-10-28 21:05:13'),
(997, 112, '', 175, 2, 2, '2016-10-28 21:05:13'),
(998, 69, '', 175, 2, 2, '2016-10-28 21:05:13'),
(999, 65, '', 175, 2, 2, '2016-10-28 21:05:13'),
(1000, 73, '', 175, 2, 2, '2016-10-28 21:05:13'),
(1001, 75, '', 175, 2, 2, '2016-10-28 21:05:13'),
(1002, 1, '', 176, 2, 3, '2016-10-29 07:13:40'),
(1003, 14, '', 176, 2, 3, '2016-10-29 07:13:40'),
(1004, 26, '', 176, 2, 3, '2016-10-29 07:13:41'),
(1005, 27, '', 176, 2, 3, '2016-10-29 07:13:41'),
(1006, 31, '', 176, 2, 3, '2016-10-29 07:13:41'),
(1007, 33, '', 176, 2, 3, '2016-10-29 07:13:41'),
(1008, 34, '', 176, 2, 3, '2016-10-29 07:13:41'),
(1009, 36, '', 176, 2, 3, '2016-10-29 07:13:41'),
(1010, 39, '', 176, 2, 3, '2016-10-29 07:13:41'),
(1011, 44, '', 176, 2, 3, '2016-10-29 07:13:41'),
(1012, 58, '', 177, 2, 3, '2016-10-29 07:14:05'),
(1013, 61, '', 177, 2, 3, '2016-10-29 07:14:06'),
(1014, 64, '', 177, 2, 3, '2016-10-29 07:14:06'),
(1015, 65, '', 177, 2, 3, '2016-10-29 07:14:06'),
(1016, 66, '', 177, 2, 3, '2016-10-29 07:14:06'),
(1017, 69, '', 177, 2, 3, '2016-10-29 07:14:06'),
(1018, 73, '', 177, 2, 3, '2016-10-29 07:14:06'),
(1019, 75, '', 177, 2, 3, '2016-10-29 07:14:06'),
(1020, 76, '', 177, 2, 3, '2016-10-29 07:14:06'),
(1021, 112, '', 177, 2, 3, '2016-10-29 07:14:06'),
(1022, 115, '', 177, 2, 3, '2016-10-29 07:14:07'),
(1023, 117, '', 177, 2, 3, '2016-10-29 07:14:07'),
(1024, 121, '', 177, 2, 3, '2016-10-29 07:14:07'),
(1025, 122, '', 177, 2, 3, '2016-10-29 07:14:07'),
(1026, 1, '', 178, 2, 3, '2016-10-29 07:14:34'),
(1027, 26, '', 178, 2, 3, '2016-10-29 07:14:34'),
(1028, 27, '', 178, 2, 3, '2016-10-29 07:14:34'),
(1029, 31, '', 178, 2, 3, '2016-10-29 07:14:35'),
(1030, 33, '', 178, 2, 3, '2016-10-29 07:14:35'),
(1031, 34, '', 178, 2, 3, '2016-10-29 07:14:35'),
(1032, 36, '', 178, 2, 3, '2016-10-29 07:14:35'),
(1033, 39, '', 178, 2, 3, '2016-10-29 07:14:35'),
(1034, 44, '', 178, 2, 3, '2016-10-29 07:14:35'),
(1035, 58, '', 179, 2, 3, '2016-10-29 07:16:13'),
(1036, 61, '', 179, 2, 3, '2016-10-29 07:16:13'),
(1037, 64, '', 179, 2, 3, '2016-10-29 07:16:13'),
(1038, 65, '', 179, 2, 3, '2016-10-29 07:16:14'),
(1039, 66, '', 179, 2, 3, '2016-10-29 07:16:14'),
(1040, 69, '', 179, 2, 3, '2016-10-29 07:16:14'),
(1041, 73, '', 179, 2, 3, '2016-10-29 07:16:14'),
(1042, 75, '', 179, 2, 3, '2016-10-29 07:16:14'),
(1043, 76, '', 179, 2, 3, '2016-10-29 07:16:14'),
(1044, 95, '', 179, 2, 3, '2016-10-29 07:16:14'),
(1045, 101, '', 179, 2, 3, '2016-10-29 07:16:14'),
(1046, 112, '', 179, 2, 3, '2016-10-29 07:16:14'),
(1047, 115, '', 179, 2, 3, '2016-10-29 07:16:15'),
(1048, 117, '', 179, 2, 3, '2016-10-29 07:16:15'),
(1049, 121, '', 179, 2, 3, '2016-10-29 07:16:15'),
(1050, 122, '', 179, 2, 3, '2016-10-29 07:16:15'),
(1051, 123, '', 179, 2, 3, '2016-10-29 07:16:15'),
(1052, 42, '', 180, 2, 2, '2016-10-31 07:27:50'),
(1053, 65, '', 181, 2, 2, '2016-10-31 07:43:14'),
(1054, 61, '', 181, 2, 2, '2016-10-31 07:43:14'),
(1055, 65, '', 182, 2, 1, '2016-10-31 07:50:38'),
(1056, 66, '', 183, 2, 2, '2016-10-31 09:26:04'),
(1057, 58, '', 184, 2, 2, '2016-10-31 09:50:09'),
(1058, 14, '', 185, 2, 2, '2016-10-31 10:18:40'),
(1059, 26, '', 185, 2, 2, '2016-10-31 10:18:40'),
(1060, 27, '', 185, 2, 2, '2016-10-31 10:18:40'),
(1061, 31, '', 185, 2, 2, '2016-10-31 10:18:40'),
(1062, 33, '', 185, 2, 2, '2016-10-31 10:18:40'),
(1063, 34, '', 185, 2, 2, '2016-10-31 10:18:40'),
(1064, 36, '', 185, 2, 2, '2016-10-31 10:18:41'),
(1065, 39, '', 185, 2, 2, '2016-10-31 10:18:41'),
(1066, 44, '', 185, 2, 2, '2016-10-31 10:18:41'),
(1067, 14, '', 186, 2, 2, '2016-10-31 10:20:28'),
(1068, 14, '', 186, 2, 2, '2016-10-31 10:20:29'),
(1069, 26, '', 186, 2, 2, '2016-10-31 10:20:29'),
(1070, 27, '', 186, 2, 2, '2016-10-31 10:20:29');
INSERT INTO `product_details` (`id`, `product_id`, `sn`, `arrival_id`, `storage_id`, `product_status_id`, `product_status_change_datetime`) VALUES
(1071, 31, '', 186, 2, 2, '2016-10-31 10:20:29'),
(1072, 33, '', 186, 2, 2, '2016-10-31 10:20:29'),
(1073, 34, '', 186, 2, 2, '2016-10-31 10:20:29'),
(1074, 36, '', 186, 2, 2, '2016-10-31 10:20:29'),
(1075, 39, '', 186, 2, 2, '2016-10-31 10:20:30'),
(1076, 44, '', 186, 2, 2, '2016-10-31 10:20:30'),
(1077, 14, '', 187, 2, 3, '2016-10-31 13:58:58'),
(1078, 26, '', 187, 2, 3, '2016-10-31 13:58:58'),
(1079, 27, '', 187, 2, 3, '2016-10-31 13:58:58'),
(1080, 31, '', 187, 2, 3, '2016-10-31 13:58:58'),
(1081, 33, '', 187, 2, 3, '2016-10-31 13:58:58'),
(1082, 34, '', 187, 2, 3, '2016-10-31 13:58:59'),
(1083, 36, '', 187, 2, 3, '2016-10-31 13:58:59'),
(1084, 39, '', 187, 2, 3, '2016-10-31 13:58:59'),
(1085, 44, '', 187, 2, 3, '2016-10-31 13:58:59'),
(1086, 14, '', 188, 2, 3, '2016-10-31 13:59:20'),
(1087, 26, '', 188, 2, 3, '2016-10-31 13:59:20'),
(1088, 27, '', 188, 2, 3, '2016-10-31 13:59:20'),
(1089, 31, '', 188, 2, 3, '2016-10-31 13:59:20'),
(1090, 33, '', 188, 2, 3, '2016-10-31 13:59:21'),
(1091, 34, '', 188, 2, 3, '2016-10-31 13:59:21'),
(1092, 36, '', 188, 2, 3, '2016-10-31 13:59:21'),
(1093, 39, '', 188, 2, 3, '2016-10-31 13:59:21'),
(1094, 44, '', 188, 2, 3, '2016-10-31 13:59:21'),
(1095, 1, '', 189, 2, 2, '2016-10-31 14:07:23'),
(1096, 14, '', 189, 2, 2, '2016-10-31 14:07:23'),
(1097, 26, '', 189, 2, 2, '2016-10-31 14:07:24'),
(1098, 27, '', 189, 2, 2, '2016-10-31 14:07:24'),
(1099, 31, '', 189, 2, 2, '2016-10-31 14:07:24'),
(1100, 33, '', 189, 2, 2, '2016-10-31 14:07:24'),
(1101, 34, '', 189, 2, 2, '2016-10-31 14:07:24'),
(1102, 36, '', 189, 2, 2, '2016-10-31 14:07:24'),
(1103, 39, '', 189, 2, 2, '2016-10-31 14:07:24'),
(1104, 44, '', 189, 2, 2, '2016-10-31 14:07:24'),
(1105, 42, '', 189, 2, 2, '2016-10-31 14:07:24'),
(1106, 1, '', 190, 2, 2, '2016-10-31 14:10:33'),
(1107, 14, '', 190, 2, 2, '2016-10-31 14:10:33'),
(1108, 26, '', 190, 2, 2, '2016-10-31 14:10:33'),
(1109, 27, '', 190, 2, 2, '2016-10-31 14:10:34'),
(1110, 31, '', 190, 2, 2, '2016-10-31 14:10:34'),
(1111, 33, '', 190, 2, 2, '2016-10-31 14:10:34'),
(1112, 34, '', 190, 2, 2, '2016-10-31 14:10:34'),
(1113, 36, '', 190, 2, 2, '2016-10-31 14:10:34'),
(1114, 44, '', 190, 2, 2, '2016-10-31 14:10:34'),
(1115, 39, '', 190, 2, 2, '2016-10-31 14:10:34'),
(1116, 42, '', 190, 2, 2, '2016-10-31 14:10:34'),
(1117, 10, '', 190, 2, 2, '2016-10-31 14:10:34'),
(1118, 58, '', 191, 2, 2, '2016-10-31 14:32:02'),
(1119, 112, '', 191, 2, 2, '2016-10-31 14:32:02'),
(1120, 69, '', 191, 2, 2, '2016-10-31 14:32:02'),
(1121, 65, '', 191, 2, 2, '2016-10-31 14:32:02'),
(1122, 73, '', 191, 2, 2, '2016-10-31 14:32:03'),
(1123, 75, '', 191, 2, 2, '2016-10-31 14:32:03'),
(1124, 101, '', 191, 2, 2, '2016-10-31 14:32:03'),
(1125, 123, '', 191, 2, 2, '2016-10-31 14:32:03'),
(1126, 64, '', 191, 2, 2, '2016-10-31 14:32:03'),
(1127, 115, '', 191, 2, 2, '2016-10-31 14:32:03'),
(1128, 66, '', 191, 2, 2, '2016-10-31 14:32:03'),
(1129, 0, '', 191, 2, 2, '2016-10-31 14:32:03'),
(1130, 0, '', 191, 2, 2, '2016-10-31 14:32:03'),
(1131, 0, '', 191, 2, 2, '2016-10-31 14:32:04'),
(1132, 0, '', 191, 2, 2, '2016-10-31 14:32:04'),
(1133, 0, '', 191, 2, 2, '2016-10-31 14:32:04'),
(1134, 58, '', 192, 2, 2, '2016-10-31 14:37:36'),
(1135, 61, '', 192, 2, 2, '2016-10-31 14:37:37'),
(1136, 76, '', 192, 2, 2, '2016-10-31 14:37:37'),
(1137, 121, '', 192, 2, 2, '2016-10-31 14:37:37'),
(1138, 117, '', 192, 2, 2, '2016-10-31 14:37:37'),
(1139, 122, '', 192, 2, 2, '2016-10-31 14:37:37'),
(1140, 101, '', 192, 2, 2, '2016-10-31 14:37:37'),
(1141, 123, '', 192, 2, 2, '2016-10-31 14:37:37'),
(1142, 64, '', 192, 2, 2, '2016-10-31 14:37:37'),
(1143, 115, '', 192, 2, 2, '2016-10-31 14:37:37'),
(1144, 66, '', 192, 2, 2, '2016-10-31 14:37:37'),
(1145, 95, '', 192, 2, 2, '2016-10-31 14:37:38'),
(1146, 112, '', 192, 2, 2, '2016-10-31 14:37:38'),
(1147, 69, '', 192, 2, 2, '2016-10-31 14:37:38'),
(1148, 65, '', 192, 2, 2, '2016-10-31 14:37:38'),
(1149, 73, '', 192, 2, 2, '2016-10-31 14:37:38'),
(1150, 75, '', 192, 2, 2, '2016-10-31 14:37:38'),
(1151, 1, '', 193, 2, 3, '2016-10-31 22:10:14'),
(1152, 14, '', 193, 2, 3, '2016-10-31 22:10:14'),
(1153, 26, '', 193, 2, 3, '2016-10-31 22:10:14'),
(1154, 27, '', 193, 2, 3, '2016-10-31 22:10:14'),
(1155, 31, '', 193, 2, 3, '2016-10-31 22:10:15'),
(1156, 33, '', 193, 2, 3, '2016-10-31 22:10:15'),
(1157, 34, '', 193, 2, 3, '2016-10-31 22:10:15'),
(1158, 36, '', 193, 2, 3, '2016-10-31 22:10:15'),
(1159, 39, '', 193, 2, 3, '2016-10-31 22:10:15'),
(1160, 42, '', 193, 2, 3, '2016-10-31 22:10:15'),
(1161, 44, '', 193, 2, 3, '2016-10-31 22:10:15'),
(1162, 1, '', 194, 2, 3, '2016-10-31 22:21:46'),
(1163, 14, '', 194, 2, 3, '2016-10-31 22:21:46'),
(1164, 26, '', 194, 2, 3, '2016-10-31 22:21:47'),
(1165, 27, '', 194, 2, 3, '2016-10-31 22:21:47'),
(1166, 31, '', 194, 2, 3, '2016-10-31 22:21:47'),
(1167, 33, '', 194, 2, 3, '2016-10-31 22:21:47'),
(1168, 34, '', 194, 2, 3, '2016-10-31 22:21:47'),
(1169, 36, '', 194, 2, 3, '2016-10-31 22:21:47'),
(1170, 39, '', 194, 2, 3, '2016-10-31 22:21:47'),
(1171, 42, '', 194, 2, 3, '2016-10-31 22:21:47'),
(1172, 44, '', 194, 2, 3, '2016-10-31 22:21:47'),
(1173, 1, '', 195, 2, 2, '2016-11-01 10:46:23'),
(1174, 39, '', 195, 2, 2, '2016-11-01 10:46:23'),
(1175, 34, '', 195, 2, 2, '2016-11-01 10:46:23'),
(1176, 33, '', 195, 2, 2, '2016-11-01 10:46:23'),
(1177, 42, '', 195, 2, 2, '2016-11-01 10:46:24'),
(1178, 27, '', 195, 2, 2, '2016-11-01 10:46:24'),
(1179, 36, '', 195, 2, 2, '2016-11-01 10:46:24'),
(1180, 14, '', 195, 2, 2, '2016-11-01 10:46:24'),
(1181, 31, '', 195, 2, 2, '2016-11-01 10:46:24'),
(1182, 44, '', 195, 2, 2, '2016-11-01 10:46:24'),
(1183, 1, '', 196, 2, 2, '2016-11-01 10:48:15'),
(1184, 39, '', 196, 2, 2, '2016-11-01 10:48:15'),
(1185, 33, '', 196, 2, 2, '2016-11-01 10:48:15'),
(1186, 34, '', 196, 2, 2, '2016-11-01 10:48:15'),
(1187, 44, '', 196, 2, 2, '2016-11-01 10:48:15'),
(1188, 27, '', 196, 2, 2, '2016-11-01 10:48:16'),
(1189, 36, '', 196, 2, 2, '2016-11-01 10:48:16'),
(1190, 42, '', 196, 2, 2, '2016-11-01 10:48:16'),
(1191, 1, '', 197, 2, 3, '2016-11-01 21:34:22'),
(1192, 27, '', 197, 2, 3, '2016-11-01 21:34:22'),
(1193, 33, '', 197, 2, 3, '2016-11-01 21:34:22'),
(1194, 34, '', 197, 2, 3, '2016-11-01 21:34:22'),
(1195, 36, '', 197, 2, 3, '2016-11-01 21:34:22'),
(1196, 39, '', 197, 2, 3, '2016-11-01 21:34:22'),
(1197, 44, '', 197, 2, 3, '2016-11-01 21:34:22'),
(1198, 64, '', 198, 2, 3, '2016-11-02 12:27:39'),
(1199, 65, '', 198, 2, 3, '2016-11-02 12:27:39'),
(1200, 66, '', 198, 2, 3, '2016-11-02 12:27:39'),
(1201, 69, '', 198, 2, 3, '2016-11-02 12:27:39'),
(1202, 73, '', 198, 2, 3, '2016-11-02 12:27:39'),
(1203, 75, '', 198, 2, 3, '2016-11-02 12:27:39'),
(1204, 101, '', 198, 2, 3, '2016-11-02 12:27:40'),
(1205, 112, '', 198, 2, 3, '2016-11-02 12:27:40'),
(1206, 115, '', 198, 2, 3, '2016-11-02 12:27:40'),
(1207, 123, '', 198, 2, 3, '2016-11-02 12:27:40'),
(1208, 58, '', 199, 2, 3, '2016-11-02 12:35:57'),
(1209, 61, '', 199, 2, 3, '2016-11-02 12:35:58'),
(1210, 64, '', 199, 2, 3, '2016-11-02 12:35:58'),
(1211, 65, '', 199, 2, 3, '2016-11-02 12:35:58'),
(1212, 66, '', 199, 2, 3, '2016-11-02 12:35:58'),
(1213, 69, '', 199, 2, 3, '2016-11-02 12:35:58'),
(1214, 73, '', 199, 2, 3, '2016-11-02 12:35:58'),
(1215, 75, '', 199, 2, 3, '2016-11-02 12:35:58'),
(1216, 76, '', 199, 2, 3, '2016-11-02 12:35:58'),
(1217, 95, '', 199, 2, 3, '2016-11-02 12:35:59'),
(1218, 101, '', 199, 2, 3, '2016-11-02 12:35:59'),
(1219, 112, '', 199, 2, 3, '2016-11-02 12:35:59'),
(1220, 115, '', 199, 2, 3, '2016-11-02 12:35:59'),
(1221, 117, '', 199, 2, 3, '2016-11-02 12:35:59'),
(1222, 121, '', 199, 2, 3, '2016-11-02 12:35:59'),
(1223, 122, '', 199, 2, 3, '2016-11-02 12:35:59'),
(1224, 123, '', 199, 2, 3, '2016-11-02 12:35:59'),
(1225, 65, '', 200, 2, 3, '2016-11-02 12:37:33'),
(1226, 69, '', 200, 2, 3, '2016-11-02 12:37:33'),
(1227, 73, '', 200, 2, 3, '2016-11-02 12:37:33'),
(1228, 75, '', 200, 2, 3, '2016-11-02 12:37:33'),
(1229, 112, '', 200, 2, 3, '2016-11-02 12:37:33'),
(1230, 1, '', 201, 2, 3, '2016-11-02 12:46:40'),
(1231, 14, '', 201, 2, 3, '2016-11-02 12:46:40'),
(1232, 27, '', 201, 2, 3, '2016-11-02 12:46:40'),
(1233, 31, '', 201, 2, 3, '2016-11-02 12:46:40'),
(1234, 33, '', 201, 2, 3, '2016-11-02 12:46:40'),
(1235, 34, '', 201, 2, 3, '2016-11-02 12:46:41'),
(1236, 36, '', 201, 2, 3, '2016-11-02 12:46:41'),
(1237, 39, '', 201, 2, 3, '2016-11-02 12:46:41'),
(1238, 42, '', 201, 2, 3, '2016-11-02 12:46:41'),
(1239, 44, '', 201, 2, 3, '2016-11-02 12:46:41'),
(1240, 58, '', 202, 2, 2, '2016-11-02 12:50:03'),
(1241, 58, '', 203, 2, 2, '2016-11-02 13:26:50'),
(1242, 7, '', 204, 2, 2, '2016-11-02 13:36:53'),
(1243, 18, '', 205, 2, 2, '2016-11-02 13:54:11'),
(1244, 30, '', 205, 2, 2, '2016-11-02 13:54:11'),
(1245, 14, '', 205, 2, 2, '2016-11-02 13:54:11'),
(1246, 26, '', 205, 2, 2, '2016-11-02 13:54:11'),
(1247, 27, '', 205, 2, 2, '2016-11-02 13:54:11'),
(1248, 31, '', 205, 2, 2, '2016-11-02 13:54:11'),
(1249, 33, '', 205, 2, 2, '2016-11-02 13:54:11'),
(1250, 34, '', 205, 2, 2, '2016-11-02 13:54:11'),
(1251, 36, '', 205, 2, 2, '2016-11-02 13:54:12'),
(1252, 39, '', 205, 2, 2, '2016-11-02 13:54:12'),
(1253, 44, '', 205, 2, 2, '2016-11-02 13:54:12'),
(1254, 0, '', 205, 2, 2, '2016-11-02 13:54:12'),
(1255, 1, '', 206, 2, 2, '2016-11-02 14:19:03'),
(1256, 14, '', 206, 2, 2, '2016-11-02 14:19:03'),
(1257, 26, '', 206, 2, 2, '2016-11-02 14:19:03'),
(1258, 27, '', 206, 2, 2, '2016-11-02 14:19:04'),
(1259, 31, '', 206, 2, 2, '2016-11-02 14:19:04'),
(1260, 33, '', 206, 2, 2, '2016-11-02 14:19:04'),
(1261, 34, '', 206, 2, 2, '2016-11-02 14:19:04'),
(1262, 36, '', 206, 2, 2, '2016-11-02 14:19:04'),
(1263, 39, '', 206, 2, 2, '2016-11-02 14:19:04'),
(1264, 44, '', 206, 2, 2, '2016-11-02 14:19:04'),
(1265, 42, '', 206, 2, 2, '2016-11-02 14:19:04'),
(1266, 25, '', 207, 2, 2, '2016-11-02 14:25:35'),
(1267, 18, '', 208, 2, 2, '2016-11-02 14:50:01'),
(1268, 18, '', 209, 2, 2, '2016-11-02 15:02:06'),
(1269, 58, '', 210, 2, 2, '2016-11-02 15:24:06'),
(1270, 61, '', 210, 2, 2, '2016-11-02 15:24:06'),
(1271, 76, '', 210, 2, 2, '2016-11-02 15:24:06'),
(1272, 121, '', 210, 2, 2, '2016-11-02 15:24:06'),
(1273, 117, '', 210, 2, 2, '2016-11-02 15:24:06'),
(1274, 122, '', 210, 2, 2, '2016-11-02 15:24:06'),
(1275, 101, '', 210, 2, 2, '2016-11-02 15:24:07'),
(1276, 123, '', 210, 2, 2, '2016-11-02 15:24:07'),
(1277, 64, '', 210, 2, 2, '2016-11-02 15:24:07'),
(1278, 115, '', 210, 2, 2, '2016-11-02 15:24:07'),
(1279, 66, '', 210, 2, 2, '2016-11-02 15:24:07'),
(1280, 112, '', 210, 2, 2, '2016-11-02 15:24:07'),
(1281, 69, '', 210, 2, 2, '2016-11-02 15:24:08'),
(1282, 65, '', 210, 2, 2, '2016-11-02 15:24:08'),
(1283, 73, '', 210, 2, 2, '2016-11-02 15:24:08'),
(1284, 75, '', 210, 2, 2, '2016-11-02 15:24:08'),
(1285, 58, '', 211, 2, 2, '2016-11-02 15:27:52'),
(1286, 61, '', 211, 2, 2, '2016-11-02 15:27:52'),
(1287, 76, '', 211, 2, 2, '2016-11-02 15:27:52'),
(1288, 121, '', 211, 2, 2, '2016-11-02 15:27:52'),
(1289, 117, '', 211, 2, 2, '2016-11-02 15:27:52'),
(1290, 122, '', 211, 2, 2, '2016-11-02 15:27:53'),
(1291, 101, '', 211, 2, 2, '2016-11-02 15:27:53'),
(1292, 123, '', 211, 2, 2, '2016-11-02 15:27:53'),
(1293, 64, '', 211, 2, 2, '2016-11-02 15:27:53'),
(1294, 115, '', 211, 2, 2, '2016-11-02 15:27:53'),
(1295, 66, '', 211, 2, 2, '2016-11-02 15:27:53'),
(1296, 95, '', 211, 2, 2, '2016-11-02 15:27:53'),
(1297, 112, '', 211, 2, 2, '2016-11-02 15:27:53'),
(1298, 69, '', 211, 2, 2, '2016-11-02 15:27:53'),
(1299, 65, '', 211, 2, 2, '2016-11-02 15:27:54'),
(1300, 73, '', 211, 2, 2, '2016-11-02 15:27:54'),
(1301, 43, '', 211, 2, 2, '2016-11-02 15:27:54'),
(1302, 1, '', 212, 2, 3, '2016-11-03 07:59:23'),
(1303, 14, '', 212, 2, 3, '2016-11-03 07:59:24'),
(1304, 26, '', 212, 2, 3, '2016-11-03 07:59:24'),
(1305, 27, '', 212, 2, 3, '2016-11-03 07:59:24'),
(1306, 31, '', 212, 2, 3, '2016-11-03 07:59:24'),
(1307, 33, '', 212, 2, 3, '2016-11-03 07:59:24'),
(1308, 34, '', 212, 2, 3, '2016-11-03 07:59:24'),
(1309, 36, '', 212, 2, 3, '2016-11-03 07:59:24'),
(1310, 39, '', 212, 2, 3, '2016-11-03 07:59:24'),
(1311, 42, '', 212, 2, 3, '2016-11-03 07:59:25'),
(1312, 44, '', 212, 2, 3, '2016-11-03 07:59:25'),
(1313, 14, '', 213, 2, 3, '2016-11-03 08:03:42'),
(1314, 26, '', 213, 2, 3, '2016-11-03 08:03:42'),
(1315, 27, '', 213, 2, 3, '2016-11-03 08:03:42'),
(1316, 30, '', 213, 2, 3, '2016-11-03 08:03:43'),
(1317, 31, '', 213, 2, 3, '2016-11-03 08:03:43'),
(1318, 33, '', 213, 2, 3, '2016-11-03 08:03:43'),
(1319, 34, '', 213, 2, 3, '2016-11-03 08:03:43'),
(1320, 36, '', 213, 2, 3, '2016-11-03 08:03:43'),
(1321, 39, '', 213, 2, 3, '2016-11-03 08:03:43'),
(1322, 44, '', 213, 2, 3, '2016-11-03 08:03:43'),
(1323, 58, '', 214, 2, 3, '2016-11-03 08:04:03'),
(1324, 61, '', 214, 2, 3, '2016-11-03 08:04:03'),
(1325, 64, '', 214, 2, 3, '2016-11-03 08:04:03'),
(1326, 65, '', 214, 2, 3, '2016-11-03 08:04:03'),
(1327, 66, '', 214, 2, 3, '2016-11-03 08:04:03'),
(1328, 69, '', 214, 2, 3, '2016-11-03 08:04:03'),
(1329, 73, '', 214, 2, 3, '2016-11-03 08:04:04'),
(1330, 75, '', 214, 2, 3, '2016-11-03 08:04:04'),
(1331, 101, '', 214, 2, 3, '2016-11-03 08:04:04'),
(1332, 112, '', 214, 2, 3, '2016-11-03 08:04:04'),
(1333, 115, '', 214, 2, 3, '2016-11-03 08:04:04'),
(1334, 117, '', 214, 2, 3, '2016-11-03 08:04:04'),
(1335, 121, '', 214, 2, 3, '2016-11-03 08:04:04'),
(1336, 122, '', 214, 2, 3, '2016-11-03 08:04:04'),
(1337, 123, '', 214, 2, 3, '2016-11-03 08:04:04'),
(1338, 43, '', 215, 2, 3, '2016-11-03 08:05:10'),
(1339, 58, '', 215, 2, 3, '2016-11-03 08:05:10'),
(1340, 61, '', 215, 2, 3, '2016-11-03 08:05:10'),
(1341, 64, '', 215, 2, 3, '2016-11-03 08:05:10'),
(1342, 66, '', 215, 2, 3, '2016-11-03 08:05:10'),
(1343, 69, '', 215, 2, 3, '2016-11-03 08:05:10'),
(1344, 73, '', 215, 2, 3, '2016-11-03 08:05:10'),
(1345, 76, '', 215, 2, 3, '2016-11-03 08:05:10'),
(1346, 95, '', 215, 2, 3, '2016-11-03 08:05:11'),
(1347, 101, '', 215, 2, 3, '2016-11-03 08:05:11'),
(1348, 112, '', 215, 2, 3, '2016-11-03 08:05:11'),
(1349, 115, '', 215, 2, 3, '2016-11-03 08:05:11'),
(1350, 117, '', 215, 2, 3, '2016-11-03 08:05:11'),
(1351, 121, '', 215, 2, 3, '2016-11-03 08:05:11'),
(1352, 122, '', 215, 2, 3, '2016-11-03 08:05:11'),
(1353, 123, '', 215, 2, 3, '2016-11-03 08:05:11'),
(1354, 30, '', 216, 2, 2, '2016-11-03 10:55:18'),
(1355, 1, '', 217, 2, 2, '2016-11-03 12:00:53'),
(1356, 14, '', 217, 2, 2, '2016-11-03 12:00:53'),
(1357, 26, '', 217, 2, 2, '2016-11-03 12:00:53'),
(1358, 27, '', 217, 2, 2, '2016-11-03 12:00:53'),
(1359, 31, '', 217, 2, 2, '2016-11-03 12:00:53'),
(1360, 33, '', 217, 2, 2, '2016-11-03 12:00:53'),
(1361, 34, '', 217, 2, 2, '2016-11-03 12:00:53'),
(1362, 36, '', 217, 2, 2, '2016-11-03 12:00:53'),
(1363, 39, '', 217, 2, 2, '2016-11-03 12:00:54'),
(1364, 44, '', 217, 2, 2, '2016-11-03 12:00:54'),
(1365, 7, '', 217, 2, 2, '2016-11-03 12:00:54'),
(1366, 17, '', 217, 2, 2, '2016-11-03 12:00:54'),
(1367, 1, '', 218, 2, 2, '2016-11-03 12:03:16'),
(1368, 14, '', 218, 2, 2, '2016-11-03 12:03:16'),
(1369, 26, '', 218, 2, 2, '2016-11-03 12:03:17'),
(1370, 27, '', 218, 2, 2, '2016-11-03 12:03:17'),
(1371, 31, '', 218, 2, 2, '2016-11-03 12:03:17'),
(1372, 33, '', 218, 2, 2, '2016-11-03 12:03:17'),
(1373, 34, '', 218, 2, 2, '2016-11-03 12:03:17'),
(1374, 36, '', 218, 2, 2, '2016-11-03 12:03:17'),
(1375, 39, '', 218, 2, 2, '2016-11-03 12:03:17'),
(1376, 44, '', 218, 2, 2, '2016-11-03 12:03:17'),
(1377, 42, '', 218, 2, 2, '2016-11-03 12:03:18'),
(1378, 7, '', 218, 2, 2, '2016-11-03 12:03:18'),
(1379, 1, '', 219, 2, 3, '2016-11-03 14:55:31'),
(1380, 14, '', 219, 2, 3, '2016-11-03 14:55:31'),
(1381, 26, '', 219, 2, 3, '2016-11-03 14:55:31'),
(1382, 27, '', 219, 2, 3, '2016-11-03 14:55:32'),
(1383, 31, '', 219, 2, 3, '2016-11-03 14:55:32'),
(1384, 33, '', 219, 2, 3, '2016-11-03 14:55:32'),
(1385, 34, '', 219, 2, 3, '2016-11-03 14:55:32'),
(1386, 36, '', 219, 2, 3, '2016-11-03 14:55:32'),
(1387, 39, '', 219, 2, 3, '2016-11-03 14:55:32'),
(1388, 42, '', 219, 2, 3, '2016-11-03 14:55:32'),
(1389, 44, '', 219, 2, 3, '2016-11-03 14:55:32'),
(1390, 1, '', 220, 2, 3, '2016-11-03 14:56:33'),
(1391, 7, '', 220, 2, 3, '2016-11-03 14:56:34'),
(1392, 14, '', 220, 2, 3, '2016-11-03 14:56:34'),
(1393, 26, '', 220, 2, 3, '2016-11-03 14:56:34'),
(1394, 27, '', 220, 2, 3, '2016-11-03 14:56:34'),
(1395, 31, '', 220, 2, 3, '2016-11-03 14:56:34'),
(1396, 33, '', 220, 2, 3, '2016-11-03 14:56:34'),
(1397, 34, '', 220, 2, 3, '2016-11-03 14:56:34'),
(1398, 36, '', 220, 2, 3, '2016-11-03 14:56:34'),
(1399, 39, '', 220, 2, 3, '2016-11-03 14:56:34'),
(1400, 44, '', 220, 2, 3, '2016-11-03 14:56:35'),
(1401, 1, '', 221, 2, 2, '2016-11-03 14:59:48'),
(1402, 14, '', 221, 2, 2, '2016-11-03 14:59:48'),
(1403, 26, '', 221, 2, 2, '2016-11-03 14:59:48'),
(1404, 27, '', 221, 2, 2, '2016-11-03 14:59:48'),
(1405, 31, '', 221, 2, 2, '2016-11-03 14:59:48'),
(1406, 33, '', 221, 2, 2, '2016-11-03 14:59:48'),
(1407, 34, '', 221, 2, 2, '2016-11-03 14:59:48'),
(1408, 36, '', 221, 2, 2, '2016-11-03 14:59:48'),
(1409, 39, '', 221, 2, 2, '2016-11-03 14:59:49'),
(1410, 44, '', 221, 2, 2, '2016-11-03 14:59:49'),
(1411, 7, '', 221, 2, 2, '2016-11-03 14:59:49'),
(1412, 1, '', 222, 2, 2, '2016-11-03 15:01:17'),
(1413, 14, '', 222, 2, 2, '2016-11-03 15:01:17'),
(1414, 26, '', 222, 2, 2, '2016-11-03 15:01:17'),
(1415, 27, '', 222, 2, 2, '2016-11-03 15:01:17'),
(1416, 31, '', 222, 2, 2, '2016-11-03 15:01:17'),
(1417, 33, '', 222, 2, 2, '2016-11-03 15:01:17'),
(1418, 34, '', 222, 2, 2, '2016-11-03 15:01:17'),
(1419, 36, '', 222, 2, 2, '2016-11-03 15:01:17'),
(1420, 39, '', 222, 2, 2, '2016-11-03 15:01:17'),
(1421, 44, '', 222, 2, 2, '2016-11-03 15:01:18'),
(1422, 42, '', 222, 2, 2, '2016-11-03 15:01:18'),
(1423, 58, '', 223, 2, 2, '2016-11-03 15:06:07'),
(1424, 61, '', 223, 2, 2, '2016-11-03 15:06:07'),
(1425, 76, '', 223, 2, 2, '2016-11-03 15:06:07'),
(1426, 121, '', 223, 2, 2, '2016-11-03 15:06:07'),
(1427, 117, '', 223, 2, 2, '2016-11-03 15:06:08'),
(1428, 122, '', 223, 2, 2, '2016-11-03 15:06:08'),
(1429, 101, '', 223, 2, 2, '2016-11-03 15:06:08'),
(1430, 123, '', 223, 2, 2, '2016-11-03 15:06:08'),
(1431, 64, '', 223, 2, 2, '2016-11-03 15:06:08'),
(1432, 115, '', 223, 2, 2, '2016-11-03 15:06:08'),
(1433, 66, '', 223, 2, 2, '2016-11-03 15:06:08'),
(1434, 112, '', 223, 2, 2, '2016-11-03 15:06:08'),
(1435, 69, '', 223, 2, 2, '2016-11-03 15:06:08'),
(1436, 65, '', 223, 2, 2, '2016-11-03 15:06:09'),
(1437, 73, '', 223, 2, 2, '2016-11-03 15:06:09'),
(1438, 75, '', 223, 2, 2, '2016-11-03 15:06:09'),
(1439, 58, '', 224, 2, 2, '2016-11-03 15:09:26'),
(1440, 61, '', 224, 2, 2, '2016-11-03 15:09:26'),
(1441, 76, '', 224, 2, 2, '2016-11-03 15:09:27'),
(1442, 121, '', 224, 2, 2, '2016-11-03 15:09:27'),
(1443, 117, '', 224, 2, 2, '2016-11-03 15:09:27'),
(1444, 122, '', 224, 2, 2, '2016-11-03 15:09:27'),
(1445, 101, '', 224, 2, 2, '2016-11-03 15:09:27'),
(1446, 123, '', 224, 2, 2, '2016-11-03 15:09:27'),
(1447, 64, '', 224, 2, 2, '2016-11-03 15:09:27'),
(1448, 115, '', 224, 2, 2, '2016-11-03 15:09:27'),
(1449, 66, '', 224, 2, 2, '2016-11-03 15:09:27'),
(1450, 95, '', 224, 2, 2, '2016-11-03 15:09:28'),
(1451, 112, '', 224, 2, 2, '2016-11-03 15:09:28'),
(1452, 69, '', 224, 2, 2, '2016-11-03 15:09:28'),
(1453, 65, '', 224, 2, 2, '2016-11-03 15:09:28'),
(1454, 73, '', 224, 2, 2, '2016-11-03 15:09:28'),
(1455, 75, '', 224, 2, 2, '2016-11-03 15:09:28'),
(1456, 58, '', 225, 2, 2, '2016-11-03 15:52:29'),
(1457, 58, '', 226, 2, 2, '2016-11-03 15:52:58'),
(1458, 42, '', 227, 2, 1, '2016-11-03 22:11:03'),
(1459, 1, '', 228, 2, 3, '2016-11-03 22:11:25'),
(1460, 14, '', 228, 2, 3, '2016-11-03 22:11:26'),
(1461, 26, '', 228, 2, 3, '2016-11-03 22:11:26'),
(1462, 27, '', 228, 2, 3, '2016-11-03 22:11:26'),
(1463, 31, '', 228, 2, 3, '2016-11-03 22:11:26'),
(1464, 33, '', 228, 2, 3, '2016-11-03 22:11:26'),
(1465, 34, '', 228, 2, 3, '2016-11-03 22:11:26'),
(1466, 36, '', 228, 2, 3, '2016-11-03 22:11:26'),
(1467, 39, '', 228, 2, 3, '2016-11-03 22:11:26'),
(1468, 44, '', 228, 2, 3, '2016-11-03 22:11:27'),
(1469, 1, '', 229, 2, 2, '2016-11-04 09:17:45'),
(1470, 14, '', 229, 2, 2, '2016-11-04 09:17:45'),
(1471, 26, '', 229, 2, 2, '2016-11-04 09:17:45'),
(1472, 27, '', 229, 2, 2, '2016-11-04 09:17:45'),
(1473, 31, '', 229, 2, 2, '2016-11-04 09:17:45'),
(1474, 33, '', 229, 2, 2, '2016-11-04 09:17:45'),
(1475, 34, '', 229, 2, 2, '2016-11-04 09:17:45'),
(1476, 36, '', 229, 2, 2, '2016-11-04 09:17:45'),
(1477, 39, '', 229, 2, 2, '2016-11-04 09:17:45'),
(1478, 44, '', 229, 2, 2, '2016-11-04 09:17:46'),
(1479, 1, '', 230, 2, 2, '2016-11-04 09:19:15'),
(1480, 14, '', 230, 2, 2, '2016-11-04 09:19:15'),
(1481, 26, '', 230, 2, 2, '2016-11-04 09:19:15'),
(1482, 27, '', 230, 2, 2, '2016-11-04 09:19:15'),
(1483, 31, '', 230, 2, 2, '2016-11-04 09:19:15'),
(1484, 33, '', 230, 2, 2, '2016-11-04 09:19:15'),
(1485, 34, '', 230, 2, 2, '2016-11-04 09:19:15'),
(1486, 36, '', 230, 2, 2, '2016-11-04 09:19:16'),
(1487, 39, '', 230, 2, 2, '2016-11-04 09:19:16'),
(1488, 44, '', 230, 2, 2, '2016-11-04 09:19:16'),
(1489, 61, '', 231, 2, 3, '2016-11-04 09:21:51'),
(1490, 64, '', 231, 2, 3, '2016-11-04 09:21:51'),
(1491, 65, '', 231, 2, 3, '2016-11-04 09:21:51'),
(1492, 66, '', 231, 2, 3, '2016-11-04 09:21:51'),
(1493, 69, '', 231, 2, 3, '2016-11-04 09:21:51'),
(1494, 73, '', 231, 2, 3, '2016-11-04 09:21:51'),
(1495, 75, '', 231, 2, 3, '2016-11-04 09:21:51'),
(1496, 101, '', 231, 2, 3, '2016-11-04 09:21:52'),
(1497, 112, '', 231, 2, 3, '2016-11-04 09:21:52'),
(1498, 115, '', 231, 2, 3, '2016-11-04 09:21:52'),
(1499, 117, '', 231, 2, 3, '2016-11-04 09:21:52'),
(1500, 121, '', 231, 2, 3, '2016-11-04 09:21:52'),
(1501, 122, '', 231, 2, 3, '2016-11-04 09:21:52'),
(1502, 123, '', 231, 2, 3, '2016-11-04 09:21:52'),
(1503, 7, '', 232, 2, 2, '2016-11-04 13:52:42'),
(1504, 44, '', 232, 2, 2, '2016-11-04 13:52:42'),
(1505, 43, '', 232, 2, 2, '2016-11-04 13:52:42'),
(1506, 26, '', 233, 2, 2, '2016-11-04 14:00:29'),
(1507, 18, '', 234, 2, 2, '2016-11-04 16:24:02'),
(1508, 1, '', 235, 2, 3, '2016-11-05 12:11:59'),
(1509, 14, '', 235, 2, 3, '2016-11-05 12:11:59'),
(1510, 26, '', 235, 2, 3, '2016-11-05 12:11:59'),
(1511, 27, '', 235, 2, 3, '2016-11-05 12:11:59'),
(1512, 31, '', 235, 2, 3, '2016-11-05 12:11:59'),
(1513, 33, '', 235, 2, 3, '2016-11-05 12:11:59'),
(1514, 34, '', 235, 2, 3, '2016-11-05 12:11:59'),
(1515, 36, '', 235, 2, 3, '2016-11-05 12:11:59'),
(1516, 39, '', 235, 2, 3, '2016-11-05 12:12:00'),
(1517, 44, '', 235, 2, 3, '2016-11-05 12:12:00'),
(1518, 1, '', 236, 2, 3, '2016-11-05 12:12:14'),
(1519, 14, '', 236, 2, 3, '2016-11-05 12:12:14'),
(1520, 26, '', 236, 2, 3, '2016-11-05 12:12:14'),
(1521, 27, '', 236, 2, 3, '2016-11-05 12:12:15'),
(1522, 31, '', 236, 2, 3, '2016-11-05 12:12:15'),
(1523, 33, '', 236, 2, 3, '2016-11-05 12:12:15'),
(1524, 34, '', 236, 2, 3, '2016-11-05 12:12:15'),
(1525, 36, '', 236, 2, 3, '2016-11-05 12:12:15'),
(1526, 39, '', 236, 2, 3, '2016-11-05 12:12:15'),
(1527, 44, '', 236, 2, 3, '2016-11-05 12:12:15'),
(1528, 1, '', 237, 2, 3, '2016-11-05 12:12:28'),
(1529, 14, '', 237, 2, 3, '2016-11-05 12:12:28'),
(1530, 26, '', 237, 2, 3, '2016-11-05 12:12:28'),
(1531, 31, '', 237, 2, 3, '2016-11-05 12:12:28'),
(1532, 33, '', 237, 2, 3, '2016-11-05 12:12:28'),
(1533, 34, '', 237, 2, 3, '2016-11-05 12:12:29'),
(1534, 36, '', 237, 2, 3, '2016-11-05 12:12:29'),
(1535, 39, '', 237, 2, 3, '2016-11-05 12:12:29'),
(1536, 42, '', 237, 2, 3, '2016-11-05 12:12:29'),
(1537, 44, '', 237, 2, 3, '2016-11-05 12:12:29'),
(1538, 43, '', 238, 2, 3, '2016-11-05 12:12:41'),
(1539, 44, '', 238, 2, 3, '2016-11-05 12:12:41'),
(1540, 58, '', 239, 2, 3, '2016-11-07 07:23:34'),
(1541, 61, '', 239, 2, 3, '2016-11-07 07:23:35'),
(1542, 64, '', 239, 2, 3, '2016-11-07 07:23:35'),
(1543, 65, '', 239, 2, 3, '2016-11-07 07:23:35'),
(1544, 66, '', 239, 2, 3, '2016-11-07 07:23:35'),
(1545, 69, '', 239, 2, 3, '2016-11-07 07:23:35'),
(1546, 73, '', 239, 2, 3, '2016-11-07 07:23:35'),
(1547, 75, '', 239, 2, 3, '2016-11-07 07:23:35'),
(1548, 76, '', 239, 2, 3, '2016-11-07 07:23:35'),
(1549, 95, '', 239, 2, 3, '2016-11-07 07:23:35'),
(1550, 101, '', 239, 2, 3, '2016-11-07 07:23:36'),
(1551, 112, '', 239, 2, 3, '2016-11-07 07:23:36'),
(1552, 115, '', 239, 2, 3, '2016-11-07 07:23:36'),
(1553, 117, '', 239, 2, 3, '2016-11-07 07:23:36'),
(1554, 121, '', 239, 2, 3, '2016-11-07 07:23:36'),
(1555, 122, '', 239, 2, 3, '2016-11-07 07:23:36'),
(1556, 123, '', 239, 2, 3, '2016-11-07 07:23:36'),
(1557, 58, '', 240, 2, 2, '2016-11-07 08:04:10'),
(1558, 66, '', 240, 2, 2, '2016-11-07 08:04:10'),
(1559, 67, '', 241, 2, 2, '2016-11-07 08:34:03'),
(1560, 67, '', 242, 2, 2, '2016-11-07 08:34:43'),
(1561, 18, '', 243, 2, 1, '2016-11-07 11:12:33'),
(1562, 76, '', 243, 2, 1, '2016-11-07 11:12:33'),
(1563, 7, '', 244, 2, 2, '2016-11-07 11:46:02'),
(1564, 14, '', 244, 2, 2, '2016-11-07 11:46:02'),
(1565, 14, '', 245, 2, 2, '2016-11-07 12:58:31'),
(1566, 13, '', 245, 2, 2, '2016-11-07 12:58:31'),
(1567, 33, '', 245, 2, 2, '2016-11-07 12:58:31'),
(1568, 1, '', 246, 2, 2, '2016-11-07 13:53:12'),
(1569, 14, '', 246, 2, 2, '2016-11-07 13:53:12'),
(1570, 26, '', 246, 2, 2, '2016-11-07 13:53:12'),
(1571, 27, '', 246, 2, 2, '2016-11-07 13:53:12'),
(1572, 31, '', 246, 2, 2, '2016-11-07 13:53:12'),
(1573, 33, '', 246, 2, 2, '2016-11-07 13:53:12'),
(1574, 34, '', 246, 2, 2, '2016-11-07 13:53:13'),
(1575, 36, '', 246, 2, 2, '2016-11-07 13:53:13'),
(1576, 39, '', 246, 2, 2, '2016-11-07 13:53:13'),
(1577, 44, '', 246, 2, 2, '2016-11-07 13:53:13'),
(1578, 42, '', 246, 2, 2, '2016-11-07 13:53:13'),
(1579, 7, '', 246, 2, 2, '2016-11-07 13:53:13'),
(1580, 25, '', 247, 2, 2, '2016-11-07 14:53:49'),
(1581, 1, '', 248, 2, 2, '2016-11-07 15:09:33'),
(1582, 14, '', 248, 2, 2, '2016-11-07 15:09:34'),
(1583, 26, '', 248, 2, 2, '2016-11-07 15:09:34'),
(1584, 27, '', 248, 2, 2, '2016-11-07 15:09:34'),
(1585, 31, '', 248, 2, 2, '2016-11-07 15:09:34'),
(1586, 33, '', 248, 2, 2, '2016-11-07 15:09:34'),
(1587, 34, '', 248, 2, 2, '2016-11-07 15:09:34'),
(1588, 36, '', 248, 2, 2, '2016-11-07 15:09:34'),
(1589, 39, '', 248, 2, 2, '2016-11-07 15:09:34'),
(1590, 44, '', 248, 2, 2, '2016-11-07 15:09:35'),
(1591, 42, '', 248, 2, 2, '2016-11-07 15:09:35'),
(1592, 58, '', 249, 2, 2, '2016-11-07 22:11:58'),
(1593, 61, '', 249, 2, 2, '2016-11-07 22:11:58'),
(1594, 76, '', 249, 2, 2, '2016-11-07 22:11:58'),
(1595, 121, '', 249, 2, 2, '2016-11-07 22:11:58'),
(1596, 117, '', 249, 2, 2, '2016-11-07 22:11:58'),
(1597, 122, '', 249, 2, 2, '2016-11-07 22:11:58'),
(1598, 101, '', 249, 2, 2, '2016-11-07 22:11:59'),
(1599, 64, '', 249, 2, 2, '2016-11-07 22:11:59'),
(1600, 123, '', 249, 2, 2, '2016-11-07 22:11:59'),
(1601, 115, '', 249, 2, 2, '2016-11-07 22:11:59'),
(1602, 66, '', 249, 2, 2, '2016-11-07 22:11:59'),
(1603, 112, '', 249, 2, 2, '2016-11-07 22:11:59'),
(1604, 69, '', 249, 2, 2, '2016-11-07 22:11:59'),
(1605, 65, '', 249, 2, 2, '2016-11-07 22:11:59'),
(1606, 73, '', 249, 2, 2, '2016-11-07 22:11:59'),
(1607, 75, '', 249, 2, 2, '2016-11-07 22:12:00'),
(1608, 58, '', 250, 2, 2, '2016-11-07 22:15:49'),
(1609, 61, '', 250, 2, 2, '2016-11-07 22:15:49'),
(1610, 76, '', 250, 2, 2, '2016-11-07 22:15:49'),
(1611, 121, '', 250, 2, 2, '2016-11-07 22:15:49'),
(1612, 117, '', 250, 2, 2, '2016-11-07 22:15:49'),
(1613, 122, '', 250, 2, 2, '2016-11-07 22:15:50'),
(1614, 101, '', 250, 2, 2, '2016-11-07 22:15:50'),
(1615, 64, '', 250, 2, 2, '2016-11-07 22:15:50'),
(1616, 123, '', 250, 2, 2, '2016-11-07 22:15:50'),
(1617, 115, '', 250, 2, 2, '2016-11-07 22:15:50'),
(1618, 66, '', 250, 2, 2, '2016-11-07 22:15:50'),
(1619, 112, '', 250, 2, 2, '2016-11-07 22:15:50'),
(1620, 69, '', 250, 2, 2, '2016-11-07 22:15:50'),
(1621, 65, '', 250, 2, 2, '2016-11-07 22:15:51'),
(1622, 73, '', 250, 2, 2, '2016-11-07 22:15:51'),
(1623, 75, '', 250, 2, 2, '2016-11-07 22:15:51'),
(1624, 58, '', 251, 2, 3, '2016-11-08 07:20:33'),
(1625, 61, '', 251, 2, 3, '2016-11-08 07:20:34'),
(1626, 64, '', 251, 2, 3, '2016-11-08 07:20:34'),
(1627, 65, '', 251, 2, 3, '2016-11-08 07:20:34'),
(1628, 66, '', 251, 2, 3, '2016-11-08 07:20:34'),
(1629, 69, '', 251, 2, 3, '2016-11-08 07:20:34'),
(1630, 73, '', 251, 2, 3, '2016-11-08 07:20:34'),
(1631, 75, '', 251, 2, 3, '2016-11-08 07:20:34'),
(1632, 76, '', 251, 2, 3, '2016-11-08 07:20:34'),
(1633, 101, '', 251, 2, 3, '2016-11-08 07:20:35'),
(1634, 112, '', 251, 2, 3, '2016-11-08 07:20:35'),
(1635, 115, '', 251, 2, 3, '2016-11-08 07:20:35'),
(1636, 117, '', 251, 2, 3, '2016-11-08 07:20:35'),
(1637, 121, '', 251, 2, 3, '2016-11-08 07:20:35'),
(1638, 122, '', 251, 2, 3, '2016-11-08 07:20:35'),
(1639, 123, '', 251, 2, 3, '2016-11-08 07:20:35'),
(1640, 58, '', 252, 2, 3, '2016-11-08 07:20:48'),
(1641, 61, '', 252, 2, 3, '2016-11-08 07:20:48'),
(1642, 64, '', 252, 2, 3, '2016-11-08 07:20:48'),
(1643, 65, '', 252, 2, 3, '2016-11-08 07:20:49'),
(1644, 66, '', 252, 2, 3, '2016-11-08 07:20:49'),
(1645, 69, '', 252, 2, 3, '2016-11-08 07:20:49'),
(1646, 73, '', 252, 2, 3, '2016-11-08 07:20:49'),
(1647, 75, '', 252, 2, 3, '2016-11-08 07:20:49'),
(1648, 76, '', 252, 2, 3, '2016-11-08 07:20:49'),
(1649, 101, '', 252, 2, 3, '2016-11-08 07:20:49'),
(1650, 112, '', 252, 2, 3, '2016-11-08 07:20:49'),
(1651, 115, '', 252, 2, 3, '2016-11-08 07:20:49'),
(1652, 117, '', 252, 2, 3, '2016-11-08 07:20:50'),
(1653, 121, '', 252, 2, 3, '2016-11-08 07:20:50'),
(1654, 122, '', 252, 2, 3, '2016-11-08 07:20:50'),
(1655, 123, '', 252, 2, 3, '2016-11-08 07:20:50'),
(1656, 1, '', 253, 2, 3, '2016-11-08 07:21:06'),
(1657, 14, '', 253, 2, 3, '2016-11-08 07:21:06'),
(1658, 26, '', 253, 2, 3, '2016-11-08 07:21:06'),
(1659, 27, '', 253, 2, 3, '2016-11-08 07:21:06'),
(1660, 31, '', 253, 2, 3, '2016-11-08 07:21:06'),
(1661, 33, '', 253, 2, 3, '2016-11-08 07:21:06'),
(1662, 34, '', 253, 2, 3, '2016-11-08 07:21:06'),
(1663, 36, '', 253, 2, 3, '2016-11-08 07:21:07'),
(1664, 39, '', 253, 2, 3, '2016-11-08 07:21:07'),
(1665, 42, '', 253, 2, 3, '2016-11-08 07:21:07'),
(1666, 44, '', 253, 2, 3, '2016-11-08 07:21:07'),
(1667, 1, '', 254, 2, 3, '2016-11-08 07:21:07'),
(1668, 14, '', 254, 2, 3, '2016-11-08 07:21:07'),
(1669, 26, '', 254, 2, 3, '2016-11-08 07:21:07'),
(1670, 27, '', 254, 2, 3, '2016-11-08 07:21:07'),
(1671, 31, '', 254, 2, 3, '2016-11-08 07:21:07'),
(1672, 33, '', 254, 2, 3, '2016-11-08 07:21:08'),
(1673, 34, '', 254, 2, 3, '2016-11-08 07:21:08'),
(1674, 36, '', 254, 2, 3, '2016-11-08 07:21:08'),
(1675, 39, '', 254, 2, 3, '2016-11-08 07:21:08'),
(1676, 42, '', 254, 2, 3, '2016-11-08 07:21:08'),
(1677, 44, '', 254, 2, 3, '2016-11-08 07:21:08'),
(1678, 1, '', 255, 2, 3, '2016-11-08 07:21:16'),
(1679, 14, '', 255, 2, 3, '2016-11-08 07:21:16'),
(1680, 26, '', 255, 2, 3, '2016-11-08 07:21:16'),
(1681, 27, '', 255, 2, 3, '2016-11-08 07:21:17'),
(1682, 31, '', 255, 2, 3, '2016-11-08 07:21:17'),
(1683, 33, '', 255, 2, 3, '2016-11-08 07:21:17'),
(1684, 34, '', 255, 2, 3, '2016-11-08 07:21:17'),
(1685, 36, '', 255, 2, 3, '2016-11-08 07:21:17'),
(1686, 39, '', 255, 2, 3, '2016-11-08 07:21:17'),
(1687, 42, '', 255, 2, 3, '2016-11-08 07:21:17'),
(1688, 44, '', 255, 2, 3, '2016-11-08 07:21:17'),
(1689, 41, '', 256, 2, 2, '2016-11-08 07:26:51'),
(1690, 41, '', 257, 2, 2, '2016-11-08 07:38:48'),
(1691, 30, '', 258, 2, 1, '2016-11-08 09:10:35'),
(1692, 1, '', 258, 2, 1, '2016-11-08 09:10:35'),
(1693, 7, '', 258, 2, 1, '2016-11-08 09:10:35'),
(1694, 17, '', 258, 2, 1, '2016-11-08 09:10:35'),
(1695, 18, '', 258, 2, 1, '2016-11-08 09:10:35'),
(1696, 14, '', 258, 2, 1, '2016-11-08 09:10:35'),
(1697, 10, '', 258, 2, 1, '2016-11-08 09:10:35'),
(1698, 65, '', 259, 2, 1, '2016-11-08 09:41:53'),
(1699, 127, '', 259, 2, 1, '2016-11-08 09:41:53'),
(1700, 66, '', 259, 2, 1, '2016-11-08 09:41:53'),
(1701, 75, '', 259, 2, 1, '2016-11-08 09:41:53'),
(1702, 93, '', 259, 2, 1, '2016-11-08 09:41:53'),
(1703, 59, '', 259, 2, 1, '2016-11-08 09:41:53'),
(1704, 131, '', 259, 2, 1, '2016-11-08 09:41:53'),
(1705, 132, '', 259, 2, 1, '2016-11-08 09:41:53'),
(1706, 1, '', 260, 2, 2, '2016-11-08 12:52:36'),
(1707, 14, '', 260, 2, 2, '2016-11-08 12:52:36'),
(1708, 26, '', 260, 2, 2, '2016-11-08 12:52:36'),
(1709, 27, '', 260, 2, 2, '2016-11-08 12:52:36'),
(1710, 31, '', 260, 2, 2, '2016-11-08 12:52:36'),
(1711, 33, '', 260, 2, 2, '2016-11-08 12:52:36'),
(1712, 34, '', 260, 2, 2, '2016-11-08 12:52:36'),
(1713, 36, '', 260, 2, 2, '2016-11-08 12:52:36'),
(1714, 39, '', 260, 2, 2, '2016-11-08 12:52:36'),
(1715, 44, '', 260, 2, 2, '2016-11-08 12:52:37'),
(1716, 42, '', 260, 2, 2, '2016-11-08 12:52:37'),
(1717, 30, '', 260, 2, 2, '2016-11-08 12:52:37'),
(1718, 1, '', 261, 2, 2, '2016-11-08 12:54:51'),
(1719, 14, '', 261, 2, 2, '2016-11-08 12:54:51'),
(1720, 26, '', 261, 2, 2, '2016-11-08 12:54:52'),
(1721, 27, '', 261, 2, 2, '2016-11-08 12:54:52'),
(1722, 31, '', 261, 2, 2, '2016-11-08 12:54:52'),
(1723, 33, '', 261, 2, 2, '2016-11-08 12:54:52'),
(1724, 34, '', 261, 2, 2, '2016-11-08 12:54:52'),
(1725, 36, '', 261, 2, 2, '2016-11-08 12:54:52'),
(1726, 39, '', 261, 2, 2, '2016-11-08 12:54:52'),
(1727, 44, '', 261, 2, 2, '2016-11-08 12:54:52'),
(1728, 42, '', 261, 2, 2, '2016-11-08 12:54:52'),
(1729, 58, '', 262, 2, 2, '2016-11-08 13:14:53'),
(1730, 59, '', 262, 2, 2, '2016-11-08 13:14:53'),
(1731, 61, '', 262, 2, 2, '2016-11-08 13:14:54'),
(1732, 76, '', 262, 2, 2, '2016-11-08 13:14:54'),
(1733, 121, '', 262, 2, 2, '2016-11-08 13:14:54'),
(1734, 117, '', 262, 2, 2, '2016-11-08 13:14:54'),
(1735, 122, '', 262, 2, 2, '2016-11-08 13:14:54'),
(1736, 101, '', 262, 2, 2, '2016-11-08 13:14:54'),
(1737, 64, '', 262, 2, 2, '2016-11-08 13:14:54'),
(1738, 123, '', 262, 2, 2, '2016-11-08 13:14:54'),
(1739, 115, '', 262, 2, 2, '2016-11-08 13:14:55'),
(1740, 66, '', 262, 2, 2, '2016-11-08 13:14:55'),
(1741, 112, '', 262, 2, 2, '2016-11-08 13:14:55'),
(1742, 69, '', 262, 2, 2, '2016-11-08 13:14:55'),
(1743, 65, '', 262, 2, 2, '2016-11-08 13:14:55'),
(1744, 73, '', 262, 2, 2, '2016-11-08 13:14:55'),
(1745, 75, '', 262, 2, 2, '2016-11-08 13:14:55'),
(1746, 58, '', 263, 2, 2, '2016-11-08 13:18:35'),
(1747, 61, '', 263, 2, 2, '2016-11-08 13:18:35'),
(1748, 76, '', 263, 2, 2, '2016-11-08 13:18:36'),
(1749, 121, '', 263, 2, 2, '2016-11-08 13:18:36'),
(1750, 117, '', 263, 2, 2, '2016-11-08 13:18:36'),
(1751, 122, '', 263, 2, 2, '2016-11-08 13:18:36'),
(1752, 101, '', 263, 2, 2, '2016-11-08 13:18:36'),
(1753, 123, '', 263, 2, 2, '2016-11-08 13:18:36'),
(1754, 64, '', 263, 2, 2, '2016-11-08 13:18:36'),
(1755, 115, '', 263, 2, 2, '2016-11-08 13:18:36'),
(1756, 66, '', 263, 2, 2, '2016-11-08 13:18:37'),
(1757, 95, '', 263, 2, 2, '2016-11-08 13:18:37'),
(1758, 69, '', 263, 2, 2, '2016-11-08 13:18:37'),
(1759, 65, '', 263, 2, 2, '2016-11-08 13:18:37'),
(1760, 73, '', 263, 2, 2, '2016-11-08 13:18:37'),
(1761, 75, '', 263, 2, 2, '2016-11-08 13:18:37'),
(1762, 1, '', 264, 2, 3, '2016-11-08 13:58:01'),
(1763, 14, '', 264, 2, 3, '2016-11-08 13:58:01'),
(1764, 26, '', 264, 2, 3, '2016-11-08 13:58:01'),
(1765, 27, '', 264, 2, 3, '2016-11-08 13:58:01'),
(1766, 31, '', 264, 2, 3, '2016-11-08 13:58:02'),
(1767, 33, '', 264, 2, 3, '2016-11-08 13:58:02'),
(1768, 34, '', 264, 2, 3, '2016-11-08 13:58:02'),
(1769, 36, '', 264, 2, 3, '2016-11-08 13:58:02'),
(1770, 39, '', 264, 2, 3, '2016-11-08 13:58:02'),
(1771, 42, '', 264, 2, 3, '2016-11-08 13:58:02'),
(1772, 44, '', 264, 2, 3, '2016-11-08 13:58:02'),
(1773, 1, '', 265, 2, 2, '2016-11-08 14:01:47'),
(1774, 14, '', 265, 2, 2, '2016-11-08 14:01:47'),
(1775, 26, '', 265, 2, 2, '2016-11-08 14:01:47'),
(1776, 7, '', 265, 2, 2, '2016-11-08 14:01:47'),
(1777, 27, '', 265, 2, 2, '2016-11-08 14:01:47'),
(1778, 31, '', 265, 2, 2, '2016-11-08 14:01:47'),
(1779, 33, '', 265, 2, 2, '2016-11-08 14:01:47'),
(1780, 34, '', 265, 2, 2, '2016-11-08 14:01:47'),
(1781, 36, '', 265, 2, 2, '2016-11-08 14:01:48'),
(1782, 39, '', 265, 2, 2, '2016-11-08 14:01:48'),
(1783, 44, '', 265, 2, 2, '2016-11-08 14:01:48'),
(1784, 42, '', 265, 2, 2, '2016-11-08 14:01:48'),
(1785, 1, '', 266, 2, 2, '2016-11-08 14:06:44'),
(1786, 14, '', 266, 2, 2, '2016-11-08 14:06:44'),
(1787, 26, '', 266, 2, 2, '2016-11-08 14:06:44'),
(1788, 27, '', 266, 2, 2, '2016-11-08 14:06:44'),
(1789, 31, '', 266, 2, 2, '2016-11-08 14:06:44'),
(1790, 33, '', 266, 2, 2, '2016-11-08 14:06:45'),
(1791, 34, '', 266, 2, 2, '2016-11-08 14:06:45'),
(1792, 36, '', 266, 2, 2, '2016-11-08 14:06:45'),
(1793, 39, '', 266, 2, 2, '2016-11-08 14:06:45'),
(1794, 44, '', 266, 2, 2, '2016-11-08 14:06:45'),
(1795, 42, '', 266, 2, 2, '2016-11-08 14:06:45'),
(1796, 127, '', 266, 2, 2, '2016-11-08 14:06:45'),
(1797, 1, '', 267, 2, 3, '2016-11-09 10:17:32'),
(1798, 14, '', 267, 2, 3, '2016-11-09 10:17:32'),
(1799, 26, '', 267, 2, 3, '2016-11-09 10:17:32'),
(1800, 27, '', 267, 2, 3, '2016-11-09 10:17:32'),
(1801, 31, '', 267, 2, 3, '2016-11-09 10:17:32'),
(1802, 33, '', 267, 2, 3, '2016-11-09 10:17:33'),
(1803, 34, '', 267, 2, 3, '2016-11-09 10:17:33'),
(1804, 36, '', 267, 2, 3, '2016-11-09 10:17:33'),
(1805, 39, '', 267, 2, 3, '2016-11-09 10:17:33'),
(1806, 42, '', 267, 2, 3, '2016-11-09 10:17:33'),
(1807, 44, '', 267, 2, 3, '2016-11-09 10:17:33'),
(1808, 1, '', 268, 2, 3, '2016-11-09 10:17:48'),
(1809, 14, '', 268, 2, 3, '2016-11-09 10:17:48'),
(1810, 26, '', 268, 2, 3, '2016-11-09 10:17:48'),
(1811, 27, '', 268, 2, 3, '2016-11-09 10:17:49'),
(1812, 31, '', 268, 2, 3, '2016-11-09 10:17:49'),
(1813, 33, '', 268, 2, 3, '2016-11-09 10:17:49'),
(1814, 34, '', 268, 2, 3, '2016-11-09 10:17:49'),
(1815, 36, '', 268, 2, 3, '2016-11-09 10:17:49'),
(1816, 39, '', 268, 2, 3, '2016-11-09 10:17:49'),
(1817, 42, '', 268, 2, 3, '2016-11-09 10:17:49'),
(1818, 44, '', 268, 2, 3, '2016-11-09 10:17:49'),
(1819, 1, '', 269, 2, 2, '2016-11-09 10:37:50'),
(1820, 14, '', 269, 2, 2, '2016-11-09 10:37:50'),
(1821, 26, '', 269, 2, 2, '2016-11-09 10:37:50'),
(1822, 27, '', 269, 2, 2, '2016-11-09 10:37:51'),
(1823, 33, '', 269, 2, 2, '2016-11-09 10:37:51'),
(1824, 34, '', 269, 2, 2, '2016-11-09 10:37:51'),
(1825, 36, '', 269, 2, 2, '2016-11-09 10:37:51'),
(1826, 39, '', 269, 2, 2, '2016-11-09 10:37:51'),
(1827, 44, '', 269, 2, 2, '2016-11-09 10:37:51'),
(1828, 42, '', 269, 2, 2, '2016-11-09 10:37:51'),
(1829, 1, '', 270, 2, 2, '2016-11-09 10:40:22'),
(1830, 14, '', 270, 2, 2, '2016-11-09 10:40:22'),
(1831, 26, '', 270, 2, 2, '2016-11-09 10:40:22'),
(1832, 27, '', 270, 2, 2, '2016-11-09 10:40:22'),
(1833, 31, '', 270, 2, 2, '2016-11-09 10:40:22'),
(1834, 33, '', 270, 2, 2, '2016-11-09 10:40:22'),
(1835, 34, '', 270, 2, 2, '2016-11-09 10:40:22'),
(1836, 36, '', 270, 2, 2, '2016-11-09 10:40:23'),
(1837, 39, '', 270, 2, 2, '2016-11-09 10:40:23'),
(1838, 44, '', 270, 2, 2, '2016-11-09 10:40:23'),
(1839, 42, '', 270, 2, 2, '2016-11-09 10:40:23'),
(1840, 58, '', 271, 2, 3, '2016-11-10 06:11:31'),
(1841, 61, '', 271, 2, 3, '2016-11-10 06:11:31'),
(1842, 64, '', 271, 2, 3, '2016-11-10 06:11:31'),
(1843, 65, '', 271, 2, 3, '2016-11-10 06:11:32'),
(1844, 66, '', 271, 2, 3, '2016-11-10 06:11:32'),
(1845, 69, '', 271, 2, 3, '2016-11-10 06:11:32'),
(1846, 73, '', 271, 2, 3, '2016-11-10 06:11:32'),
(1847, 75, '', 271, 2, 3, '2016-11-10 06:11:32'),
(1848, 76, '', 271, 2, 3, '2016-11-10 06:11:32'),
(1849, 95, '', 271, 2, 3, '2016-11-10 06:11:32'),
(1850, 101, '', 271, 2, 3, '2016-11-10 06:11:32'),
(1851, 115, '', 271, 2, 3, '2016-11-10 06:11:33'),
(1852, 117, '', 271, 2, 3, '2016-11-10 06:11:33'),
(1853, 121, '', 271, 2, 3, '2016-11-10 06:11:33'),
(1854, 122, '', 271, 2, 3, '2016-11-10 06:11:33'),
(1855, 123, '', 271, 2, 3, '2016-11-10 06:11:33'),
(1856, 58, '', 272, 2, 3, '2016-11-10 06:11:51'),
(1857, 61, '', 272, 2, 3, '2016-11-10 06:11:51'),
(1858, 64, '', 272, 2, 3, '2016-11-10 06:11:51'),
(1859, 65, '', 272, 2, 3, '2016-11-10 06:11:52'),
(1860, 66, '', 272, 2, 3, '2016-11-10 06:11:52'),
(1861, 69, '', 272, 2, 3, '2016-11-10 06:11:52'),
(1862, 73, '', 272, 2, 3, '2016-11-10 06:11:52'),
(1863, 75, '', 272, 2, 3, '2016-11-10 06:11:52'),
(1864, 76, '', 272, 2, 3, '2016-11-10 06:11:52'),
(1865, 101, '', 272, 2, 3, '2016-11-10 06:11:52'),
(1866, 112, '', 272, 2, 3, '2016-11-10 06:11:52'),
(1867, 115, '', 272, 2, 3, '2016-11-10 06:11:52'),
(1868, 117, '', 272, 2, 3, '2016-11-10 06:11:53'),
(1869, 121, '', 272, 2, 3, '2016-11-10 06:11:53'),
(1870, 122, '', 272, 2, 3, '2016-11-10 06:11:53'),
(1871, 123, '', 272, 2, 3, '2016-11-10 06:11:53'),
(1872, 1, '', 276, 2, 2, '2016-11-10 07:25:25'),
(1873, 27, '', 276, 2, 2, '2016-11-10 07:25:26'),
(1874, 26, '', 276, 2, 2, '2016-11-10 07:25:26'),
(1875, 33, '', 276, 2, 2, '2016-11-10 07:25:26'),
(1876, 34, '', 276, 2, 2, '2016-11-10 07:25:26'),
(1877, 36, '', 276, 2, 2, '2016-11-10 07:25:26'),
(1878, 39, '', 276, 2, 2, '2016-11-10 07:25:26'),
(1879, 44, '', 276, 2, 2, '2016-11-10 07:25:26'),
(1880, 42, '', 276, 2, 2, '2016-11-10 07:25:26'),
(1881, 27, '', 276, 2, 2, '2016-11-10 07:25:27'),
(1882, 1, '', 277, 2, 3, '2016-11-10 07:26:38'),
(1883, 14, '', 277, 2, 3, '2016-11-10 07:26:38'),
(1884, 26, '', 277, 2, 3, '2016-11-10 07:26:38'),
(1885, 27, '', 277, 2, 3, '2016-11-10 07:26:38'),
(1886, 33, '', 277, 2, 3, '2016-11-10 07:26:39'),
(1887, 34, '', 277, 2, 3, '2016-11-10 07:26:39'),
(1888, 36, '', 277, 2, 3, '2016-11-10 07:26:39'),
(1889, 39, '', 277, 2, 3, '2016-11-10 07:26:39'),
(1890, 42, '', 277, 2, 3, '2016-11-10 07:26:39'),
(1891, 44, '', 277, 2, 3, '2016-11-10 07:26:39'),
(1892, 31, '', 278, 2, 2, '2016-11-10 07:53:16'),
(1893, 7, '', 278, 2, 2, '2016-11-10 07:53:16'),
(1894, 7, '', 279, 2, 2, '2016-11-10 11:43:40'),
(1895, 7, '', 280, 2, 2, '2016-11-10 13:23:13'),
(1896, 5, '', 281, 2, 2, '2016-11-10 14:23:38'),
(1897, 1, '', 282, 2, 3, '2016-11-10 14:24:30'),
(1898, 26, '', 282, 2, 3, '2016-11-10 14:24:31'),
(1899, 27, '', 282, 2, 3, '2016-11-10 14:24:31'),
(1900, 33, '', 282, 2, 3, '2016-11-10 14:24:31'),
(1901, 34, '', 282, 2, 3, '2016-11-10 14:24:31'),
(1902, 36, '', 282, 2, 3, '2016-11-10 14:24:31'),
(1903, 39, '', 282, 2, 3, '2016-11-10 14:24:31'),
(1904, 42, '', 282, 2, 3, '2016-11-10 14:24:31'),
(1905, 44, '', 282, 2, 3, '2016-11-10 14:24:31'),
(1906, 1, '', 283, 2, 3, '2016-11-10 14:25:07'),
(1907, 14, '', 283, 2, 3, '2016-11-10 14:25:07'),
(1908, 26, '', 283, 2, 3, '2016-11-10 14:25:07'),
(1909, 27, '', 283, 2, 3, '2016-11-10 14:25:08'),
(1910, 31, '', 283, 2, 3, '2016-11-10 14:25:08'),
(1911, 33, '', 283, 2, 3, '2016-11-10 14:25:08'),
(1912, 34, '', 283, 2, 3, '2016-11-10 14:25:08'),
(1913, 36, '', 283, 2, 3, '2016-11-10 14:25:08'),
(1914, 39, '', 283, 2, 3, '2016-11-10 14:25:08'),
(1915, 42, '', 283, 2, 3, '2016-11-10 14:25:08'),
(1916, 44, '', 283, 2, 3, '2016-11-10 14:25:08'),
(1917, 1, '', 285, 2, 2, '2016-11-11 12:07:56'),
(1918, 26, '', 285, 2, 2, '2016-11-11 12:07:56'),
(1919, 27, '', 285, 2, 2, '2016-11-11 12:07:56'),
(1920, 33, '', 285, 2, 2, '2016-11-11 12:07:56'),
(1921, 34, '', 285, 2, 2, '2016-11-11 12:07:57'),
(1922, 36, '', 285, 2, 2, '2016-11-11 12:07:57'),
(1923, 39, '', 285, 2, 2, '2016-11-11 12:07:57'),
(1924, 44, '', 285, 2, 2, '2016-11-11 12:07:57'),
(1925, 42, '', 285, 2, 2, '2016-11-11 12:07:57'),
(1926, 1, '', 286, 2, 2, '2016-11-11 12:09:21'),
(1927, 33, '', 286, 2, 2, '2016-11-11 12:09:21'),
(1928, 34, '', 286, 2, 2, '2016-11-11 12:09:21'),
(1929, 39, '', 286, 2, 2, '2016-11-11 12:09:21'),
(1930, 27, '', 286, 2, 2, '2016-11-11 12:09:21'),
(1931, 36, '', 286, 2, 2, '2016-11-11 12:09:22'),
(1932, 42, '', 286, 2, 2, '2016-11-11 12:09:22'),
(1933, 44, '', 286, 2, 2, '2016-11-11 12:09:22'),
(1934, 14, '', 286, 2, 2, '2016-11-11 12:09:22'),
(1935, 7, '', 287, 2, 1, '2016-11-11 12:11:02'),
(1936, 25, '', 287, 2, 1, '2016-11-11 12:11:03'),
(1937, 43, '', 287, 2, 1, '2016-11-11 12:11:03'),
(1938, 7, '', 288, 2, 1, '2016-11-11 12:11:20'),
(1939, 25, '', 288, 2, 1, '2016-11-11 12:11:21'),
(1940, 43, '', 288, 2, 1, '2016-11-11 12:11:21'),
(1941, 7, '', 289, 2, 1, '2016-11-11 12:11:36'),
(1942, 25, '', 289, 2, 1, '2016-11-11 12:11:37'),
(1943, 43, '', 289, 2, 1, '2016-11-11 12:11:37'),
(1944, 7, '', 290, 2, 1, '2016-11-11 12:11:56'),
(1945, 25, '', 290, 2, 1, '2016-11-11 12:11:56'),
(1946, 43, '', 290, 2, 1, '2016-11-11 12:11:56'),
(1947, 1, '', 291, 2, 3, '2016-11-11 15:28:09'),
(1948, 26, '', 291, 2, 3, '2016-11-11 15:28:09'),
(1949, 27, '', 291, 2, 3, '2016-11-11 15:28:09'),
(1950, 33, '', 291, 2, 3, '2016-11-11 15:28:09'),
(1951, 34, '', 291, 2, 3, '2016-11-11 15:28:09'),
(1952, 36, '', 291, 2, 3, '2016-11-11 15:28:09'),
(1953, 39, '', 291, 2, 3, '2016-11-11 15:28:10'),
(1954, 42, '', 291, 2, 3, '2016-11-11 15:28:10'),
(1955, 44, '', 291, 2, 3, '2016-11-11 15:28:10'),
(1956, 31, '', 292, 2, 2, '2016-11-11 15:28:57'),
(1957, 1, '', 293, 2, 3, '2016-11-11 21:45:53'),
(1958, 14, '', 293, 2, 3, '2016-11-11 21:45:53'),
(1959, 27, '', 293, 2, 3, '2016-11-11 21:45:53'),
(1960, 33, '', 293, 2, 3, '2016-11-11 21:45:53'),
(1961, 34, '', 293, 2, 3, '2016-11-11 21:45:53'),
(1962, 36, '', 293, 2, 3, '2016-11-11 21:45:53'),
(1963, 39, '', 293, 2, 3, '2016-11-11 21:45:54'),
(1964, 42, '', 293, 2, 3, '2016-11-11 21:45:54'),
(1965, 44, '', 293, 2, 3, '2016-11-11 21:45:54'),
(1966, 58, '', 294, 2, 2, '2016-11-11 22:06:21'),
(1967, 41, '', 294, 2, 2, '2016-11-11 22:06:21'),
(1968, 75, '', 294, 2, 2, '2016-11-11 22:06:21'),
(1969, 68, '', 295, 2, 2, '2016-11-12 05:12:59'),
(1970, 74, '', 295, 2, 2, '2016-11-12 05:12:59'),
(1971, 41, '', 295, 2, 2, '2016-11-12 05:12:59'),
(1972, 80, '', 295, 2, 2, '2016-11-12 05:12:59'),
(1973, 61, '', 295, 2, 2, '2016-11-12 05:12:59'),
(1974, 7, '', 296, 2, 2, '2016-11-12 22:18:07'),
(1975, 1, '', 297, 2, 2, '2016-11-13 07:54:40'),
(1976, 14, '', 297, 2, 2, '2016-11-13 07:54:40'),
(1977, 26, '', 297, 2, 2, '2016-11-13 07:54:41'),
(1978, 27, '', 297, 2, 2, '2016-11-13 07:54:41'),
(1979, 31, '', 297, 2, 2, '2016-11-13 07:54:41'),
(1980, 33, '', 297, 2, 2, '2016-11-13 07:54:41'),
(1981, 34, '', 297, 2, 2, '2016-11-13 07:54:41'),
(1982, 36, '', 297, 2, 2, '2016-11-13 07:54:41'),
(1983, 39, '', 297, 2, 2, '2016-11-13 07:54:41'),
(1984, 44, '', 297, 2, 2, '2016-11-13 07:54:41'),
(1985, 42, '', 297, 2, 2, '2016-11-13 07:54:41'),
(1986, 7, '', 297, 2, 2, '2016-11-13 07:54:42'),
(1987, 7, '', 298, 2, 1, '2016-11-14 08:45:39'),
(1988, 25, '', 298, 2, 1, '2016-11-14 08:45:39'),
(1989, 43, '', 298, 2, 1, '2016-11-14 08:45:39'),
(1990, 27, '', 299, 2, 1, '2016-11-14 09:46:19'),
(1991, 1, '', 300, 2, 3, '2016-11-14 09:51:02'),
(1992, 14, '', 300, 2, 3, '2016-11-14 09:51:02'),
(1993, 26, '', 300, 2, 3, '2016-11-14 09:51:02'),
(1994, 27, '', 300, 2, 3, '2016-11-14 09:51:02'),
(1995, 31, '', 300, 2, 3, '2016-11-14 09:51:02'),
(1996, 33, '', 300, 2, 3, '2016-11-14 09:51:02'),
(1997, 34, '', 300, 2, 3, '2016-11-14 09:51:02'),
(1998, 36, '', 300, 2, 3, '2016-11-14 09:51:02'),
(1999, 39, '', 300, 2, 3, '2016-11-14 09:51:02'),
(2000, 42, '', 300, 2, 3, '2016-11-14 09:51:03'),
(2001, 44, '', 300, 2, 3, '2016-11-14 09:51:03'),
(2002, 24, '', 301, 2, 2, '2016-11-14 10:05:10'),
(2003, 132, '', 301, 2, 2, '2016-11-14 10:05:10'),
(2004, 41, '', 302, 2, 1, '2016-11-14 10:41:02'),
(2005, 80, '', 302, 2, 1, '2016-11-14 10:41:02'),
(2006, 7, '', 303, 2, 1, '2016-11-14 13:10:36'),
(2007, 68, '', 303, 2, 1, '2016-11-14 13:10:36'),
(2008, 7, '', 304, 2, 2, '2016-11-14 13:21:15'),
(2009, 7, '', 305, 2, 2, '2016-11-14 13:21:33'),
(2010, 1, '', 308, 2, 3, '2016-11-14 15:45:31'),
(2011, 14, '', 308, 2, 3, '2016-11-14 15:45:31'),
(2012, 26, '', 308, 2, 3, '2016-11-14 15:45:31'),
(2013, 27, '', 308, 2, 3, '2016-11-14 15:45:31'),
(2014, 33, '', 308, 2, 3, '2016-11-14 15:45:31'),
(2015, 34, '', 308, 2, 3, '2016-11-14 15:45:31'),
(2016, 36, '', 308, 2, 3, '2016-11-14 15:45:31'),
(2017, 39, '', 308, 2, 3, '2016-11-14 15:45:31'),
(2018, 42, '', 308, 2, 3, '2016-11-14 15:45:31'),
(2019, 44, '', 308, 2, 3, '2016-11-14 15:45:32'),
(2020, 7, '', 309, 2, 1, '2016-11-15 09:50:32'),
(2021, 58, '', 310, 2, 2, '2016-11-15 10:36:56'),
(2022, 65, '', 310, 2, 2, '2016-11-15 10:36:56'),
(2023, 1, '', 311, 2, 2, '2016-11-15 14:09:54'),
(2024, 14, '', 311, 2, 2, '2016-11-15 14:09:54'),
(2025, 26, '', 311, 2, 2, '2016-11-15 14:09:54'),
(2026, 27, '', 311, 2, 2, '2016-11-15 14:09:54'),
(2027, 31, '', 311, 2, 2, '2016-11-15 14:09:54'),
(2028, 33, '', 311, 2, 2, '2016-11-15 14:09:54'),
(2029, 34, '', 311, 2, 2, '2016-11-15 14:09:54'),
(2030, 36, '', 311, 2, 2, '2016-11-15 14:09:54'),
(2031, 39, '', 311, 2, 2, '2016-11-15 14:09:55'),
(2032, 44, '', 311, 2, 2, '2016-11-15 14:09:55'),
(2033, 42, '', 311, 2, 2, '2016-11-15 14:09:55'),
(2034, 1, '', 312, 2, 2, '2016-11-15 14:12:09'),
(2035, 14, '', 312, 2, 2, '2016-11-15 14:12:09'),
(2036, 26, '', 312, 2, 2, '2016-11-15 14:12:09'),
(2037, 27, '', 312, 2, 2, '2016-11-15 14:12:09'),
(2038, 31, '', 312, 2, 2, '2016-11-15 14:12:09'),
(2039, 33, '', 312, 2, 2, '2016-11-15 14:12:09'),
(2040, 34, '', 312, 2, 2, '2016-11-15 14:12:09'),
(2041, 36, '', 312, 2, 2, '2016-11-15 14:12:10'),
(2042, 39, '', 312, 2, 2, '2016-11-15 14:12:10'),
(2043, 44, '', 312, 2, 2, '2016-11-15 14:12:10'),
(2044, 42, '', 312, 2, 2, '2016-11-15 14:12:10'),
(2045, 4, '', 313, 2, 2, '2016-11-15 15:03:07'),
(2046, 58, '', 313, 2, 2, '2016-11-15 15:03:07'),
(2047, 61, '', 313, 2, 2, '2016-11-15 15:03:07'),
(2048, 76, '', 313, 2, 2, '2016-11-15 15:03:07'),
(2049, 121, '', 313, 2, 2, '2016-11-15 15:03:07'),
(2050, 117, '', 313, 2, 2, '2016-11-15 15:03:07'),
(2051, 122, '', 313, 2, 2, '2016-11-15 15:03:07'),
(2052, 101, '', 313, 2, 2, '2016-11-15 15:03:08'),
(2053, 123, '', 313, 2, 2, '2016-11-15 15:03:08'),
(2054, 64, '', 313, 2, 2, '2016-11-15 15:03:08'),
(2055, 115, '', 313, 2, 2, '2016-11-15 15:03:08'),
(2056, 66, '', 313, 2, 2, '2016-11-15 15:03:08'),
(2057, 112, '', 313, 2, 2, '2016-11-15 15:03:08'),
(2058, 69, '', 313, 2, 2, '2016-11-15 15:03:08'),
(2059, 65, '', 313, 2, 2, '2016-11-15 15:03:08'),
(2060, 73, '', 313, 2, 2, '2016-11-15 15:03:08'),
(2061, 75, '', 313, 2, 2, '2016-11-15 15:03:09'),
(2062, 4, '', 314, 2, 2, '2016-11-15 15:06:53'),
(2063, 61, '', 314, 2, 2, '2016-11-15 15:06:53'),
(2064, 76, '', 314, 2, 2, '2016-11-15 15:06:53'),
(2065, 121, '', 314, 2, 2, '2016-11-15 15:06:53'),
(2066, 117, '', 314, 2, 2, '2016-11-15 15:06:53'),
(2067, 122, '', 314, 2, 2, '2016-11-15 15:06:53'),
(2068, 101, '', 314, 2, 2, '2016-11-15 15:06:53'),
(2069, 64, '', 314, 2, 2, '2016-11-15 15:06:54'),
(2070, 123, '', 314, 2, 2, '2016-11-15 15:06:54'),
(2071, 115, '', 314, 2, 2, '2016-11-15 15:06:54'),
(2072, 66, '', 314, 2, 2, '2016-11-15 15:06:54'),
(2073, 95, '', 314, 2, 2, '2016-11-15 15:06:54'),
(2074, 112, '', 314, 2, 2, '2016-11-15 15:06:54'),
(2075, 69, '', 314, 2, 2, '2016-11-15 15:06:54'),
(2076, 65, '', 314, 2, 2, '2016-11-15 15:06:54'),
(2077, 73, '', 314, 2, 2, '2016-11-15 15:06:54'),
(2078, 75, '', 314, 2, 2, '2016-11-15 15:06:55'),
(2079, 1, '', 315, 2, 3, '2016-11-16 07:20:03'),
(2080, 14, '', 315, 2, 3, '2016-11-16 07:20:03'),
(2081, 26, '', 315, 2, 3, '2016-11-16 07:20:03'),
(2082, 27, '', 315, 2, 3, '2016-11-16 07:20:03'),
(2083, 31, '', 315, 2, 3, '2016-11-16 07:20:03'),
(2084, 33, '', 315, 2, 3, '2016-11-16 07:20:03'),
(2085, 34, '', 315, 2, 3, '2016-11-16 07:20:03'),
(2086, 36, '', 315, 2, 3, '2016-11-16 07:20:04'),
(2087, 39, '', 315, 2, 3, '2016-11-16 07:20:04'),
(2088, 42, '', 315, 2, 3, '2016-11-16 07:20:04'),
(2089, 44, '', 315, 2, 3, '2016-11-16 07:20:04'),
(2090, 1, '', 316, 2, 3, '2016-11-16 07:20:38'),
(2091, 14, '', 316, 2, 3, '2016-11-16 07:20:38'),
(2092, 26, '', 316, 2, 3, '2016-11-16 07:20:38'),
(2093, 27, '', 316, 2, 3, '2016-11-16 07:20:38'),
(2094, 31, '', 316, 2, 3, '2016-11-16 07:20:39'),
(2095, 33, '', 316, 2, 3, '2016-11-16 07:20:39'),
(2096, 34, '', 316, 2, 3, '2016-11-16 07:20:39'),
(2097, 36, '', 316, 2, 3, '2016-11-16 07:20:39'),
(2098, 39, '', 316, 2, 3, '2016-11-16 07:20:39'),
(2099, 42, '', 316, 2, 3, '2016-11-16 07:20:39'),
(2100, 44, '', 316, 2, 3, '2016-11-16 07:20:39'),
(2101, 4, '', 317, 2, 3, '2016-11-16 07:24:43'),
(2102, 61, '', 317, 2, 3, '2016-11-16 07:24:44'),
(2103, 64, '', 317, 2, 3, '2016-11-16 07:24:44'),
(2104, 65, '', 317, 2, 3, '2016-11-16 07:24:44'),
(2105, 66, '', 317, 2, 3, '2016-11-16 07:24:44'),
(2106, 69, '', 317, 2, 3, '2016-11-16 07:24:44'),
(2107, 73, '', 317, 2, 3, '2016-11-16 07:24:44');
INSERT INTO `product_details` (`id`, `product_id`, `sn`, `arrival_id`, `storage_id`, `product_status_id`, `product_status_change_datetime`) VALUES
(2108, 75, '', 317, 2, 3, '2016-11-16 07:24:44'),
(2109, 76, '', 317, 2, 3, '2016-11-16 07:24:44'),
(2110, 95, '', 317, 2, 3, '2016-11-16 07:24:44'),
(2111, 101, '', 317, 2, 3, '2016-11-16 07:24:45'),
(2112, 112, '', 317, 2, 3, '2016-11-16 07:24:45'),
(2113, 115, '', 317, 2, 3, '2016-11-16 07:24:45'),
(2114, 117, '', 317, 2, 3, '2016-11-16 07:24:45'),
(2115, 121, '', 317, 2, 3, '2016-11-16 07:24:45'),
(2116, 122, '', 317, 2, 3, '2016-11-16 07:24:45'),
(2117, 123, '', 317, 2, 3, '2016-11-16 07:24:45'),
(2118, 1, '', 318, 2, 2, '2016-11-16 08:04:49'),
(2119, 14, '', 318, 2, 2, '2016-11-16 08:04:49'),
(2120, 26, '', 318, 2, 2, '2016-11-16 08:04:49'),
(2121, 27, '', 318, 2, 2, '2016-11-16 08:04:49'),
(2122, 31, '', 318, 2, 2, '2016-11-16 08:04:49'),
(2123, 33, '', 318, 2, 2, '2016-11-16 08:04:50'),
(2124, 34, '', 318, 2, 2, '2016-11-16 08:04:50'),
(2125, 36, '', 318, 2, 2, '2016-11-16 08:04:50'),
(2126, 39, '', 318, 2, 2, '2016-11-16 08:04:50'),
(2127, 44, '', 318, 2, 2, '2016-11-16 08:04:50'),
(2128, 42, '', 318, 2, 2, '2016-11-16 08:04:50'),
(2129, 1, '', 319, 2, 2, '2016-11-16 08:11:58'),
(2130, 14, '', 319, 2, 2, '2016-11-16 08:11:58'),
(2131, 26, '', 319, 2, 2, '2016-11-16 08:11:58'),
(2132, 27, '', 319, 2, 2, '2016-11-16 08:11:59'),
(2133, 31, '', 319, 2, 2, '2016-11-16 08:11:59'),
(2134, 33, '', 319, 2, 2, '2016-11-16 08:11:59'),
(2135, 34, '', 319, 2, 2, '2016-11-16 08:11:59'),
(2136, 36, '', 319, 2, 2, '2016-11-16 08:11:59'),
(2137, 39, '', 319, 2, 2, '2016-11-16 08:11:59'),
(2138, 44, '', 319, 2, 2, '2016-11-16 08:11:59'),
(2139, 42, '', 319, 2, 2, '2016-11-16 08:11:59'),
(2140, 92, '', 320, 2, 2, '2016-11-16 09:23:03'),
(2141, 7, '', 322, 2, 2, '2016-11-16 13:09:42'),
(2142, 58, '', 323, 2, 3, '2016-11-16 13:16:20'),
(2143, 61, '', 323, 2, 3, '2016-11-16 13:16:20'),
(2144, 64, '', 323, 2, 3, '2016-11-16 13:16:20'),
(2145, 65, '', 323, 2, 3, '2016-11-16 13:16:20'),
(2146, 66, '', 323, 2, 3, '2016-11-16 13:16:20'),
(2147, 69, '', 323, 2, 3, '2016-11-16 13:16:20'),
(2148, 73, '', 323, 2, 3, '2016-11-16 13:16:20'),
(2149, 75, '', 323, 2, 3, '2016-11-16 13:16:21'),
(2150, 76, '', 323, 2, 3, '2016-11-16 13:16:21'),
(2151, 101, '', 323, 2, 3, '2016-11-16 13:16:21'),
(2152, 112, '', 323, 2, 3, '2016-11-16 13:16:21'),
(2153, 115, '', 323, 2, 3, '2016-11-16 13:16:21'),
(2154, 117, '', 323, 2, 3, '2016-11-16 13:16:21'),
(2155, 121, '', 323, 2, 3, '2016-11-16 13:16:21'),
(2156, 122, '', 323, 2, 3, '2016-11-16 13:16:21'),
(2157, 123, '', 323, 2, 3, '2016-11-16 13:16:21'),
(2158, 1, '', 324, 2, 3, '2016-11-16 14:25:44'),
(2159, 14, '', 324, 2, 3, '2016-11-16 14:25:44'),
(2160, 26, '', 324, 2, 3, '2016-11-16 14:25:44'),
(2161, 27, '', 324, 2, 3, '2016-11-16 14:25:44'),
(2162, 31, '', 324, 2, 3, '2016-11-16 14:25:44'),
(2163, 33, '', 324, 2, 3, '2016-11-16 14:25:44'),
(2164, 34, '', 324, 2, 3, '2016-11-16 14:25:44'),
(2165, 36, '', 324, 2, 3, '2016-11-16 14:25:45'),
(2166, 39, '', 324, 2, 3, '2016-11-16 14:25:45'),
(2167, 42, '', 324, 2, 3, '2016-11-16 14:25:45'),
(2168, 44, '', 324, 2, 3, '2016-11-16 14:25:45'),
(2169, 1, '', 325, 2, 3, '2016-11-16 14:40:34'),
(2170, 14, '', 325, 2, 3, '2016-11-16 14:40:34'),
(2171, 26, '', 325, 2, 3, '2016-11-16 14:40:34'),
(2172, 27, '', 325, 2, 3, '2016-11-16 14:40:34'),
(2173, 31, '', 325, 2, 3, '2016-11-16 14:40:34'),
(2174, 33, '', 325, 2, 3, '2016-11-16 14:40:35'),
(2175, 34, '', 325, 2, 3, '2016-11-16 14:40:35'),
(2176, 36, '', 325, 2, 3, '2016-11-16 14:40:35'),
(2177, 39, '', 325, 2, 3, '2016-11-16 14:40:35'),
(2178, 42, '', 325, 2, 3, '2016-11-16 14:40:35'),
(2179, 44, '', 325, 2, 3, '2016-11-16 14:40:35'),
(2180, 1, '', 326, 2, 2, '2016-11-16 14:43:31'),
(2181, 14, '', 326, 2, 2, '2016-11-16 14:43:31'),
(2182, 26, '', 326, 2, 2, '2016-11-16 14:43:31'),
(2183, 27, '', 326, 2, 2, '2016-11-16 14:43:31'),
(2184, 31, '', 326, 2, 2, '2016-11-16 14:43:31'),
(2185, 33, '', 326, 2, 2, '2016-11-16 14:43:32'),
(2186, 34, '', 326, 2, 2, '2016-11-16 14:43:32'),
(2187, 36, '', 326, 2, 2, '2016-11-16 14:43:32'),
(2188, 39, '', 326, 2, 2, '2016-11-16 14:43:32'),
(2189, 44, '', 326, 2, 2, '2016-11-16 14:43:32'),
(2190, 42, '', 326, 2, 2, '2016-11-16 14:43:32'),
(2191, 1, '', 327, 2, 2, '2016-11-16 14:45:25'),
(2192, 1, '', 327, 2, 2, '2016-11-16 14:45:25'),
(2193, 14, '', 327, 2, 2, '2016-11-16 14:45:26'),
(2194, 26, '', 327, 2, 2, '2016-11-16 14:45:26'),
(2195, 27, '', 327, 2, 2, '2016-11-16 14:45:26'),
(2196, 31, '', 327, 2, 2, '2016-11-16 14:45:26'),
(2197, 33, '', 327, 2, 2, '2016-11-16 14:45:26'),
(2198, 34, '', 327, 2, 2, '2016-11-16 14:45:26'),
(2199, 36, '', 327, 2, 2, '2016-11-16 14:45:26'),
(2200, 39, '', 327, 2, 2, '2016-11-16 14:45:26'),
(2201, 44, '', 327, 2, 2, '2016-11-16 14:45:27'),
(2202, 42, '', 327, 2, 2, '2016-11-16 14:45:27'),
(2203, 58, '', 328, 2, 2, '2016-11-16 14:58:27'),
(2204, 61, '', 328, 2, 2, '2016-11-16 14:58:27'),
(2205, 76, '', 328, 2, 2, '2016-11-16 14:58:27'),
(2206, 121, '', 328, 2, 2, '2016-11-16 14:58:27'),
(2207, 117, '', 328, 2, 2, '2016-11-16 14:58:28'),
(2208, 122, '', 328, 2, 2, '2016-11-16 14:58:28'),
(2209, 101, '', 328, 2, 2, '2016-11-16 14:58:28'),
(2210, 64, '', 328, 2, 2, '2016-11-16 14:58:28'),
(2211, 123, '', 328, 2, 2, '2016-11-16 14:58:28'),
(2212, 115, '', 328, 2, 2, '2016-11-16 14:58:28'),
(2213, 66, '', 328, 2, 2, '2016-11-16 14:58:28'),
(2214, 112, '', 328, 2, 2, '2016-11-16 14:58:28'),
(2215, 69, '', 328, 2, 2, '2016-11-16 14:58:28'),
(2216, 65, '', 328, 2, 2, '2016-11-16 14:58:29'),
(2217, 73, '', 328, 2, 2, '2016-11-16 14:58:29'),
(2218, 75, '', 328, 2, 2, '2016-11-16 14:58:29'),
(2219, 58, '', 329, 2, 2, '2016-11-16 15:02:26'),
(2220, 61, '', 329, 2, 2, '2016-11-16 15:02:26'),
(2221, 76, '', 329, 2, 2, '2016-11-16 15:02:26'),
(2222, 121, '', 329, 2, 2, '2016-11-16 15:02:26'),
(2223, 117, '', 329, 2, 2, '2016-11-16 15:02:26'),
(2224, 122, '', 329, 2, 2, '2016-11-16 15:02:26'),
(2225, 101, '', 329, 2, 2, '2016-11-16 15:02:26'),
(2226, 64, '', 329, 2, 2, '2016-11-16 15:02:27'),
(2227, 123, '', 329, 2, 2, '2016-11-16 15:02:27'),
(2228, 115, '', 329, 2, 2, '2016-11-16 15:02:27'),
(2229, 66, '', 329, 2, 2, '2016-11-16 15:02:27'),
(2230, 95, '', 329, 2, 2, '2016-11-16 15:02:27'),
(2231, 112, '', 329, 2, 2, '2016-11-16 15:02:27'),
(2232, 69, '', 329, 2, 2, '2016-11-16 15:02:27'),
(2233, 65, '', 329, 2, 2, '2016-11-16 15:02:27'),
(2234, 73, '', 329, 2, 2, '2016-11-16 15:02:27'),
(2235, 75, '', 329, 2, 2, '2016-11-16 15:02:28');

-- --------------------------------------------------------

--
-- Struktura tabeli dla tabeli `product_status`
--

CREATE TABLE IF NOT EXISTS `product_status` (
  `id` int(11) NOT NULL AUTO_INCREMENT,
  `name` varchar(255) COLLATE latin2_bin NOT NULL,
  PRIMARY KEY (`id`)
) ENGINE=InnoDB  DEFAULT CHARSET=latin2 COLLATE=latin2_bin AUTO_INCREMENT=5 ;

--
-- Zrzut danych tabeli `product_status`
--

INSERT INTO `product_status` (`id`, `name`) VALUES
(1, 'Zatwierdzono na magazyn'),
(2, 'Wydano z magazynu'),
(3, 'Zwrcono na magazyn'),
(4, 'W serwisie Mennicy');

-- --------------------------------------------------------

--
-- Struktura tabeli dla tabeli `products`
--

CREATE TABLE IF NOT EXISTS `products` (
  `id` int(11) NOT NULL AUTO_INCREMENT,
  `name` varchar(255) COLLATE latin2_bin NOT NULL,
  `automat_type` varchar(255) COLLATE latin2_bin NOT NULL,
  `sn_required` varchar(255) COLLATE latin2_bin NOT NULL,
  `is_active` enum('0','1') COLLATE latin2_bin NOT NULL DEFAULT '1',
  PRIMARY KEY (`id`)
) ENGINE=InnoDB  DEFAULT CHARSET=latin2 COLLATE=latin2_bin AUTO_INCREMENT=133 ;

--
-- Zrzut danych tabeli `products`
--

INSERT INTO `products` (`id`, `name`, `automat_type`, `sn_required`, `is_active`) VALUES
(1, 'akceptor ( wlot )', 'stacjonarny - SB', '', '1'),
(2, 'antena coin box', 'stacjonarny - SB', '', '1'),
(3, 'antena mifare', 'stacjonarny - SB', '', '1'),
(4, 'Artema (mobilna)', 'mobilny - BM 101', '', '1'),
(5, 'Artema (stacjonarna)', 'stacjonarny - SB', '', '1'),
(6, 'Battery Pack', 'stacjonarny - SB', '', '1'),
(7, 'BNA', 'stacjonarny - SB', '', '1'),
(8, 'CM 0,1 z', 'stacjonarny - SB', '', '1'),
(9, 'CM 0,2 z', 'stacjonarny - SB', '', '1'),
(10, 'CM 0,5 z', 'stacjonarny - SB', '', '1'),
(11, 'CM 1,0 z', 'stacjonarny - SB', '', '1'),
(12, 'CM 2,0 z', 'stacjonarny - SB', '', '1'),
(13, 'CM 5,0 z', 'stacjonarny - SB', '', '1'),
(14, 'CR (manualny)', 'stacjonarny - SB', '', '1'),
(15, 'CR automatyczny', 'stacjonarny - SB', '', '1'),
(16, 'Czujnik zmierzchowy', 'stacjonarny - SB', '', '1'),
(17, 'drukarka (Thino)', 'stacjonarny - SB', '', '1'),
(18, 'HDD', 'stacjonarny - SB', '', '1'),
(19, 'Hopper (0,1)', 'stacjonarny - SB', '', '1'),
(20, 'Hopper (1,0)', 'stacjonarny - SB', '', '1'),
(21, 'Hopper (5,0)', 'stacjonarny - SB', '', '1'),
(22, 'karta flash', 'stacjonarny - SB', '', '1'),
(23, 'Karta SAM zestaw patniczy', 'stacjonarny - SB', '', '1'),
(24, 'karta SAM mifare', 'stacjonarny - SB', '', '1'),
(25, 'Wywietlacz LCD 15 cali', 'stacjonarny - SB', '', '1'),
(26, 'mifare', 'stacjonarny - SB', '', '1'),
(27, 'modem', 'stacjonarny - SB', '', '1'),
(28, 'Nagrzewnica', 'stacjonarny - SB', '', '1'),
(29, 'panel wewntrzny', 'stacjonarny - SB', '', '1'),
(30, 'PC', 'stacjonarny - SB', '', '1'),
(31, 'pinpad', 'stacjonarny - SB', '', '1'),
(32, 'Pyta backplan', 'stacjonarny - SB', '', '1'),
(33, 'pyta pod CM', 'stacjonarny - SB', '', '1'),
(34, 'pyta za ACM', 'stacjonarny - SB', '', '1'),
(35, 'pytka do powerbox', 'stacjonarny - SB', '', '1'),
(36, 'przejciwka do modemu', 'stacjonarny - SB', '', '1'),
(37, 'przetwornica PCMDS60 24S12W', 'stacjonarny - SB', '', '1'),
(38, 'Router RUT500', 'stacjonarny - SB', '', '1'),
(39, 'sortownik', 'stacjonarny - SB', '', '1'),
(40, 'sterownik drukarki', 'stacjonarny - SB', '', '1'),
(41, 'VIVOpay Kiosk II', 'mobilny - BM 101', '', '1'),
(42, 'walidator (NRI)', 'stacjonarny - SB', '', '1'),
(43, 'Zasilacz', 'stacjonarny - SB', '', '1'),
(44, 'ZCGVA', 'stacjonarny - SB', '', '1'),
(45, 'Komputer AEON EMB-CV1-A11 Mini-ITX', 'stacjonarny - BS 201', '', '1'),
(46, 'PinPad', 'stacjonarny - BS 201', '', '1'),
(47, 'antena VIVO', 'stacjonarny - BS 201', '', '1'),
(48, 'Czytnik  artema  P167', 'stacjonarny - BS 201', '', '1'),
(49, 'Grzejnik z dmuchaw', 'stacjonarny - BS 201', '', '1'),
(50, 'Karuzela do automatu stacjonarnego', 'stacjonarny - BS 201', '', '1'),
(51, 'Artema (stacjonarna BS 201)', 'stacjonarny - BS 201', '', '1'),
(52, 'Bezpiecznik 20 A 250 V', 'stacjonarny - BS 201', '', '1'),
(53, 'Pakiet kontrolera karuzel', 'stacjonarny - BS 201', '', '0'),
(54, 'Pyta ZASILACZ-MAIN DO BS201', 'stacjonarny - BS 201', '', '1'),
(55, 'Przetwornica impulsowa DRA 240', 'stacjonarny - BS 201', '', '1'),
(56, 'Przetwornica impulsowa DR-120-24', 'stacjonarny - BS 201', '', '1'),
(57, 'pinpad', 'stacjonarny - BS 201', '', '0'),
(58, 'Akumulator 12V 2,3 Ah', 'mobilny - BM 101', '', '1'),
(59, 'Antena dwupasmowa GSM/GPS', 'mobilny - BM 101', '', '1'),
(60, 'Antena zblieniowa', 'mobilny - BM 101', '', '1'),
(61, 'CR manual mobilny', 'mobilny - BM 101', '', '1'),
(62, 'grzaka ', 'mobilny - BM 101', '', '1'),
(63, 'Interfejs IF9000 RS232 do drukarek termicznych SEIKO', 'mobilny - BM 101', '', '1'),
(64, 'kabel ZASILACZ - MAIN (4 yy)', 'mobilny - BM 101', '', '1'),
(65, 'Komputer PC 104 AMD GEODE 500 (EVOC:EC3-1641 CLDNA)', 'mobilny - BM 101', '', '1'),
(66, 'MAIN (WRDE 0141)', 'mobilny - BM 101', '', '1'),
(67, 'Mechanizm drukujcy SEIKO z obcinaczem', 'mobilny - BM 101', '', '1'),
(68, 'Nakadka dotykowa na ekran LCD 10 cali', 'mobilny - BM 101', '', '1'),
(69, 'opniacz', 'mobilny - BM 101', '', '1'),
(70, 'Spryna szyby', 'mobilny - BM 101', '', '1'),
(71, 'VIVOpay Kiosk II Controller', 'mobilny - BM 101', '', '1'),
(72, 'waek aluminiowy drukarki', 'mobilny - BM 101', '', '1'),
(73, 'Wentylator 12 v 50x50', 'mobilny - BM 101', '', '1'),
(74, 'Wywietlacz LCD 10 cali', 'mobilny - BM 101', '', '1'),
(75, 'Zasilacz (WRKP0135)', 'mobilny - BM 101', '', '1'),
(76, 'zesp drukarki do BM101 (stela, mechanizm druk., sterownik)', 'mobilny - BM 101', '', '1'),
(77, 'Zesp kieszeni wydawania biletu  (koszyk)', 'mobilny - BM 101', '', '1'),
(78, 'VIVOpay ANTENA', 'stacjonarny - BS 201', '', '1'),
(79, 'Kabel zasilania Artema VIVOpay AMKP0458-01', 'stacjonarny - BS 201', '', '1'),
(80, 'VIVOpay Kiosk II Antenna', 'mobilny - BM 101', '', '1'),
(81, 'Kontroler kieszeni wydawania i peryferii I/O', 'stacjonarny - BS 201', '', '1'),
(82, 'Pakiet czujnika antysabotaowego i otwarcia kieszeni i drzwi', 'stacjonarny - BS 201', '', '1'),
(83, 'Pytka elektroniki zasilacza - Main do BS201 (ASKP0187B)', 'stacjonarny - BS 201', '', '1'),
(84, 'Pytka elektroniki zasilacza - Main do BS201 (ASKP0187C) na dwa ekrany', 'stacjonarny - BS 201', '', '1'),
(85, 'Pakiet hoperw - pytka', 'stacjonarny - BS 201', '', '1'),
(86, 'Pakiet kontrolera toru monet i karuzel ASKP0261B', 'stacjonarny - BS 201', '', '1'),
(87, 'Pakiet kontrolera toru monet i karuzel ASKP0261C', 'stacjonarny - BS 201', '', '1'),
(88, 'Pakiet konwertera RS232-I2C z czujnikiem wstrzsw ASKP0265B', 'stacjonarny - BS 201', '', '1'),
(89, 'Pytka czujnika temperatury ASKP0266A', 'stacjonarny - BS 201', '', '1'),
(90, 'Kabel RS232 I2C pakiet', 'stacjonarny - BS 201', '', '1'),
(91, 'Kabel zasilajcy wentylator', 'mobilny - BM 101', '', '1'),
(92, 'Karta pamici CF 2GB', 'mobilny - BM 101', '', '1'),
(93, 'CR manualny (do BS 201)', 'stacjonarny - BS 201', '', '1'),
(94, 'Czytnik TAGw CTU-D5N z interfejsem J2C', 'stacjonarny - BS 201', '', '1'),
(95, 'Mechanika Elektronika i Kabel FAN', 'mobilny - BM 101', '', '1'),
(96, 'Hopper HPRO 2024 (1.603.42) regular belt', 'stacjonarny - BS 201', '', '1'),
(97, 'Przemysowy hub USB 2.0 4x EX-1163HM mocowany na szyn DIN 35', 'stacjonarny - BS 201', '', '1'),
(98, 'Kabel VIVOpay Kiosk II Antenna - VIVO Kiosk II Controller', 'mobilny - BM 101', '', '1'),
(99, 'Kabel Card Reader - Artema', 'stacjonarny - BS 201', '', '1'),
(100, 'Kabel PinPad - Artema', 'stacjonarny - BS 201', '', '1'),
(101, 'Kabel sygnaowy LVDS do wywietlacza 10cali uytego w BM102', 'mobilny - BM 101', '', '1'),
(102, 'Pakiet kontrolera drukarki Axiom (COMP2207-222/B lub C)', 'stacjonarny - BS 201', '', '1'),
(103, 'Walidator (NRI) (G13MFT-09V)', 'stacjonarny - BS 201', '', '1'),
(104, 'Kontroler matrycy LVDS z interfejsem DVI', 'stacjonarny - BS 201', '', '1'),
(105, 'Mechanizm drukujcy z obcinaczem Axiom o szerokoci 82,5 (MGTAES24)', 'stacjonarny - BS 201', '', '1'),
(106, 'Modem MC52i', 'stacjonarny - BS 201', '', '1'),
(107, 'Pakiet drukarki', 'mobilny - BM 101', '', '0'),
(108, 'Nakadka dotykowa na ekran LCD 15cali', 'stacjonarny - BS 201', '', '1'),
(109, 'Czujnik szczelinowy - optyczny HOA PCK6', 'stacjonarny - BS 201', '', '1'),
(110, 'Przetwornica 100-240V AC 24V DC 120W 5A - (uywana w zestawie testowym)', 'mobilny - BM 101', '', '1'),
(111, 'Pami RAM SO-DIMM DDR3 2GB 1066Mhz', 'stacjonarny - BS 201', '', '1'),
(112, 'Pakiet terminala kart zblieniowych w standardzie MIFARE (GAMMA SAMIF)', 'mobilny - BM 101', '', '1'),
(113, 'Pakiet terminala kart zblieniowych w standardzie MIFARE (GAMMA SAMIF2) Wersja 3', 'stacjonarny - BS 201', '', '1'),
(114, 'Czujnik TICKET OUT', 'stacjonarny - BS 201', '', '1'),
(115, 'Kabel ZASILACZ - PC', 'mobilny - BM 101', '', '1'),
(116, 'Kabel ARTEMA - VIVO', 'mobilny - BM 101', '', '1'),
(117, 'Kabel ZASILACZ - MIFARE', 'mobilny - BM 101', '', '1'),
(118, 'Kabel zasilania drukarki', 'mobilny - BM 101', '', '1'),
(119, 'Kabel sygnalizatora poziomu papieru', 'mobilny - BM 101', '', '1'),
(120, 'Kabel sterownik drukarki (niebieska wizka)', 'mobilny - BM 101', '', '1'),
(121, 'Tama do czytnika kart (CR - ARTEMA)', 'mobilny - BM 101', '', '1'),
(122, 'Kabel PC - DRUKARKA', 'mobilny - BM 101', '', '1'),
(123, 'Kabel ZASILACZ - MAIN (14pin)', 'mobilny - BM 101', '', '1'),
(124, 'Zamek ABLOY CL100N', 'mobilny - BM 101', '', '1'),
(125, 'Wywietlacz LCD 15 cali ', 'stacjonarny - BS 201', '', '1'),
(126, 'Kabel WALIDATOR - SORTOWNIK', 'stacjonarny - SB', '', '1'),
(127, 'Ustnik monet', 'stacjonarny - BS 201', '', '1'),
(128, 'Papier paragonowy', 'papier', '', '1'),
(129, 'Papier mobilny', 'papier', '', '1'),
(130, 'Papier stacjonarny', 'papier', '', '1'),
(131, 'Kabel zasilajcy nagrzewnic', 'stacjonarny - SB', '', '1'),
(132, 'Kabel zasilajcy Artema', 'stacjonarny - SB', '', '1');

-- --------------------------------------------------------

--
-- Struktura tabeli dla tabeli `service_request`
--

CREATE TABLE IF NOT EXISTS `service_request` (
  `id` int(11) NOT NULL AUTO_INCREMENT,
  `arrival_id` int(11) DEFAULT NULL,
  `product_id` int(11) NOT NULL,
  `sn` varchar(255) COLLATE latin2_bin NOT NULL,
  `quantity` int(11) NOT NULL,
  `storage_id` int(11) NOT NULL,
  `release_user_id` int(11) NOT NULL,
  `service_status_id` int(11) NOT NULL DEFAULT '1',
  `bus_number` varchar(255) COLLATE latin2_bin NOT NULL,
  `automat_number` varchar(255) COLLATE latin2_bin DEFAULT NULL,
  `change_status_datetime` datetime NOT NULL,
  PRIMARY KEY (`id`)
) ENGINE=InnoDB  DEFAULT CHARSET=latin2 COLLATE=latin2_bin AUTO_INCREMENT=3202 ;

--
-- Zrzut danych tabeli `service_request`
--

INSERT INTO `service_request` (`id`, `arrival_id`, `product_id`, `sn`, `quantity`, `storage_id`, `release_user_id`, `service_status_id`, `bus_number`, `automat_number`, `change_status_datetime`) VALUES
(1, 2, 7, '', 1, 2, 14, 1, '', NULL, '2016-10-03 11:33:17'),
(2, NULL, 7, '', -1, 2, 14, 2, '', '558', '2016-10-03 13:15:07'),
(3, 3, 7, '', 1, 2, 8, 1, '', NULL, '2016-10-04 11:37:50'),
(4, 4, 7, '', 1, 2, 10, 1, '', NULL, '2016-10-04 11:38:41'),
(5, 4, 25, '', 1, 2, 10, 1, '', NULL, '2016-10-04 11:38:41'),
(6, NULL, 25, '', -1, 2, 10, 3, '', '', '2016-10-04 14:54:52'),
(7, NULL, 7, '', -1, 2, 10, 3, '', '', '2016-10-04 14:55:24'),
(8, 7, 7, '', 1, 2, 10, 4, '', NULL, '2016-10-04 14:57:48'),
(9, 7, 25, '', 1, 2, 10, 4, '', NULL, '2016-10-04 14:57:49'),
(10, 8, 30, '', 1, 2, 10, 1, '', NULL, '2016-10-04 14:58:30'),
(11, NULL, 30, '', -1, 2, 10, 2, '', '533', '2016-10-04 14:59:52'),
(12, NULL, 7, '', -1, 2, 8, 2, '', '566', '2016-10-04 15:19:45'),
(13, 11, 7, '', 1, 2, 5, 1, '', NULL, '2016-10-06 07:21:44'),
(14, 13, 126, '', 1, 2, 9, 1, '', NULL, '2016-10-06 13:46:18'),
(15, NULL, 7, '', -1, 2, 5, 2, '', '531', '2016-10-06 14:06:43'),
(16, NULL, 126, '', -1, 2, 9, 2, '', '603', '2016-10-06 19:06:03'),
(17, 14, 7, '', 1, 2, 8, 1, '', NULL, '2016-10-07 07:50:29'),
(18, NULL, 7, '', -1, 2, 8, 3, '', '', '2016-10-07 14:00:31'),
(19, 15, 93, '', 1, 2, 8, 1, '', NULL, '2016-10-07 14:01:44'),
(20, NULL, 93, '', -1, 2, 8, 2, '', '629', '2016-10-07 14:02:31'),
(21, 16, 7, '', 1, 2, 8, 4, '', NULL, '2016-10-07 15:00:51'),
(22, 17, 7, '', 1, 2, 6, 1, '', NULL, '2016-10-07 15:04:50'),
(23, 17, 14, '', 1, 2, 6, 1, '', NULL, '2016-10-07 15:04:51'),
(24, NULL, 14, '', -1, 2, 6, 2, '', '555', '2016-10-07 21:58:16'),
(25, NULL, 7, '', -1, 2, 6, 2, '', '508', '2016-10-07 21:58:41'),
(26, 18, 43, '', 1, 2, 11, 1, '', NULL, '2016-10-07 22:07:46'),
(27, NULL, 43, '', -1, 2, 11, 2, '', '586', '2016-10-07 22:08:23'),
(28, 19, 65, '', 1, 2, 13, 1, '', NULL, '2016-10-08 21:40:00'),
(29, NULL, 65, '', -1, 2, 13, 2, '', '5493', '2016-10-08 21:43:44'),
(30, 20, 1, '', 1, 2, 10, 1, '', NULL, '2016-10-09 13:43:43'),
(31, 21, 75, '', 1, 2, 9, 1, '', NULL, '2016-10-10 07:55:28'),
(32, NULL, 75, '', -1, 2, 9, 2, '', '5321', '2016-10-10 07:57:44'),
(33, NULL, 1, '', -1, 2, 10, 2, '', '563', '2016-10-10 08:08:09'),
(34, 22, 66, '', 1, 2, 7, 1, '', NULL, '2016-10-10 08:43:27'),
(35, NULL, 66, '', -1, 2, 7, 2, '', '5104', '2016-10-10 08:44:45'),
(36, 23, 7, '', 1, 2, 7, 1, '', NULL, '2016-10-10 09:27:42'),
(37, 23, 31, '', 1, 2, 7, 1, '', NULL, '2016-10-10 09:27:42'),
(38, 23, 43, '', 2, 2, 7, 1, '', NULL, '2016-10-10 09:27:42'),
(39, 23, 42, '', 3, 2, 7, 1, '', NULL, '2016-10-10 09:27:42'),
(40, 25, 44, '', 1, 2, 11, 1, '', NULL, '2016-10-10 13:19:17'),
(41, NULL, 44, '', -1, 2, 11, 2, '', '552', '2016-10-10 13:20:21'),
(42, 26, 42, '', 1, 2, 14, 1, '', NULL, '2016-10-10 14:10:48'),
(43, NULL, 42, '', -1, 2, 14, 2, '', '538', '2016-10-10 14:11:28'),
(44, 27, 14, '', 1, 2, 6, 1, '', NULL, '2016-10-10 14:16:46'),
(45, 27, 42, '', 10, 2, 6, 1, '', NULL, '2016-10-10 14:16:46'),
(46, 28, 42, '', 10, 2, 10, 1, '', NULL, '2016-10-10 14:17:24'),
(47, 28, 14, '', 1, 2, 10, 1, '', NULL, '2016-10-10 14:17:24'),
(48, 28, 31, '', 1, 2, 10, 1, '', NULL, '2016-10-10 14:17:24'),
(49, NULL, 7, '', -1, 2, 7, 3, '', '', '2016-10-10 14:22:54'),
(50, NULL, 43, '', -2, 2, 7, 3, '', '', '2016-10-10 14:23:11'),
(51, NULL, 31, '', -1, 2, 7, 2, '', '597', '2016-10-10 14:23:31'),
(52, NULL, 42, '', -1, 2, 7, 2, '', '563', '2016-10-10 14:23:47'),
(53, NULL, 42, '', -2, 2, 7, 3, '', '', '2016-10-10 14:23:58'),
(54, 29, 7, '', 1, 2, 7, 4, '', NULL, '2016-10-10 14:29:33'),
(55, 29, 42, '', 2, 2, 7, 4, '', NULL, '2016-10-10 14:29:33'),
(56, 29, 43, '', 2, 2, 7, 4, '', NULL, '2016-10-10 14:29:33'),
(57, 30, 42, '', 10, 2, 14, 1, '', NULL, '2016-10-11 06:56:59'),
(58, NULL, 14, '', -1, 2, 6, 2, '', '509', '2016-10-11 07:16:16'),
(59, NULL, 42, '', -1, 2, 6, 2, '', '509', '2016-10-11 07:16:38'),
(60, NULL, 42, '', -1, 2, 6, 2, '', '511', '2016-10-11 07:16:55'),
(61, NULL, 42, '', -1, 2, 6, 2, '', '553', '2016-10-11 07:17:44'),
(62, NULL, 42, '', -7, 2, 6, 3, '', '', '2016-10-11 07:18:13'),
(63, NULL, 14, '', -1, 2, 10, 2, '', '606', '2016-10-11 07:27:35'),
(64, NULL, 31, '', -1, 2, 10, 2, '', '559', '2016-10-11 07:28:26'),
(65, NULL, 42, '', -1, 2, 10, 2, '', '590', '2016-10-11 07:28:51'),
(66, NULL, 42, '', -1, 2, 10, 2, '', '606', '2016-10-11 07:29:12'),
(67, NULL, 42, '', -1, 2, 10, 2, '', '592', '2016-10-11 07:29:32'),
(68, NULL, 42, '', -1, 2, 10, 3, '', '', '2016-10-11 07:30:07'),
(69, NULL, 42, '', -6, 2, 10, 3, '', '', '2016-10-11 07:30:24'),
(70, 31, 42, '', 7, 2, 6, 4, '', NULL, '2016-10-11 07:32:26'),
(71, 32, 42, '', 1, 2, 11, 1, '', NULL, '2016-10-11 08:23:03'),
(72, NULL, 42, '', -1, 2, 11, 2, '', '552', '2016-10-11 08:23:44'),
(73, 33, 44, '', 2, 2, 13, 1, '', NULL, '2016-10-11 09:28:46'),
(74, NULL, 44, '', -1, 2, 13, 2, '', '592', '2016-10-11 11:41:21'),
(75, NULL, 44, '', -1, 2, 13, 3, '', '', '2016-10-11 11:41:37'),
(76, 35, 44, '', 1, 2, 13, 4, '', NULL, '2016-10-11 14:00:10'),
(77, 36, 11, '', 1, 2, 13, 1, '', NULL, '2016-10-11 14:16:30'),
(78, NULL, 11, '', -1, 2, 13, 2, '', '517', '2016-10-11 14:22:42'),
(79, 37, 17, '', 1, 2, 8, 1, '', NULL, '2016-10-11 14:26:30'),
(80, 37, 33, '', 1, 2, 8, 1, '', NULL, '2016-10-11 14:26:30'),
(81, 37, 34, '', 1, 2, 8, 1, '', NULL, '2016-10-11 14:26:30'),
(82, 37, 42, '', 2, 2, 8, 1, '', NULL, '2016-10-11 14:26:30'),
(83, 37, 1, '', 2, 2, 8, 1, '', NULL, '2016-10-11 14:26:30'),
(84, 37, 44, '', 2, 2, 8, 1, '', NULL, '2016-10-11 14:26:30'),
(85, 37, 39, '', 2, 2, 8, 1, '', NULL, '2016-10-11 14:26:31'),
(86, 38, 30, '', 1, 2, 14, 1, '', NULL, '2016-10-11 14:27:20'),
(87, NULL, 42, '', -1, 2, 14, 2, '', '585', '2016-10-11 15:19:10'),
(88, NULL, 42, '', -1, 2, 14, 2, '', '534', '2016-10-11 15:19:36'),
(89, NULL, 42, '', -8, 2, 14, 3, '', '', '2016-10-11 15:19:53'),
(90, NULL, 30, '', -1, 2, 14, 2, '', '592', '2016-10-11 15:20:25'),
(91, 39, 42, '', 8, 2, 10, 1, '', NULL, '2016-10-11 15:51:04'),
(92, NULL, 42, '', -1, 2, 10, 2, '', '575', '2016-10-12 07:15:18'),
(93, NULL, 42, '', -1, 2, 10, 2, '', '508', '2016-10-12 07:15:37'),
(94, NULL, 42, '', -6, 2, 10, 3, '', '', '2016-10-12 07:15:53'),
(95, NULL, 1, '', -2, 2, 8, 3, '', '', '2016-10-12 07:22:00'),
(96, NULL, 17, '', -1, 2, 8, 3, '', '', '2016-10-12 07:22:12'),
(97, NULL, 33, '', -1, 2, 8, 3, '', '', '2016-10-12 07:22:23'),
(98, NULL, 34, '', -1, 2, 8, 3, '', '', '2016-10-12 07:22:37'),
(99, NULL, 39, '', -2, 2, 8, 3, '', '', '2016-10-12 07:22:56'),
(100, NULL, 44, '', -2, 2, 8, 3, '', '', '2016-10-12 07:23:14'),
(101, NULL, 42, '', -1, 2, 8, 2, '', '517', '2016-10-12 07:23:36'),
(102, NULL, 42, '', -1, 2, 8, 3, '', '', '2016-10-12 07:23:47'),
(103, 40, 1, '', 2, 2, 8, 4, '', NULL, '2016-10-12 07:24:38'),
(104, 40, 17, '', 1, 2, 8, 4, '', NULL, '2016-10-12 07:24:38'),
(105, 40, 33, '', 1, 2, 8, 4, '', NULL, '2016-10-12 07:24:38'),
(106, 40, 34, '', 1, 2, 8, 4, '', NULL, '2016-10-12 07:24:38'),
(107, 40, 39, '', 2, 2, 8, 4, '', NULL, '2016-10-12 07:24:38'),
(108, 40, 42, '', 1, 2, 8, 4, '', NULL, '2016-10-12 07:24:38'),
(109, 40, 44, '', 2, 2, 8, 4, '', NULL, '2016-10-12 07:24:38'),
(110, 41, 93, '', 1, 2, 13, 1, '', NULL, '2016-10-12 08:07:54'),
(111, 41, 46, '', 1, 2, 13, 1, '', NULL, '2016-10-12 08:07:54'),
(112, 42, 42, '', 1, 2, 7, 1, '', NULL, '2016-10-12 08:50:12'),
(113, NULL, 42, '', -1, 2, 7, 2, '', '553', '2016-10-12 08:50:45'),
(114, NULL, 93, '', -1, 2, 13, 2, '', '628', '2016-10-12 09:22:14'),
(115, NULL, 46, '', -1, 2, 13, 3, '', '', '2016-10-12 09:22:31'),
(116, 43, 33, '', 1, 2, 13, 1, '', NULL, '2016-10-12 09:34:23'),
(117, 43, 44, '', 1, 2, 13, 1, '', NULL, '2016-10-12 09:34:23'),
(118, NULL, 33, '', -1, 2, 13, 2, '', '592', '2016-10-12 10:52:13'),
(119, 44, 34, '', 1, 2, 13, 1, '', NULL, '2016-10-12 11:22:26'),
(120, 45, 44, '', 1, 2, 13, 1, '', NULL, '2016-10-12 12:01:47'),
(121, 46, 7, '', 1, 2, 11, 1, '', NULL, '2016-10-12 12:04:15'),
(122, NULL, 7, '', -1, 2, 11, 2, '', '632', '2016-10-12 12:04:49'),
(123, NULL, 34, '', -1, 2, 13, 2, '', '592', '2016-10-12 12:30:23'),
(124, NULL, 44, '', -2, 2, 13, 3, '', '', '2016-10-12 12:30:44'),
(125, 48, 44, '', 2, 2, 13, 1, '', NULL, '2016-10-12 12:35:14'),
(126, 49, 44, '', 2, 2, 13, 4, '', NULL, '2016-10-12 12:37:07'),
(127, 49, 46, '', 1, 2, 13, 4, '', NULL, '2016-10-12 12:37:07'),
(128, 50, 42, '', 5, 2, 14, 1, '', NULL, '2016-10-12 12:39:07'),
(129, 51, 44, '', 3, 2, 14, 1, '', NULL, '2016-10-12 12:51:22'),
(130, 52, 44, '', 3, 2, 14, 1, '', NULL, '2016-10-12 12:53:49'),
(131, 52, 39, '', 1, 2, 14, 1, '', NULL, '2016-10-12 12:53:49'),
(132, 52, 34, '', 1, 2, 14, 1, '', NULL, '2016-10-12 12:53:49'),
(133, NULL, 34, '', -1, 2, 14, 2, '', '100', '2016-10-12 12:55:07'),
(134, NULL, 39, '', -1, 2, 14, 2, '', '100', '2016-10-12 12:55:23'),
(135, NULL, 44, '', -3, 2, 14, 2, '', '100', '2016-10-12 12:57:40'),
(136, NULL, 44, '', -2, 2, 13, 3, '', '', '2016-10-12 13:19:17'),
(137, 53, 44, '', 2, 2, 13, 4, '', NULL, '2016-10-12 13:47:59'),
(138, 54, 42, '', 8, 2, 14, 4, '', NULL, '2016-10-12 13:49:06'),
(139, NULL, 42, '', -1, 2, 14, 2, '', '500', '2016-10-12 14:07:11'),
(140, NULL, 42, '', -1, 2, 14, 2, '', '578', '2016-10-12 14:07:26'),
(141, NULL, 42, '', -1, 2, 14, 2, '', '556', '2016-10-12 14:07:45'),
(142, NULL, 42, '', -1, 2, 14, 2, '', '550', '2016-10-12 14:08:50'),
(143, NULL, 42, '', -1, 2, 14, 2, '', '569', '2016-10-12 14:09:05'),
(144, NULL, 44, '', -3, 2, 14, 3, '', '', '2016-10-12 14:09:39'),
(145, 56, 42, '', 4, 2, 14, 1, '', NULL, '2016-10-12 14:17:39'),
(146, NULL, 42, '', -1, 2, 14, 2, '', '591', '2016-10-12 14:18:09'),
(147, NULL, 42, '', -1, 2, 14, 2, '', '570', '2016-10-12 14:18:35'),
(148, NULL, 42, '', -1, 2, 14, 2, '', '588', '2016-10-12 14:18:51'),
(149, NULL, 42, '', -1, 2, 14, 2, '', '580', '2016-10-12 14:19:04'),
(150, 57, 42, '', 2, 2, 8, 1, '', NULL, '2016-10-12 14:42:17'),
(151, 57, 33, '', 1, 2, 8, 1, '', NULL, '2016-10-12 14:42:17'),
(152, 57, 34, '', 1, 2, 8, 1, '', NULL, '2016-10-12 14:42:17'),
(153, 57, 17, '', 1, 2, 8, 1, '', NULL, '2016-10-12 14:42:17'),
(154, 57, 39, '', 1, 2, 8, 1, '', NULL, '2016-10-12 14:42:17'),
(155, 57, 44, '', 2, 2, 8, 1, '', NULL, '2016-10-12 14:42:17'),
(156, 57, 1, '', 1, 2, 8, 1, '', NULL, '2016-10-12 14:42:17'),
(157, 57, 7, '', 1, 2, 8, 1, '', NULL, '2016-10-12 14:42:17'),
(158, 58, 42, '', 4, 2, 10, 1, '', NULL, '2016-10-12 14:49:30'),
(159, 58, 7, '', 1, 2, 10, 1, '', NULL, '2016-10-12 14:49:30'),
(160, NULL, 7, '', -1, 2, 10, 3, '', '', '2016-10-12 14:50:17'),
(161, 59, 7, '', 1, 2, 10, 4, '', NULL, '2016-10-12 14:50:51'),
(162, 59, 42, '', 13, 2, 10, 4, '', NULL, '2016-10-12 14:50:51'),
(163, 60, 42, '', 25, 2, 14, 1, '', NULL, '2016-10-12 14:54:54'),
(164, NULL, 42, '', -25, 2, 14, 2, '', '100', '2016-10-12 14:55:44'),
(165, 61, 7, '', 1, 2, 14, 1, '', NULL, '2016-10-12 14:56:34'),
(166, NULL, 7, '', -1, 2, 14, 3, '', '', '2016-10-12 14:57:36'),
(167, 62, 7, '', 1, 2, 14, 4, '', NULL, '2016-10-12 14:58:08'),
(168, 62, 44, '', 3, 2, 14, 4, '', NULL, '2016-10-12 14:58:08'),
(169, NULL, 7, '', -1, 2, 8, 2, '', '566', '2016-10-12 21:07:09'),
(170, NULL, 1, '', -1, 2, 8, 3, '', '', '2016-10-12 21:07:23'),
(171, NULL, 17, '', -1, 2, 8, 3, '', '', '2016-10-12 21:07:57'),
(172, NULL, 33, '', -1, 2, 8, 3, '', '', '2016-10-12 21:08:09'),
(173, NULL, 34, '', -1, 2, 8, 3, '', '', '2016-10-12 21:08:20'),
(174, NULL, 39, '', -1, 2, 8, 3, '', '', '2016-10-12 21:08:30'),
(175, NULL, 42, '', -1, 2, 8, 3, '', '', '2016-10-12 21:09:01'),
(176, NULL, 42, '', -1, 2, 8, 3, '', '', '2016-10-12 21:09:12'),
(177, NULL, 44, '', -1, 2, 8, 3, '', '', '2016-10-12 21:09:21'),
(178, NULL, 44, '', -1, 2, 8, 3, '', '', '2016-10-12 21:09:51'),
(179, NULL, 42, '', -1, 2, 10, 3, '', '', '2016-10-13 09:21:17'),
(180, NULL, 42, '', -1, 2, 10, 2, '', '561', '2016-10-13 09:22:24'),
(181, NULL, 42, '', -1, 2, 10, 2, '', '581', '2016-10-13 09:22:40'),
(182, NULL, 42, '', -1, 2, 10, 2, '', '600', '2016-10-13 09:22:54'),
(183, 65, 1, '', 1, 2, 8, 4, '', NULL, '2016-10-13 09:25:14'),
(184, 65, 17, '', 1, 2, 8, 4, '', NULL, '2016-10-13 09:25:14'),
(185, 65, 33, '', 1, 2, 8, 4, '', NULL, '2016-10-13 09:25:15'),
(186, 65, 34, '', 1, 2, 8, 4, '', NULL, '2016-10-13 09:25:15'),
(187, 65, 39, '', 1, 2, 8, 4, '', NULL, '2016-10-13 09:25:15'),
(188, 65, 42, '', 2, 2, 8, 4, '', NULL, '2016-10-13 09:25:15'),
(189, 65, 44, '', 2, 2, 8, 4, '', NULL, '2016-10-13 09:25:15'),
(190, 66, 42, '', 7, 2, 14, 1, '', NULL, '2016-10-13 09:28:12'),
(191, 67, 17, '', 1, 2, 9, 1, '', NULL, '2016-10-13 09:30:43'),
(192, 67, 7, '', 1, 2, 9, 1, '', NULL, '2016-10-13 09:30:43'),
(193, 67, 26, '', 1, 2, 9, 1, '', NULL, '2016-10-13 09:30:44'),
(194, NULL, 17, '', -1, 2, 9, 2, '', '581', '2016-10-13 13:57:45'),
(195, NULL, 7, '', -1, 2, 9, 3, '', '', '2016-10-13 13:58:01'),
(196, NULL, 26, '', -1, 2, 9, 3, '', '', '2016-10-13 13:58:31'),
(197, 69, 7, '', 1, 2, 9, 4, '', NULL, '2016-10-13 14:03:07'),
(198, 69, 26, '', 1, 2, 9, 4, '', NULL, '2016-10-13 14:03:07'),
(199, NULL, 42, '', -3, 2, 14, 3, '', '', '2016-10-13 14:04:54'),
(200, NULL, 42, '', -1, 2, 14, 2, '', '602', '2016-10-13 14:05:16'),
(201, NULL, 42, '', -1, 2, 14, 2, '', '518', '2016-10-13 14:05:36'),
(202, NULL, 42, '', -1, 2, 14, 2, '', '541', '2016-10-13 14:06:01'),
(203, NULL, 42, '', -1, 2, 14, 2, '', '532', '2016-10-13 14:06:19'),
(204, 70, 113, '', 1, 2, 7, 1, '', NULL, '2016-10-13 14:28:48'),
(205, 70, 24, '', 1, 2, 7, 1, '', NULL, '2016-10-13 14:28:48'),
(206, 70, 127, '', 1, 2, 7, 1, '', NULL, '2016-10-13 14:28:48'),
(207, 71, 7, '', 1, 2, 8, 1, '', NULL, '2016-10-13 14:29:28'),
(208, 71, 26, '', 1, 2, 8, 1, '', NULL, '2016-10-13 14:29:28'),
(209, 72, 7, '', 1, 2, 14, 1, '', NULL, '2016-10-13 14:34:32'),
(210, NULL, 7, '', -1, 2, 14, 3, '', '', '2016-10-13 14:35:21'),
(211, 73, 7, '', 1, 2, 14, 4, '', NULL, '2016-10-13 14:35:40'),
(212, 73, 42, '', 3, 2, 14, 4, '', NULL, '2016-10-13 14:35:40'),
(213, 74, 44, '', 1, 2, 9, 1, '', NULL, '2016-10-13 14:36:25'),
(214, NULL, 44, '', -1, 2, 9, 3, '', '', '2016-10-13 14:37:08'),
(215, 75, 7, '', 1, 2, 9, 1, '', NULL, '2016-10-13 14:38:36'),
(216, NULL, 7, '', -1, 2, 9, 3, '', '', '2016-10-13 14:39:54'),
(217, 76, 7, '', 1, 2, 9, 4, '', NULL, '2016-10-13 14:41:30'),
(218, 76, 44, '', 1, 2, 9, 4, '', NULL, '2016-10-13 14:41:30'),
(219, NULL, 24, '', -1, 2, 7, 2, '', '628', '2016-10-13 17:32:19'),
(220, NULL, 113, '', -1, 2, 7, 3, '', '', '2016-10-13 17:32:33'),
(221, NULL, 127, '', -1, 2, 7, 2, '', '610', '2016-10-13 17:32:50'),
(222, NULL, 7, '', -1, 2, 8, 2, '', '566', '2016-10-13 21:34:55'),
(223, NULL, 26, '', -1, 2, 8, 2, '', '566', '2016-10-13 21:41:04'),
(224, 77, 7, '', 1, 2, 7, 1, '', NULL, '2016-10-14 07:03:34'),
(225, NULL, 7, '', -1, 2, 7, 3, '', '', '2016-10-14 07:03:54'),
(226, 78, 7, '', 1, 2, 7, 4, '', NULL, '2016-10-14 07:04:19'),
(227, 78, 113, '', 1, 2, 7, 4, '', NULL, '2016-10-14 07:04:20'),
(228, 79, 42, '', 1, 2, 8, 1, '', NULL, '2016-10-14 07:08:01'),
(229, NULL, 42, '', -1, 2, 8, 2, '', '557', '2016-10-14 07:08:35'),
(230, 80, 95, '', 1, 2, 11, 1, '', NULL, '2016-10-14 09:16:17'),
(231, NULL, 95, '', -1, 2, 11, 2, '', '5821', '2016-10-14 09:16:52'),
(232, 81, 44, '', 4, 2, 14, 1, '', NULL, '2016-10-14 09:52:31'),
(233, NULL, 44, '', -4, 2, 14, 3, '', '', '2016-10-14 13:50:06'),
(234, 84, 34, '', 1, 2, 8, 1, '', NULL, '2016-10-14 14:53:24'),
(235, 84, 33, '', 1, 2, 8, 1, '', NULL, '2016-10-14 14:53:24'),
(236, 84, 39, '', 1, 2, 8, 1, '', NULL, '2016-10-14 14:53:24'),
(237, 84, 1, '', 1, 2, 8, 1, '', NULL, '2016-10-14 14:53:24'),
(238, 84, 42, '', 3, 2, 8, 1, '', NULL, '2016-10-14 14:53:24'),
(239, 84, 44, '', 1, 2, 8, 1, '', NULL, '2016-10-14 14:53:24'),
(240, 84, 14, '', 1, 2, 8, 1, '', NULL, '2016-10-14 14:53:24'),
(241, 85, 7, '', 1, 2, 10, 1, '', NULL, '2016-10-14 14:54:28'),
(242, NULL, 7, '', -1, 2, 10, 3, '', '', '2016-10-14 14:55:00'),
(243, 86, 7, '', 1, 2, 10, 4, '', NULL, '2016-10-14 14:55:29'),
(244, 86, 42, '', 1, 2, 10, 4, '', NULL, '2016-10-14 14:55:29'),
(245, 87, 44, '', 1, 2, 8, 1, '', NULL, '2016-10-14 14:58:49'),
(246, 87, 42, '', 1, 2, 8, 1, '', NULL, '2016-10-14 14:58:49'),
(247, NULL, 44, '', -1, 2, 8, 2, '', '592', '2016-10-14 14:59:24'),
(248, 88, 44, '', 4, 2, 14, 4, '', NULL, '2016-10-14 15:43:45'),
(249, NULL, 1, '', -1, 2, 8, 3, '', '', '2016-10-14 22:12:32'),
(250, NULL, 14, '', -1, 2, 8, 3, '', '', '2016-10-14 22:12:41'),
(251, NULL, 33, '', -1, 2, 8, 3, '', '', '2016-10-14 22:12:50'),
(252, NULL, 34, '', -1, 2, 8, 3, '', '', '2016-10-14 22:12:59'),
(253, NULL, 39, '', -1, 2, 8, 3, '', '', '2016-10-14 22:13:08'),
(254, NULL, 42, '', -1, 2, 8, 3, '', '', '2016-10-14 22:13:17'),
(255, NULL, 42, '', -1, 2, 8, 3, '', '', '2016-10-14 22:13:26'),
(256, NULL, 42, '', -1, 2, 8, 3, '', '', '2016-10-14 22:13:34'),
(257, NULL, 42, '', -1, 2, 8, 3, '', '', '2016-10-14 22:13:42'),
(258, NULL, 44, '', -1, 2, 8, 3, '', '', '2016-10-14 22:13:51'),
(259, 89, 1, '', 1, 2, 8, 4, '', NULL, '2016-10-15 10:24:56'),
(260, 89, 14, '', 1, 2, 8, 4, '', NULL, '2016-10-15 10:24:56'),
(261, 89, 33, '', 1, 2, 8, 4, '', NULL, '2016-10-15 10:24:56'),
(262, 89, 34, '', 1, 2, 8, 4, '', NULL, '2016-10-15 10:24:56'),
(263, 89, 39, '', 1, 2, 8, 4, '', NULL, '2016-10-15 10:24:56'),
(264, 89, 42, '', 4, 2, 8, 4, '', NULL, '2016-10-15 10:24:56'),
(265, 89, 44, '', 1, 2, 8, 4, '', NULL, '2016-10-15 10:24:57'),
(266, 90, 61, '', 1, 2, 7, 1, '', NULL, '2016-10-17 08:17:28'),
(267, NULL, 61, '', -1, 2, 7, 2, '', '5164', '2016-10-17 08:18:13'),
(268, 91, 14, '', 1, 2, 8, 1, '', NULL, '2016-10-17 08:47:49'),
(269, NULL, 14, '', -1, 2, 8, 2, '', '572', '2016-10-17 08:48:20'),
(270, 92, 65, '', 2, 2, 14, 1, '', NULL, '2016-10-17 11:35:17'),
(271, NULL, 65, '', -2, 2, 14, 2, '', '100', '2016-10-17 11:36:00'),
(272, 93, 25, '', 1, 2, 14, 1, '', NULL, '2016-10-17 12:30:23'),
(273, 93, 17, '', 4, 2, 14, 1, '', NULL, '2016-10-17 12:30:23'),
(274, 93, 42, '', 4, 2, 14, 1, '', NULL, '2016-10-17 12:30:23'),
(275, NULL, 17, '', -1, 2, 14, 2, '', '600', '2016-10-17 12:31:20'),
(276, NULL, 17, '', -1, 2, 14, 2, '', '100', '2016-10-17 12:34:19'),
(277, NULL, 17, '', -1, 2, 14, 2, '', '100', '2016-10-17 12:39:30'),
(278, NULL, 25, '', -1, 2, 14, 2, '', '533', '2016-10-17 12:43:46'),
(279, NULL, 17, '', -1, 2, 14, 2, '', '100', '2016-10-17 13:42:07'),
(280, NULL, 42, '', -1, 2, 14, 3, '', '', '2016-10-17 13:42:22'),
(281, NULL, 42, '', -1, 2, 14, 2, '', '587', '2016-10-17 13:42:42'),
(282, NULL, 42, '', -1, 2, 14, 2, '', '567', '2016-10-17 13:42:59'),
(283, NULL, 42, '', -1, 2, 14, 2, '', '574', '2016-10-17 13:43:12'),
(284, 94, 42, '', 1, 2, 14, 4, '', NULL, '2016-10-17 15:52:55'),
(285, 95, 61, '', 1, 2, 8, 1, '', NULL, '2016-10-18 07:21:22'),
(286, 95, 121, '', 1, 2, 8, 1, '', NULL, '2016-10-18 07:21:22'),
(287, NULL, 61, '', -1, 2, 8, 2, '', '5733', '2016-10-18 07:22:17'),
(288, NULL, 121, '', -1, 2, 8, 2, '', '5733', '2016-10-18 07:22:39'),
(289, 96, 65, '', 1, 2, 8, 1, '', NULL, '2016-10-18 08:01:57'),
(290, NULL, 65, '', -1, 2, 8, 2, '', '5749', '2016-10-18 08:03:12'),
(291, 97, 65, '', 1, 2, 7, 1, '', NULL, '2016-10-18 08:13:22'),
(292, NULL, 65, '', -1, 2, 7, 2, '', '5425', '2016-10-18 08:14:36'),
(293, 98, 7, '', 2, 2, 14, 1, '', NULL, '2016-10-18 08:21:38'),
(294, NULL, 7, '', -2, 2, 14, 2, '', '100', '2016-10-18 08:22:29'),
(295, 99, 7, '', 1, 2, 6, 1, '', NULL, '2016-10-18 10:43:04'),
(296, NULL, 7, '', -1, 2, 6, 2, '', '627', '2016-10-18 14:09:08'),
(297, 101, 42, '', 1, 2, 7, 1, '', NULL, '2016-10-18 14:22:33'),
(298, NULL, 42, '', -1, 2, 7, 2, '', '521', '2016-10-18 20:41:51'),
(299, 103, 33, '', 1, 2, 9, 1, '', NULL, '2016-10-19 14:05:18'),
(300, 103, 34, '', 1, 2, 9, 1, '', NULL, '2016-10-19 14:05:18'),
(301, 103, 39, '', 1, 2, 9, 1, '', NULL, '2016-10-19 14:05:18'),
(302, 103, 44, '', 1, 2, 9, 1, '', NULL, '2016-10-19 14:05:18'),
(303, 103, 26, '', 1, 2, 9, 1, '', NULL, '2016-10-19 14:05:19'),
(304, 103, 27, '', 2, 2, 9, 1, '', NULL, '2016-10-19 14:05:19'),
(305, 103, 36, '', 2, 2, 9, 1, '', NULL, '2016-10-19 14:05:19'),
(306, 103, 1, '', 1, 2, 9, 1, '', NULL, '2016-10-19 14:05:19'),
(307, 103, 14, '', 1, 2, 9, 1, '', NULL, '2016-10-19 14:05:19'),
(308, 103, 31, '', 1, 2, 9, 1, '', NULL, '2016-10-19 14:05:19'),
(309, NULL, 1, '', -1, 0, 9, 3, '', '', '2016-10-19 19:22:20'),
(310, NULL, 1, '', -1, 0, 9, 3, '', '', '2016-10-19 19:22:42'),
(311, NULL, 1, '', -1, 0, 9, 3, '', '', '2016-10-19 19:25:05'),
(312, NULL, 44, '', -2, 0, 9, 3, '', '', '2016-10-19 19:25:32'),
(313, NULL, 1, '', -1, 0, 9, 3, '', '', '2016-10-19 21:38:04'),
(314, NULL, 14, '', -1, 0, 9, 3, '', '', '2016-10-19 21:38:25'),
(315, NULL, 26, '', -1, 0, 9, 3, '', '', '2016-10-19 21:39:02'),
(316, NULL, 27, '', -2, 0, 9, 3, '', '', '2016-10-19 21:39:23'),
(317, NULL, 31, '', -1, 0, 9, 3, '', '', '2016-10-19 21:39:44'),
(318, NULL, 33, '', -1, 0, 9, 3, '', '', '2016-10-19 21:40:53'),
(319, NULL, 34, '', -1, 0, 9, 3, '', '', '2016-10-19 21:41:16'),
(320, NULL, 27, '', -2, 0, 9, 3, '', '', '2016-10-19 21:42:02'),
(321, NULL, 39, '', -1, 0, 9, 3, '', '', '2016-10-19 21:42:23'),
(322, NULL, 44, '', -2, 0, 9, 3, '', '', '2016-10-19 21:42:57'),
(323, NULL, 1, '', -1, 0, 9, 3, '', '', '2016-10-20 07:28:54'),
(324, NULL, 1, '', -1, 0, 9, 3, '', '', '2016-10-20 07:29:04'),
(325, NULL, 1, '', -1, 0, 9, 3, '', '', '2016-10-20 07:29:15'),
(326, NULL, 14, '', -1, 0, 9, 3, '', '', '2016-10-20 07:29:24'),
(327, NULL, 44, '', -1, 0, 9, 3, '', '', '2016-10-20 07:29:34'),
(328, NULL, 26, '', -1, 0, 9, 3, '', '', '2016-10-20 07:29:44'),
(329, NULL, 34, '', -1, 0, 9, 3, '', '', '2016-10-20 07:29:54'),
(330, NULL, 44, '', -1, 0, 9, 3, '', '', '2016-10-20 07:30:07'),
(331, NULL, 27, '', -2, 0, 9, 3, '', '', '2016-10-20 07:35:02'),
(332, NULL, 27, '', -2, 0, 9, 3, '', '', '2016-10-20 07:35:18'),
(333, NULL, 44, '', -1, 0, 9, 3, '', '', '2016-10-20 07:35:31'),
(334, NULL, 36, '', -2, 0, 9, 3, '', '', '2016-10-20 07:35:54'),
(335, NULL, 36, '', -1, 0, 9, 3, '', '', '2016-10-20 07:38:05'),
(336, NULL, 1, '', -1, 0, 9, 3, '', '', '2016-10-20 07:42:46'),
(337, NULL, 1, '', -1, 0, 9, 3, '', '', '2016-10-20 09:30:16'),
(338, NULL, 1, '', -1, 0, 9, 3, '', '', '2016-10-20 09:30:30'),
(339, NULL, 1, '', -1, 0, 9, 3, '', '', '2016-10-20 09:33:50'),
(340, NULL, 1, '', -1, 2, 9, 3, '', '', '2016-10-20 09:34:26'),
(341, NULL, 14, '', -1, 2, 9, 3, '', '', '2016-10-20 09:49:37'),
(342, NULL, 26, '', -1, 2, 9, 3, '', '', '2016-10-20 09:49:45'),
(343, NULL, 27, '', -2, 2, 9, 3, '', '', '2016-10-20 09:49:56'),
(344, NULL, 31, '', -1, 2, 9, 3, '', '', '2016-10-20 09:50:17'),
(345, NULL, 33, '', -1, 2, 9, 3, '', '', '2016-10-20 09:50:27'),
(346, NULL, 34, '', -1, 2, 9, 3, '', '', '2016-10-20 09:50:35'),
(347, NULL, 39, '', -1, 2, 9, 3, '', '', '2016-10-20 09:51:14'),
(348, NULL, 36, '', -2, 2, 9, 3, '', '', '2016-10-20 09:51:23'),
(349, NULL, 44, '', -1, 2, 9, 3, '', '', '2016-10-20 09:51:31'),
(350, 104, 1, '', 1, 2, 9, 4, '', NULL, '2016-10-20 09:52:16'),
(351, 104, 14, '', 1, 2, 9, 4, '', NULL, '2016-10-20 09:52:16'),
(352, 104, 26, '', 1, 2, 9, 4, '', NULL, '2016-10-20 09:52:17'),
(353, 104, 27, '', 2, 2, 9, 4, '', NULL, '2016-10-20 09:52:17'),
(354, 104, 31, '', 1, 2, 9, 4, '', NULL, '2016-10-20 09:52:17'),
(355, 104, 33, '', 1, 2, 9, 4, '', NULL, '2016-10-20 09:52:17'),
(356, 104, 34, '', 1, 2, 9, 4, '', NULL, '2016-10-20 09:52:17'),
(357, 104, 36, '', 2, 2, 9, 4, '', NULL, '2016-10-20 09:52:17'),
(358, 104, 39, '', 1, 2, 9, 4, '', NULL, '2016-10-20 09:52:17'),
(359, 104, 44, '', 1, 2, 9, 4, '', NULL, '2016-10-20 09:52:17'),
(360, 105, 14, '', 1, 2, 6, 1, '', NULL, '2016-10-20 14:19:45'),
(361, 105, 31, '', 1, 2, 6, 1, '', NULL, '2016-10-20 14:19:45'),
(362, 106, 18, '', 1, 2, 14, 1, '', NULL, '2016-10-20 15:11:22'),
(363, 106, 27, '', 1, 2, 14, 1, '', NULL, '2016-10-20 15:11:22'),
(364, NULL, 18, '', -1, 2, 14, 2, '', '592', '2016-10-20 15:12:06'),
(365, NULL, 27, '', -1, 2, 14, 2, '', '592', '2016-10-20 15:12:21'),
(366, NULL, 31, '', -1, 2, 6, 3, '', '', '2016-10-20 20:46:08'),
(367, NULL, 14, '', -1, 2, 6, 2, '', '569', '2016-10-20 20:46:41'),
(368, 107, 1, '', 1, 2, 10, 1, '', NULL, '2016-10-21 08:07:47'),
(369, 107, 26, '', 1, 2, 10, 1, '', NULL, '2016-10-21 08:07:47'),
(370, 107, 27, '', 1, 2, 10, 1, '', NULL, '2016-10-21 08:07:47'),
(371, 107, 31, '', 1, 2, 10, 1, '', NULL, '2016-10-21 08:07:47'),
(372, 107, 33, '', 1, 2, 10, 1, '', NULL, '2016-10-21 08:07:47'),
(373, 107, 34, '', 1, 2, 10, 1, '', NULL, '2016-10-21 08:07:47'),
(374, 107, 36, '', 2, 2, 10, 1, '', NULL, '2016-10-21 08:07:47'),
(375, 107, 39, '', 1, 2, 10, 1, '', NULL, '2016-10-21 08:07:47'),
(376, 107, 44, '', 2, 2, 10, 1, '', NULL, '2016-10-21 08:07:48'),
(377, 108, 1, '', 1, 2, 14, 1, '', NULL, '2016-10-21 08:09:04'),
(378, 108, 14, '', 1, 2, 14, 1, '', NULL, '2016-10-21 08:09:04'),
(379, 108, 26, '', 1, 2, 14, 1, '', NULL, '2016-10-21 08:09:04'),
(380, 108, 27, '', 1, 2, 14, 1, '', NULL, '2016-10-21 08:09:04'),
(381, 108, 31, '', 1, 2, 14, 1, '', NULL, '2016-10-21 08:09:05'),
(382, 108, 33, '', 1, 2, 14, 1, '', NULL, '2016-10-21 08:09:05'),
(383, 108, 34, '', 1, 2, 14, 1, '', NULL, '2016-10-21 08:09:05'),
(384, 108, 36, '', 2, 2, 14, 1, '', NULL, '2016-10-21 08:09:05'),
(385, 108, 39, '', 1, 2, 14, 1, '', NULL, '2016-10-21 08:09:05'),
(386, 108, 44, '', 2, 2, 14, 1, '', NULL, '2016-10-21 08:09:05'),
(387, NULL, 1, '', -1, 2, 10, 3, '', '', '2016-10-21 14:12:01'),
(388, NULL, 36, '', -2, 2, 10, 3, '', '', '2016-10-21 14:12:21'),
(389, NULL, 26, '', -1, 2, 10, 3, '', '', '2016-10-21 14:12:31'),
(390, NULL, 27, '', -1, 2, 10, 3, '', '', '2016-10-21 14:12:43'),
(391, NULL, 31, '', -1, 2, 10, 3, '', '', '2016-10-21 14:13:00'),
(392, NULL, 33, '', -1, 2, 10, 3, '', '', '2016-10-21 14:13:11'),
(393, NULL, 34, '', -1, 2, 10, 3, '', '', '2016-10-21 14:13:22'),
(394, NULL, 39, '', -1, 2, 10, 3, '', '', '2016-10-21 14:13:33'),
(395, NULL, 44, '', -2, 2, 10, 3, '', '', '2016-10-21 14:13:45'),
(396, NULL, 1, '', -1, 2, 14, 3, '', '', '2016-10-21 14:25:44'),
(397, NULL, 14, '', -1, 2, 14, 3, '', '', '2016-10-21 14:25:52'),
(398, NULL, 26, '', -1, 2, 14, 3, '', '', '2016-10-21 14:26:20'),
(399, NULL, 27, '', -1, 2, 14, 3, '', '', '2016-10-21 14:26:27'),
(400, NULL, 33, '', -1, 2, 14, 3, '', '', '2016-10-21 14:26:34'),
(401, NULL, 31, '', -1, 2, 14, 3, '', '', '2016-10-21 14:26:43'),
(402, NULL, 34, '', -1, 2, 14, 3, '', '', '2016-10-21 14:26:50'),
(403, NULL, 44, '', -2, 2, 14, 3, '', '', '2016-10-21 14:27:05'),
(404, NULL, 39, '', -1, 2, 14, 3, '', '', '2016-10-21 14:27:12'),
(405, NULL, 36, '', -2, 2, 14, 3, '', '', '2016-10-21 14:27:23'),
(406, 110, 31, '', 1, 2, 6, 4, '', NULL, '2016-10-21 14:28:20'),
(407, 111, 1, '', 1, 2, 10, 4, '', NULL, '2016-10-21 14:28:33'),
(408, 111, 26, '', 1, 2, 10, 4, '', NULL, '2016-10-21 14:28:33'),
(409, 111, 27, '', 1, 2, 10, 4, '', NULL, '2016-10-21 14:28:33'),
(410, 111, 31, '', 1, 2, 10, 4, '', NULL, '2016-10-21 14:28:33'),
(411, 111, 33, '', 1, 2, 10, 4, '', NULL, '2016-10-21 14:28:33'),
(412, 111, 34, '', 1, 2, 10, 4, '', NULL, '2016-10-21 14:28:33'),
(413, 111, 36, '', 2, 2, 10, 4, '', NULL, '2016-10-21 14:28:33'),
(414, 111, 39, '', 1, 2, 10, 4, '', NULL, '2016-10-21 14:28:33'),
(415, 111, 44, '', 2, 2, 10, 4, '', NULL, '2016-10-21 14:28:34'),
(416, 112, 1, '', 1, 2, 14, 4, '', NULL, '2016-10-21 14:29:01'),
(417, 112, 14, '', 1, 2, 14, 4, '', NULL, '2016-10-21 14:29:02'),
(418, 112, 26, '', 1, 2, 14, 4, '', NULL, '2016-10-21 14:29:02'),
(419, 112, 27, '', 1, 2, 14, 4, '', NULL, '2016-10-21 14:29:02'),
(420, 112, 31, '', 1, 2, 14, 4, '', NULL, '2016-10-21 14:29:02'),
(421, 112, 33, '', 1, 2, 14, 4, '', NULL, '2016-10-21 14:29:02'),
(422, 112, 34, '', 1, 2, 14, 4, '', NULL, '2016-10-21 14:29:02'),
(423, 112, 36, '', 2, 2, 14, 4, '', NULL, '2016-10-21 14:29:02'),
(424, 112, 39, '', 1, 2, 14, 4, '', NULL, '2016-10-21 14:29:02'),
(425, 112, 44, '', 2, 2, 14, 4, '', NULL, '2016-10-21 14:29:03'),
(426, 113, 1, '', 1, 2, 6, 1, '', NULL, '2016-10-21 14:30:36'),
(427, 113, 14, '', 1, 2, 6, 1, '', NULL, '2016-10-21 14:30:37'),
(428, 113, 26, '', 1, 2, 6, 1, '', NULL, '2016-10-21 14:30:37'),
(429, 113, 27, '', 2, 2, 6, 1, '', NULL, '2016-10-21 14:30:37'),
(430, 113, 31, '', 1, 2, 6, 1, '', NULL, '2016-10-21 14:30:37'),
(431, 113, 33, '', 1, 2, 6, 1, '', NULL, '2016-10-21 14:30:37'),
(432, 113, 34, '', 1, 2, 6, 1, '', NULL, '2016-10-21 14:30:37'),
(433, 113, 36, '', 2, 2, 6, 1, '', NULL, '2016-10-21 14:30:37'),
(434, 113, 39, '', 1, 2, 6, 1, '', NULL, '2016-10-21 14:30:37'),
(435, 113, 44, '', 2, 2, 6, 1, '', NULL, '2016-10-21 14:30:37'),
(436, 114, 1, '', 1, 2, 9, 1, '', NULL, '2016-10-21 14:31:54'),
(437, 114, 14, '', 1, 2, 9, 1, '', NULL, '2016-10-21 14:31:55'),
(438, 114, 26, '', 1, 2, 9, 1, '', NULL, '2016-10-21 14:31:55'),
(439, 114, 27, '', 2, 2, 9, 1, '', NULL, '2016-10-21 14:31:55'),
(440, 114, 31, '', 1, 2, 9, 1, '', NULL, '2016-10-21 14:31:55'),
(441, 114, 33, '', 1, 2, 9, 1, '', NULL, '2016-10-21 14:31:55'),
(442, 114, 34, '', 1, 2, 9, 1, '', NULL, '2016-10-21 14:31:55'),
(443, 114, 36, '', 1, 2, 9, 1, '', NULL, '2016-10-21 14:31:55'),
(444, 114, 39, '', 1, 2, 9, 1, '', NULL, '2016-10-21 14:31:55'),
(445, 114, 44, '', 2, 2, 9, 1, '', NULL, '2016-10-21 14:31:55'),
(446, NULL, 1, '', -1, 2, 9, 3, '', '', '2016-10-21 19:35:05'),
(447, NULL, 14, '', -1, 2, 9, 3, '', '', '2016-10-21 20:09:07'),
(448, NULL, 27, '', -2, 2, 9, 3, '', '', '2016-10-21 20:09:21'),
(449, NULL, 26, '', -1, 2, 9, 3, '', '', '2016-10-21 20:09:30'),
(450, NULL, 31, '', -1, 2, 9, 3, '', '', '2016-10-21 20:09:39'),
(451, NULL, 39, '', -1, 2, 9, 3, '', '', '2016-10-21 20:09:47'),
(452, NULL, 44, '', -2, 0, 0, 3, '', '', '2016-10-21 20:10:07'),
(453, NULL, 44, '', -2, 2, 9, 3, '', '', '2016-10-21 20:10:22'),
(454, NULL, 34, '', -1, 2, 9, 3, '', '', '2016-10-21 20:10:31'),
(455, NULL, 36, '', -1, 2, 9, 3, '', '', '2016-10-21 20:10:50'),
(456, NULL, 33, '', -1, 2, 9, 3, '', '', '2016-10-21 20:11:00'),
(457, NULL, 1, '', -1, 2, 6, 3, '', '', '2016-10-21 20:22:38'),
(458, NULL, 14, '', -1, 2, 6, 3, '', '', '2016-10-21 20:22:48'),
(459, NULL, 26, '', -1, 2, 6, 3, '', '', '2016-10-21 20:22:59'),
(460, NULL, 27, '', -2, 2, 6, 3, '', '', '2016-10-21 20:23:12'),
(461, NULL, 31, '', -1, 2, 6, 3, '', '', '2016-10-21 20:23:23'),
(462, NULL, 33, '', -1, 2, 6, 3, '', '', '2016-10-21 20:23:32'),
(463, NULL, 34, '', -1, 2, 6, 3, '', '', '2016-10-21 20:23:41'),
(464, NULL, 36, '', -2, 2, 6, 3, '', '', '2016-10-21 20:23:51'),
(465, NULL, 44, '', -2, 2, 6, 3, '', '', '2016-10-21 20:24:01'),
(466, NULL, 39, '', -1, 2, 6, 3, '', '', '2016-10-21 20:24:11'),
(467, 115, 1, '', 1, 2, 6, 4, '', NULL, '2016-10-22 11:09:29'),
(468, 115, 14, '', 1, 2, 6, 4, '', NULL, '2016-10-22 11:09:29'),
(469, 115, 26, '', 1, 2, 6, 4, '', NULL, '2016-10-22 11:09:29'),
(470, 115, 27, '', 2, 2, 6, 4, '', NULL, '2016-10-22 11:09:29'),
(471, 115, 31, '', 1, 2, 6, 4, '', NULL, '2016-10-22 11:09:29'),
(472, 115, 33, '', 1, 2, 6, 4, '', NULL, '2016-10-22 11:09:29'),
(473, 115, 34, '', 1, 2, 6, 4, '', NULL, '2016-10-22 11:09:29'),
(474, 115, 36, '', 2, 2, 6, 4, '', NULL, '2016-10-22 11:09:30'),
(475, 115, 39, '', 1, 2, 6, 4, '', NULL, '2016-10-22 11:09:30'),
(476, 115, 44, '', 2, 2, 6, 4, '', NULL, '2016-10-22 11:09:30'),
(477, 116, 1, '', 1, 2, 9, 4, '', NULL, '2016-10-22 11:09:38'),
(478, 116, 14, '', 1, 2, 9, 4, '', NULL, '2016-10-22 11:09:39'),
(479, 116, 26, '', 1, 2, 9, 4, '', NULL, '2016-10-22 11:09:39'),
(480, 116, 27, '', 2, 2, 9, 4, '', NULL, '2016-10-22 11:09:39'),
(481, 116, 31, '', 1, 2, 9, 4, '', NULL, '2016-10-22 11:09:39'),
(482, 116, 33, '', 1, 2, 9, 4, '', NULL, '2016-10-22 11:09:39'),
(483, 116, 34, '', 1, 2, 9, 4, '', NULL, '2016-10-22 11:09:39'),
(484, 116, 36, '', 1, 2, 9, 4, '', NULL, '2016-10-22 11:09:39'),
(485, 116, 39, '', 1, 2, 9, 4, '', NULL, '2016-10-22 11:09:39'),
(486, 116, 44, '', 2, 2, 9, 4, '', NULL, '2016-10-22 11:09:39'),
(487, 117, 1, '', 1, 2, 10, 1, '', NULL, '2016-10-22 11:22:57'),
(488, 117, 36, '', 2, 2, 10, 1, '', NULL, '2016-10-22 11:22:57'),
(489, 117, 39, '', 1, 2, 10, 1, '', NULL, '2016-10-22 11:22:57'),
(490, 117, 44, '', 2, 2, 10, 1, '', NULL, '2016-10-22 11:22:58'),
(491, 117, 31, '', 1, 2, 10, 1, '', NULL, '2016-10-22 11:22:58'),
(492, 117, 33, '', 1, 2, 10, 1, '', NULL, '2016-10-22 11:22:58'),
(493, 117, 34, '', 1, 2, 10, 1, '', NULL, '2016-10-22 11:22:58'),
(494, 117, 27, '', 2, 2, 10, 1, '', NULL, '2016-10-22 11:22:58'),
(495, 117, 14, '', 1, 2, 10, 1, '', NULL, '2016-10-22 11:22:58'),
(496, 117, 26, '', 1, 2, 10, 1, '', NULL, '2016-10-22 11:22:58'),
(497, NULL, 1, '', -1, 2, 10, 3, '', '', '2016-10-22 15:18:14'),
(498, NULL, 31, '', -1, 2, 10, 3, '', '', '2016-10-22 15:18:25'),
(499, NULL, 33, '', -1, 2, 10, 3, '', '', '2016-10-22 15:18:39'),
(500, NULL, 34, '', -1, 2, 10, 3, '', '', '2016-10-22 15:18:52'),
(501, NULL, 36, '', -1, 2, 10, 3, '', '', '2016-10-22 15:19:04'),
(502, NULL, 39, '', -1, 2, 10, 3, '', '', '2016-10-22 15:19:17'),
(503, NULL, 44, '', -2, 2, 10, 3, '', '', '2016-10-22 15:19:33'),
(504, 118, 25, '', 1, 2, 10, 1, '', NULL, '2016-10-22 18:35:45'),
(505, NULL, 25, '', -1, 2, 10, 2, '', '508', '2016-10-22 18:37:11'),
(506, 119, 1, '', 1, 2, 10, 4, '', NULL, '2016-10-22 21:24:52'),
(507, 119, 31, '', 1, 2, 10, 4, '', NULL, '2016-10-22 21:24:52'),
(508, 119, 33, '', 1, 2, 10, 4, '', NULL, '2016-10-22 21:24:52'),
(509, 119, 34, '', 1, 2, 10, 4, '', NULL, '2016-10-22 21:24:52'),
(510, 119, 36, '', 1, 2, 10, 4, '', NULL, '2016-10-22 21:24:52'),
(511, 119, 39, '', 1, 2, 10, 4, '', NULL, '2016-10-22 21:24:52'),
(512, 119, 44, '', 2, 2, 10, 4, '', NULL, '2016-10-22 21:24:52'),
(513, 120, 1, '', 1, 2, 5, 1, '', NULL, '2016-10-24 07:44:57'),
(514, 120, 14, '', 1, 2, 5, 1, '', NULL, '2016-10-24 07:44:58'),
(515, 120, 26, '', 1, 2, 5, 1, '', NULL, '2016-10-24 07:44:58'),
(516, 120, 27, '', 2, 2, 5, 1, '', NULL, '2016-10-24 07:44:58'),
(517, 120, 31, '', 1, 2, 5, 1, '', NULL, '2016-10-24 07:44:58'),
(518, 120, 33, '', 1, 2, 5, 1, '', NULL, '2016-10-24 07:44:58'),
(519, 120, 34, '', 1, 2, 5, 1, '', NULL, '2016-10-24 07:44:58'),
(520, 120, 39, '', 1, 2, 5, 1, '', NULL, '2016-10-24 07:44:58'),
(521, 120, 44, '', 2, 2, 5, 1, '', NULL, '2016-10-24 07:44:58'),
(522, 121, 1, '', 1, 2, 7, 1, '', NULL, '2016-10-24 07:46:08'),
(523, 121, 14, '', 1, 2, 7, 1, '', NULL, '2016-10-24 07:46:08'),
(524, 121, 26, '', 1, 2, 7, 1, '', NULL, '2016-10-24 07:46:08'),
(525, 121, 27, '', 2, 2, 7, 1, '', NULL, '2016-10-24 07:46:08'),
(526, 121, 31, '', 1, 2, 7, 1, '', NULL, '2016-10-24 07:46:08'),
(527, 121, 33, '', 1, 2, 7, 1, '', NULL, '2016-10-24 07:46:09'),
(528, 121, 34, '', 1, 2, 7, 1, '', NULL, '2016-10-24 07:46:09'),
(529, 121, 36, '', 2, 2, 7, 1, '', NULL, '2016-10-24 07:46:09'),
(530, 121, 39, '', 1, 2, 7, 1, '', NULL, '2016-10-24 07:46:09'),
(531, 121, 44, '', 2, 2, 7, 1, '', NULL, '2016-10-24 07:46:09'),
(532, NULL, 14, '', -1, 2, 10, 3, '', '', '2016-10-24 09:41:51'),
(533, NULL, 26, '', -1, 2, 10, 3, '', '', '2016-10-24 09:41:58'),
(534, NULL, 27, '', -2, 2, 10, 3, '', '', '2016-10-24 09:42:09'),
(535, NULL, 36, '', -1, 2, 10, 3, '', '', '2016-10-24 09:42:19'),
(536, 122, 14, '', 1, 2, 10, 4, '', NULL, '2016-10-24 09:43:09'),
(537, 122, 26, '', 1, 2, 10, 4, '', NULL, '2016-10-24 09:43:09'),
(538, 122, 27, '', 2, 2, 10, 4, '', NULL, '2016-10-24 09:43:09'),
(539, 122, 36, '', 1, 2, 10, 4, '', NULL, '2016-10-24 09:43:09'),
(540, NULL, 1, '', -1, 2, 7, 3, '', '', '2016-10-24 13:50:04'),
(541, NULL, 14, '', -1, 2, 7, 3, '', '', '2016-10-24 13:50:15'),
(542, NULL, 26, '', -1, 2, 7, 3, '', '', '2016-10-24 13:50:24'),
(543, NULL, 27, '', -2, 2, 7, 3, '', '', '2016-10-24 13:50:35'),
(544, NULL, 31, '', -1, 2, 7, 3, '', '', '2016-10-24 13:50:43'),
(545, NULL, 33, '', -1, 2, 7, 3, '', '', '2016-10-24 13:50:52'),
(546, NULL, 34, '', -1, 2, 7, 3, '', '', '2016-10-24 13:51:02'),
(547, NULL, 36, '', -2, 2, 7, 3, '', '', '2016-10-24 13:51:12'),
(548, NULL, 39, '', -1, 2, 7, 3, '', '', '2016-10-24 13:51:25'),
(549, NULL, 44, '', -2, 2, 7, 3, '', '', '2016-10-24 13:51:35'),
(550, NULL, 1, '', -1, 2, 5, 3, '', '', '2016-10-24 14:00:47'),
(551, NULL, 14, '', -1, 2, 5, 3, '', '', '2016-10-24 14:00:57'),
(552, NULL, 26, '', -1, 2, 5, 3, '', '', '2016-10-24 14:01:11'),
(553, NULL, 27, '', -2, 2, 5, 3, '', '', '2016-10-24 14:01:23'),
(554, NULL, 31, '', -1, 2, 5, 3, '', '', '2016-10-24 14:01:32'),
(555, NULL, 33, '', -1, 2, 5, 3, '', '', '2016-10-24 14:01:44'),
(556, NULL, 34, '', -1, 2, 5, 3, '', '', '2016-10-24 14:01:53'),
(557, NULL, 39, '', -1, 2, 5, 3, '', '', '2016-10-24 14:02:12'),
(558, NULL, 44, '', -2, 2, 5, 3, '', '', '2016-10-24 14:02:37'),
(559, 123, 1, '', 1, 2, 5, 4, '', NULL, '2016-10-24 14:10:56'),
(560, 123, 14, '', 1, 2, 5, 4, '', NULL, '2016-10-24 14:10:57'),
(561, 123, 26, '', 1, 2, 5, 4, '', NULL, '2016-10-24 14:10:57'),
(562, 123, 27, '', 2, 2, 5, 4, '', NULL, '2016-10-24 14:10:57'),
(563, 123, 31, '', 1, 2, 5, 4, '', NULL, '2016-10-24 14:10:57'),
(564, 123, 33, '', 1, 2, 5, 4, '', NULL, '2016-10-24 14:10:57'),
(565, 123, 34, '', 1, 2, 5, 4, '', NULL, '2016-10-24 14:10:57'),
(566, 123, 39, '', 1, 2, 5, 4, '', NULL, '2016-10-24 14:10:57'),
(567, 123, 44, '', 2, 2, 5, 4, '', NULL, '2016-10-24 14:10:57'),
(568, 124, 1, '', 1, 2, 7, 4, '', NULL, '2016-10-24 14:11:10'),
(569, 124, 14, '', 1, 2, 7, 4, '', NULL, '2016-10-24 14:11:11'),
(570, 124, 26, '', 1, 2, 7, 4, '', NULL, '2016-10-24 14:11:11'),
(571, 124, 27, '', 2, 2, 7, 4, '', NULL, '2016-10-24 14:11:11'),
(572, 124, 31, '', 1, 2, 7, 4, '', NULL, '2016-10-24 14:11:11'),
(573, 124, 33, '', 1, 2, 7, 4, '', NULL, '2016-10-24 14:11:11'),
(574, 124, 34, '', 1, 2, 7, 4, '', NULL, '2016-10-24 14:11:11'),
(575, 124, 36, '', 2, 2, 7, 4, '', NULL, '2016-10-24 14:11:11'),
(576, 124, 39, '', 1, 2, 7, 4, '', NULL, '2016-10-24 14:11:11'),
(577, 124, 44, '', 2, 2, 7, 4, '', NULL, '2016-10-24 14:11:11'),
(578, 125, 1, '', 1, 2, 11, 1, '', NULL, '2016-10-24 14:16:02'),
(579, 125, 14, '', 1, 2, 11, 1, '', NULL, '2016-10-24 14:16:02'),
(580, 125, 26, '', 1, 2, 11, 1, '', NULL, '2016-10-24 14:16:02'),
(581, 125, 27, '', 2, 2, 11, 1, '', NULL, '2016-10-24 14:16:02'),
(582, 125, 31, '', 1, 2, 11, 1, '', NULL, '2016-10-24 14:16:02'),
(583, 125, 33, '', 1, 2, 11, 1, '', NULL, '2016-10-24 14:16:02'),
(584, 125, 34, '', 1, 2, 11, 1, '', NULL, '2016-10-24 14:16:02'),
(585, 125, 36, '', 2, 2, 11, 1, '', NULL, '2016-10-24 14:16:03'),
(586, 125, 39, '', 1, 2, 11, 1, '', NULL, '2016-10-24 14:16:03'),
(587, 125, 44, '', 2, 2, 11, 1, '', NULL, '2016-10-24 14:16:03'),
(588, 126, 1, '', 1, 2, 10, 1, '', NULL, '2016-10-24 14:18:02'),
(589, 126, 14, '', 1, 2, 10, 1, '', NULL, '2016-10-24 14:18:02'),
(590, 126, 26, '', 1, 2, 10, 1, '', NULL, '2016-10-24 14:18:02'),
(591, 126, 27, '', 2, 2, 10, 1, '', NULL, '2016-10-24 14:18:03'),
(592, 126, 31, '', 1, 2, 10, 1, '', NULL, '2016-10-24 14:18:03'),
(593, 126, 33, '', 1, 2, 10, 1, '', NULL, '2016-10-24 14:18:03'),
(594, 126, 34, '', 1, 2, 10, 1, '', NULL, '2016-10-24 14:18:03'),
(595, 126, 36, '', 2, 2, 10, 1, '', NULL, '2016-10-24 14:18:03'),
(596, 126, 39, '', 1, 2, 10, 1, '', NULL, '2016-10-24 14:18:03'),
(597, 126, 44, '', 2, 2, 10, 1, '', NULL, '2016-10-24 14:18:03'),
(598, 127, 61, '', 1, 2, 9, 1, '', NULL, '2016-10-24 21:54:47'),
(599, 127, 76, '', 1, 2, 9, 1, '', NULL, '2016-10-24 21:54:47'),
(600, 127, 99, '', 1, 2, 9, 1, '', NULL, '2016-10-24 21:54:47'),
(601, 127, 117, '', 1, 2, 9, 1, '', NULL, '2016-10-24 21:54:47'),
(602, 127, 122, '', 2, 2, 9, 1, '', NULL, '2016-10-24 21:54:48'),
(603, 127, 101, '', 1, 2, 9, 1, '', NULL, '2016-10-24 21:54:48'),
(604, 127, 64, '', 2, 2, 9, 1, '', NULL, '2016-10-24 21:54:48'),
(605, 127, 123, '', 2, 2, 9, 1, '', NULL, '2016-10-24 21:54:48'),
(606, 127, 115, '', 2, 2, 9, 1, '', NULL, '2016-10-24 21:54:48'),
(607, 127, 66, '', 2, 2, 9, 1, '', NULL, '2016-10-24 21:54:48'),
(608, 127, 95, '', 1, 2, 9, 1, '', NULL, '2016-10-24 21:54:48'),
(609, 127, 112, '', 2, 2, 9, 1, '', NULL, '2016-10-24 21:54:49'),
(610, 127, 69, '', 3, 2, 9, 1, '', NULL, '2016-10-24 21:54:49'),
(611, 127, 65, '', 1, 2, 9, 1, '', NULL, '2016-10-24 21:54:49'),
(612, 127, 73, '', 6, 2, 9, 1, '', NULL, '2016-10-24 21:54:49'),
(613, 127, 75, '', 2, 2, 9, 1, '', NULL, '2016-10-24 21:54:49'),
(614, NULL, 1, '', -1, 2, 10, 3, '', '', '2016-10-24 22:58:23'),
(615, NULL, 14, '', -1, 2, 10, 3, '', '', '2016-10-24 22:58:33'),
(616, NULL, 26, '', -1, 2, 10, 3, '', '', '2016-10-24 22:58:47'),
(617, NULL, 27, '', -2, 2, 10, 3, '', '', '2016-10-24 22:59:01'),
(618, NULL, 31, '', -1, 2, 10, 3, '', '', '2016-10-24 22:59:12'),
(619, NULL, 33, '', -1, 2, 10, 3, '', '', '2016-10-24 22:59:21'),
(620, NULL, 34, '', -1, 2, 10, 3, '', '', '2016-10-24 22:59:30'),
(621, NULL, 36, '', -2, 2, 10, 3, '', '', '2016-10-24 22:59:42'),
(622, NULL, 39, '', -1, 2, 10, 3, '', '', '2016-10-24 22:59:51'),
(623, NULL, 44, '', -2, 2, 10, 3, '', '', '2016-10-24 23:00:04'),
(624, NULL, 61, '', -1, 2, 9, 3, '', '', '2016-10-25 04:20:55'),
(625, NULL, 64, '', -2, 2, 9, 3, '', '', '2016-10-25 04:21:06'),
(626, NULL, 65, '', -1, 2, 9, 3, '', '', '2016-10-25 04:21:17'),
(627, NULL, 123, '', -2, 2, 9, 3, '', '', '2016-10-25 04:21:29'),
(628, NULL, 75, '', -2, 2, 9, 3, '', '', '2016-10-25 04:21:40'),
(629, NULL, 76, '', -1, 2, 9, 3, '', '', '2016-10-25 04:21:50'),
(630, NULL, 112, '', -2, 2, 9, 3, '', '', '2016-10-25 04:22:01'),
(631, NULL, 95, '', -1, 2, 9, 3, '', '', '2016-10-25 04:22:11'),
(632, NULL, 73, '', -6, 2, 9, 3, '', '', '2016-10-25 04:22:26'),
(633, NULL, 122, '', -2, 2, 9, 3, '', '', '2016-10-25 04:22:53'),
(634, NULL, 117, '', -1, 2, 9, 3, '', '', '2016-10-25 04:23:02'),
(635, NULL, 99, '', -1, 2, 9, 3, '', '', '2016-10-25 04:23:11'),
(636, NULL, 115, '', -2, 2, 9, 3, '', '', '2016-10-25 04:23:24'),
(637, NULL, 69, '', -3, 2, 9, 3, '', '', '2016-10-25 04:23:37'),
(638, NULL, 66, '', -2, 2, 9, 3, '', '', '2016-10-25 04:23:47'),
(639, NULL, 101, '', -1, 2, 9, 3, '', '', '2016-10-25 04:23:55'),
(640, 128, 61, '', 1, 2, 9, 4, '', NULL, '2016-10-25 07:20:51'),
(641, 128, 64, '', 2, 2, 9, 4, '', NULL, '2016-10-25 07:20:51'),
(642, 128, 65, '', 1, 2, 9, 4, '', NULL, '2016-10-25 07:20:51'),
(643, 128, 66, '', 2, 2, 9, 4, '', NULL, '2016-10-25 07:20:51'),
(644, 128, 69, '', 3, 2, 9, 4, '', NULL, '2016-10-25 07:20:51'),
(645, 128, 73, '', 6, 2, 9, 4, '', NULL, '2016-10-25 07:20:51'),
(646, 128, 75, '', 2, 2, 9, 4, '', NULL, '2016-10-25 07:20:51'),
(647, 128, 76, '', 1, 2, 9, 4, '', NULL, '2016-10-25 07:20:51'),
(648, 128, 95, '', 1, 2, 9, 4, '', NULL, '2016-10-25 07:20:51'),
(649, 128, 99, '', 1, 2, 9, 4, '', NULL, '2016-10-25 07:20:52'),
(650, 128, 101, '', 1, 2, 9, 4, '', NULL, '2016-10-25 07:20:52'),
(651, 128, 112, '', 2, 2, 9, 4, '', NULL, '2016-10-25 07:20:52'),
(652, 128, 115, '', 2, 2, 9, 4, '', NULL, '2016-10-25 07:20:52'),
(653, 128, 117, '', 1, 2, 9, 4, '', NULL, '2016-10-25 07:20:52'),
(654, 128, 122, '', 2, 2, 9, 4, '', NULL, '2016-10-25 07:20:52'),
(655, 128, 123, '', 2, 2, 9, 4, '', NULL, '2016-10-25 07:20:52'),
(656, 129, 1, '', 1, 2, 10, 4, '', NULL, '2016-10-25 07:21:59'),
(657, 129, 14, '', 1, 2, 10, 4, '', NULL, '2016-10-25 07:21:59'),
(658, 129, 26, '', 1, 2, 10, 4, '', NULL, '2016-10-25 07:21:59'),
(659, 129, 27, '', 2, 2, 10, 4, '', NULL, '2016-10-25 07:21:59'),
(660, 129, 31, '', 1, 2, 10, 4, '', NULL, '2016-10-25 07:21:59'),
(661, 129, 33, '', 1, 2, 10, 4, '', NULL, '2016-10-25 07:22:00'),
(662, 129, 34, '', 1, 2, 10, 4, '', NULL, '2016-10-25 07:22:00'),
(663, 129, 36, '', 2, 2, 10, 4, '', NULL, '2016-10-25 07:22:00'),
(664, 129, 39, '', 1, 2, 10, 4, '', NULL, '2016-10-25 07:22:00'),
(665, 129, 44, '', 2, 2, 10, 4, '', NULL, '2016-10-25 07:22:00'),
(666, NULL, 1, '', -1, 2, 11, 3, '', '', '2016-10-25 07:22:39'),
(667, NULL, 14, '', -1, 2, 11, 3, '', '', '2016-10-25 07:23:01'),
(668, NULL, 27, '', -1, 2, 11, 3, '', '', '2016-10-25 07:23:21'),
(669, NULL, 26, '', -1, 2, 11, 3, '', '', '2016-10-25 07:23:28'),
(670, NULL, 27, '', -1, 2, 11, 3, '', '', '2016-10-25 07:23:37'),
(671, NULL, 31, '', -1, 2, 11, 3, '', '', '2016-10-25 07:23:46'),
(672, NULL, 34, '', -1, 2, 11, 3, '', '', '2016-10-25 07:23:54'),
(673, NULL, 44, '', -2, 2, 11, 3, '', '', '2016-10-25 07:24:02'),
(674, NULL, 33, '', -1, 2, 11, 3, '', '', '2016-10-25 07:24:11'),
(675, NULL, 36, '', -1, 2, 11, 3, '', '', '2016-10-25 07:24:18'),
(676, NULL, 36, '', -1, 2, 11, 3, '', '', '2016-10-25 07:24:28'),
(677, NULL, 39, '', -1, 2, 11, 3, '', '', '2016-10-25 07:24:38'),
(678, 130, 1, '', 1, 2, 11, 4, '', NULL, '2016-10-25 07:25:17'),
(679, 130, 14, '', 1, 2, 11, 4, '', NULL, '2016-10-25 07:25:17'),
(680, 130, 26, '', 1, 2, 11, 4, '', NULL, '2016-10-25 07:25:17'),
(681, 130, 27, '', 2, 2, 11, 4, '', NULL, '2016-10-25 07:25:17'),
(682, 130, 31, '', 1, 2, 11, 4, '', NULL, '2016-10-25 07:25:17'),
(683, 130, 33, '', 1, 2, 11, 4, '', NULL, '2016-10-25 07:25:17'),
(684, 130, 34, '', 1, 2, 11, 4, '', NULL, '2016-10-25 07:25:18'),
(685, 130, 36, '', 2, 2, 11, 4, '', NULL, '2016-10-25 07:25:18'),
(686, 130, 39, '', 1, 2, 11, 4, '', NULL, '2016-10-25 07:25:18'),
(687, 130, 44, '', 2, 2, 11, 4, '', NULL, '2016-10-25 07:25:18'),
(688, 131, 1, '', 1, 2, 5, 1, '', NULL, '2016-10-25 07:26:57'),
(689, 131, 14, '', 1, 2, 5, 1, '', NULL, '2016-10-25 07:26:58'),
(690, 131, 26, '', 1, 2, 5, 1, '', NULL, '2016-10-25 07:26:58'),
(691, 131, 27, '', 2, 2, 5, 1, '', NULL, '2016-10-25 07:26:58'),
(692, 131, 31, '', 1, 2, 5, 1, '', NULL, '2016-10-25 07:26:58'),
(693, 131, 33, '', 1, 2, 5, 1, '', NULL, '2016-10-25 07:26:58'),
(694, 131, 34, '', 1, 2, 5, 1, '', NULL, '2016-10-25 07:26:58'),
(695, 131, 36, '', 2, 2, 5, 1, '', NULL, '2016-10-25 07:26:58'),
(696, 131, 39, '', 1, 2, 5, 1, '', NULL, '2016-10-25 07:26:58'),
(697, 131, 44, '', 2, 2, 5, 1, '', NULL, '2016-10-25 07:26:59'),
(698, 132, 1, '', 1, 2, 7, 1, '', NULL, '2016-10-25 07:28:32'),
(699, 132, 14, '', 1, 2, 7, 1, '', NULL, '2016-10-25 07:28:32'),
(700, 132, 26, '', 1, 2, 7, 1, '', NULL, '2016-10-25 07:28:32'),
(701, 132, 27, '', 2, 2, 7, 1, '', NULL, '2016-10-25 07:28:32'),
(702, 132, 31, '', 1, 2, 7, 1, '', NULL, '2016-10-25 07:28:32'),
(703, 132, 33, '', 1, 2, 7, 1, '', NULL, '2016-10-25 07:28:33'),
(704, 132, 34, '', 1, 2, 7, 1, '', NULL, '2016-10-25 07:28:33'),
(705, 132, 36, '', 2, 2, 7, 1, '', NULL, '2016-10-25 07:28:33'),
(706, 132, 39, '', 1, 2, 7, 1, '', NULL, '2016-10-25 07:28:33'),
(707, 132, 44, '', 2, 2, 7, 1, '', NULL, '2016-10-25 07:28:33'),
(708, 135, 17, '', 1, 2, 5, 1, '', NULL, '2016-10-25 12:30:40'),
(709, 136, 58, '', 1, 2, 11, 1, '', NULL, '2016-10-25 13:28:26'),
(710, NULL, 58, '', -1, 2, 11, 2, '7012', '5580', '2016-10-25 13:29:08'),
(711, NULL, 17, '', -1, 2, 5, 2, '', '573', '2016-10-25 13:57:14'),
(712, NULL, 1, '', -1, 2, 5, 3, '', '', '2016-10-25 13:57:49'),
(713, NULL, 14, '', -1, 2, 5, 3, '', '', '2016-10-25 13:58:09'),
(714, NULL, 26, '', -1, 2, 5, 3, '', '', '2016-10-25 13:58:19'),
(715, NULL, 27, '', -2, 2, 5, 3, '', '', '2016-10-25 13:58:45'),
(716, NULL, 31, '', -1, 2, 5, 3, '', '', '2016-10-25 13:58:54'),
(717, NULL, 33, '', -1, 2, 5, 3, '', '', '2016-10-25 13:59:03'),
(718, NULL, 34, '', -1, 2, 5, 3, '', '', '2016-10-25 13:59:13'),
(719, NULL, 36, '', -2, 2, 5, 3, '', '', '2016-10-25 13:59:27'),
(720, NULL, 39, '', -1, 2, 5, 3, '', '', '2016-10-25 13:59:36'),
(721, NULL, 44, '', -2, 2, 5, 3, '', '', '2016-10-25 13:59:53'),
(722, 137, 1, '', 1, 2, 5, 4, '', NULL, '2016-10-25 14:03:06'),
(723, 137, 14, '', 1, 2, 5, 4, '', NULL, '2016-10-25 14:03:06'),
(724, 137, 26, '', 1, 2, 5, 4, '', NULL, '2016-10-25 14:03:06'),
(725, 137, 27, '', 2, 2, 5, 4, '', NULL, '2016-10-25 14:03:06'),
(726, 137, 31, '', 1, 2, 5, 4, '', NULL, '2016-10-25 14:03:07'),
(727, 137, 33, '', 1, 2, 5, 4, '', NULL, '2016-10-25 14:03:07'),
(728, 137, 34, '', 1, 2, 5, 4, '', NULL, '2016-10-25 14:03:07'),
(729, 137, 36, '', 2, 2, 5, 4, '', NULL, '2016-10-25 14:03:07'),
(730, 137, 39, '', 1, 2, 5, 4, '', NULL, '2016-10-25 14:03:07'),
(731, 137, 44, '', 2, 2, 5, 4, '', NULL, '2016-10-25 14:03:07'),
(732, 138, 1, '', 1, 2, 11, 1, '', NULL, '2016-10-25 14:12:48'),
(733, 138, 14, '', 1, 2, 11, 1, '', NULL, '2016-10-25 14:12:48'),
(734, 138, 26, '', 1, 2, 11, 1, '', NULL, '2016-10-25 14:12:49'),
(735, 138, 27, '', 2, 2, 11, 1, '', NULL, '2016-10-25 14:12:49'),
(736, 138, 31, '', 1, 2, 11, 1, '', NULL, '2016-10-25 14:12:49'),
(737, 138, 33, '', 1, 2, 11, 1, '', NULL, '2016-10-25 14:12:49'),
(738, 138, 34, '', 1, 2, 11, 1, '', NULL, '2016-10-25 14:12:49'),
(739, 138, 36, '', 2, 2, 11, 1, '', NULL, '2016-10-25 14:12:49'),
(740, 138, 39, '', 1, 2, 11, 1, '', NULL, '2016-10-25 14:12:49'),
(741, 138, 44, '', 2, 2, 11, 1, '', NULL, '2016-10-25 14:12:49'),
(742, 138, 17, '', 1, 2, 11, 1, '', NULL, '2016-10-25 14:12:49'),
(743, NULL, 1, '', -1, 2, 7, 3, '', '', '2016-10-25 14:13:58'),
(744, NULL, 14, '', -1, 2, 7, 3, '', '', '2016-10-25 14:14:05'),
(745, NULL, 26, '', -1, 2, 7, 3, '', '', '2016-10-25 14:14:15'),
(746, NULL, 27, '', -2, 2, 7, 3, '', '', '2016-10-25 14:14:26'),
(747, NULL, 31, '', -1, 2, 7, 3, '', '', '2016-10-25 14:14:38'),
(748, NULL, 33, '', -1, 2, 7, 3, '', '', '2016-10-25 14:14:46'),
(749, NULL, 34, '', -1, 2, 7, 3, '', '', '2016-10-25 14:14:54'),
(750, NULL, 36, '', -2, 2, 7, 3, '', '', '2016-10-25 14:15:04'),
(751, NULL, 39, '', -1, 2, 7, 3, '', '', '2016-10-25 14:15:13'),
(752, NULL, 44, '', -2, 2, 7, 3, '', '', '2016-10-25 14:16:01'),
(753, 139, 1, '', 1, 2, 7, 4, '', NULL, '2016-10-25 14:26:39'),
(754, 139, 14, '', 1, 2, 7, 4, '', NULL, '2016-10-25 14:26:39'),
(755, 139, 26, '', 1, 2, 7, 4, '', NULL, '2016-10-25 14:26:40'),
(756, 139, 27, '', 2, 2, 7, 4, '', NULL, '2016-10-25 14:26:40'),
(757, 139, 31, '', 1, 2, 7, 4, '', NULL, '2016-10-25 14:26:40'),
(758, 139, 33, '', 1, 2, 7, 4, '', NULL, '2016-10-25 14:26:40'),
(759, 139, 34, '', 1, 2, 7, 4, '', NULL, '2016-10-25 14:26:40'),
(760, 139, 36, '', 2, 2, 7, 4, '', NULL, '2016-10-25 14:26:40'),
(761, 139, 39, '', 1, 2, 7, 4, '', NULL, '2016-10-25 14:26:40'),
(762, 139, 44, '', 2, 2, 7, 4, '', NULL, '2016-10-25 14:26:40'),
(763, 140, 58, '', 3, 2, 14, 1, '', NULL, '2016-10-25 14:35:33'),
(764, 140, 61, '', 2, 2, 14, 1, '', NULL, '2016-10-25 14:35:34'),
(765, 140, 76, '', 1, 2, 14, 1, '', NULL, '2016-10-25 14:35:34'),
(766, 140, 121, '', 1, 2, 14, 1, '', NULL, '2016-10-25 14:35:34'),
(767, 140, 117, '', 1, 2, 14, 1, '', NULL, '2016-10-25 14:35:34'),
(768, 140, 122, '', 2, 2, 14, 1, '', NULL, '2016-10-25 14:35:34'),
(769, 140, 101, '', 1, 2, 14, 1, '', NULL, '2016-10-25 14:35:34'),
(770, 140, 123, '', 2, 2, 14, 1, '', NULL, '2016-10-25 14:35:34'),
(771, 140, 64, '', 2, 2, 14, 1, '', NULL, '2016-10-25 14:35:34'),
(772, 140, 115, '', 2, 2, 14, 1, '', NULL, '2016-10-25 14:35:34'),
(773, 140, 66, '', 2, 2, 14, 1, '', NULL, '2016-10-25 14:35:35'),
(774, 140, 95, '', 1, 2, 14, 1, '', NULL, '2016-10-25 14:35:35'),
(775, 140, 112, '', 2, 2, 14, 1, '', NULL, '2016-10-25 14:35:35'),
(776, 140, 69, '', 3, 2, 14, 1, '', NULL, '2016-10-25 14:35:35'),
(777, 140, 65, '', 2, 2, 14, 1, '', NULL, '2016-10-25 14:35:35'),
(778, 140, 73, '', 6, 2, 14, 1, '', NULL, '2016-10-25 14:35:35'),
(779, 140, 75, '', 2, 2, 14, 1, '', NULL, '2016-10-25 14:35:35'),
(780, 141, 58, '', 3, 2, 9, 1, '', NULL, '2016-10-25 14:39:39'),
(781, 141, 61, '', 2, 2, 9, 1, '', NULL, '2016-10-25 14:39:39'),
(782, 141, 76, '', 1, 2, 9, 1, '', NULL, '2016-10-25 14:39:39'),
(783, 141, 121, '', 1, 2, 9, 1, '', NULL, '2016-10-25 14:39:39'),
(784, 141, 117, '', 1, 2, 9, 1, '', NULL, '2016-10-25 14:39:39'),
(785, 141, 122, '', 2, 2, 9, 1, '', NULL, '2016-10-25 14:39:39');
INSERT INTO `service_request` (`id`, `arrival_id`, `product_id`, `sn`, `quantity`, `storage_id`, `release_user_id`, `service_status_id`, `bus_number`, `automat_number`, `change_status_datetime`) VALUES
(786, 141, 101, '', 1, 2, 9, 1, '', NULL, '2016-10-25 14:39:39'),
(787, 141, 123, '', 2, 2, 9, 1, '', NULL, '2016-10-25 14:39:39'),
(788, 141, 64, '', 2, 2, 9, 1, '', NULL, '2016-10-25 14:39:40'),
(789, 141, 115, '', 2, 2, 9, 1, '', NULL, '2016-10-25 14:39:40'),
(790, 141, 66, '', 2, 2, 9, 1, '', NULL, '2016-10-25 14:39:40'),
(791, 141, 112, '', 2, 2, 9, 1, '', NULL, '2016-10-25 14:39:40'),
(792, 141, 69, '', 3, 2, 9, 1, '', NULL, '2016-10-25 14:39:40'),
(793, 141, 65, '', 1, 2, 9, 1, '', NULL, '2016-10-25 14:39:40'),
(794, 141, 73, '', 6, 2, 9, 1, '', NULL, '2016-10-25 14:39:40'),
(795, 141, 75, '', 2, 2, 9, 1, '', NULL, '2016-10-25 14:39:40'),
(796, NULL, 1, '', -1, 2, 11, 3, '', '', '2016-10-25 21:35:53'),
(797, NULL, 14, '', -1, 2, 11, 3, '', '', '2016-10-25 21:36:04'),
(798, NULL, 26, '', -1, 2, 11, 3, '', '', '2016-10-25 21:36:18'),
(799, NULL, 27, '', -2, 2, 11, 3, '', '', '2016-10-25 21:36:31'),
(800, NULL, 31, '', -1, 2, 11, 3, '', '', '2016-10-25 21:36:43'),
(801, NULL, 44, '', -2, 2, 11, 3, '', '', '2016-10-25 21:36:58'),
(802, NULL, 33, '', -1, 2, 11, 3, '', '', '2016-10-25 21:37:07'),
(803, NULL, 34, '', -1, 2, 11, 3, '', '', '2016-10-25 21:37:18'),
(804, NULL, 36, '', -2, 2, 11, 3, '', '', '2016-10-25 21:37:32'),
(805, NULL, 39, '', -1, 2, 11, 3, '', '', '2016-10-25 21:37:58'),
(806, NULL, 17, '', -1, 2, 11, 2, '', '542', '2016-10-25 21:38:43'),
(807, NULL, 66, '', -1, 2, 9, 2, '5010', '5706', '2016-10-26 02:12:02'),
(808, NULL, 58, '', -3, 2, 9, 3, '', '', '2016-10-26 02:12:15'),
(809, NULL, 66, '', -1, 2, 9, 3, '', '', '2016-10-26 02:12:25'),
(810, NULL, 61, '', -2, 2, 9, 3, '', '', '2016-10-26 02:12:37'),
(811, NULL, 75, '', -2, 2, 9, 3, '', '', '2016-10-26 02:12:46'),
(812, NULL, 65, '', -1, 2, 9, 3, '', '', '2016-10-26 02:12:55'),
(813, NULL, 76, '', -1, 2, 9, 3, '', '', '2016-10-26 02:13:02'),
(814, NULL, 73, '', -6, 2, 9, 3, '', '', '2016-10-26 02:13:13'),
(815, NULL, 69, '', -3, 2, 9, 3, '', '', '2016-10-26 02:13:22'),
(816, NULL, 112, '', -2, 2, 9, 3, '', '', '2016-10-26 02:13:31'),
(817, NULL, 101, '', -1, 2, 9, 3, '', '', '2016-10-26 02:13:38'),
(818, NULL, 117, '', -1, 2, 9, 3, '', '', '2016-10-26 02:13:45'),
(819, NULL, 121, '', -1, 2, 9, 3, '', '', '2016-10-26 02:13:52'),
(820, NULL, 64, '', -1, 2, 9, 3, '', '', '2016-10-26 02:14:01'),
(821, NULL, 64, '', -1, 2, 9, 3, '', '', '2016-10-26 02:14:10'),
(822, NULL, 115, '', -2, 2, 9, 3, '', '', '2016-10-26 02:14:18'),
(823, NULL, 123, '', -2, 2, 9, 3, '', '', '2016-10-26 02:14:26'),
(824, NULL, 122, '', -2, 2, 9, 3, '', '', '2016-10-26 02:14:35'),
(825, NULL, 58, '', -1, 2, 14, 3, '', '', '2016-10-26 02:40:57'),
(826, NULL, 58, '', -1, 2, 14, 3, '', '', '2016-10-26 02:41:12'),
(827, NULL, 58, '', -1, 2, 14, 3, '', '', '2016-10-26 02:41:28'),
(828, NULL, 61, '', -2, 2, 14, 3, '', '', '2016-10-26 02:41:54'),
(829, NULL, 64, '', -2, 2, 14, 3, '', '', '2016-10-26 02:42:25'),
(830, NULL, 65, '', -2, 2, 14, 3, '', '', '2016-10-26 02:42:43'),
(831, NULL, 66, '', -2, 2, 14, 3, '', '', '2016-10-26 02:43:01'),
(832, NULL, 69, '', -3, 2, 14, 3, '', '', '2016-10-26 02:43:18'),
(833, NULL, 73, '', -6, 2, 14, 3, '', '', '2016-10-26 02:44:53'),
(834, NULL, 75, '', -2, 2, 14, 3, '', '', '2016-10-26 02:45:06'),
(835, NULL, 95, '', -1, 2, 14, 3, '', '', '2016-10-26 02:46:15'),
(836, NULL, 101, '', -1, 2, 14, 3, '', '', '2016-10-26 02:46:30'),
(837, NULL, 112, '', -2, 2, 14, 3, '', '', '2016-10-26 02:46:45'),
(838, NULL, 115, '', -2, 2, 14, 3, '', '', '2016-10-26 02:46:58'),
(839, NULL, 117, '', -1, 2, 14, 3, '', '', '2016-10-26 02:47:14'),
(840, NULL, 121, '', -1, 2, 14, 3, '', '', '2016-10-26 02:47:35'),
(841, NULL, 122, '', -2, 2, 14, 3, '', '', '2016-10-26 02:47:48'),
(842, NULL, 123, '', -2, 2, 14, 3, '', '', '2016-10-26 02:48:05'),
(843, NULL, 76, '', -1, 2, 14, 2, '3127', '5814', '2016-10-26 02:49:07'),
(844, 142, 1, '', 1, 2, 7, 1, '', NULL, '2016-10-26 07:08:40'),
(845, 142, 14, '', 1, 2, 7, 1, '', NULL, '2016-10-26 07:08:41'),
(846, 142, 26, '', 1, 2, 7, 1, '', NULL, '2016-10-26 07:08:41'),
(847, 142, 27, '', 2, 2, 7, 1, '', NULL, '2016-10-26 07:08:41'),
(848, 142, 31, '', 1, 2, 7, 1, '', NULL, '2016-10-26 07:08:41'),
(849, 142, 33, '', 1, 2, 7, 1, '', NULL, '2016-10-26 07:08:41'),
(850, 142, 34, '', 1, 2, 7, 1, '', NULL, '2016-10-26 07:08:41'),
(851, 142, 36, '', 2, 2, 7, 1, '', NULL, '2016-10-26 07:08:41'),
(852, 142, 39, '', 1, 2, 7, 1, '', NULL, '2016-10-26 07:08:41'),
(853, 142, 44, '', 2, 2, 7, 1, '', NULL, '2016-10-26 07:08:41'),
(854, 143, 1, '', 1, 2, 5, 1, '', NULL, '2016-10-26 07:10:25'),
(855, 143, 14, '', 1, 2, 5, 1, '', NULL, '2016-10-26 07:10:26'),
(856, 143, 26, '', 1, 2, 5, 1, '', NULL, '2016-10-26 07:10:26'),
(857, 143, 27, '', 2, 2, 5, 1, '', NULL, '2016-10-26 07:10:26'),
(858, 143, 31, '', 1, 2, 5, 1, '', NULL, '2016-10-26 07:10:26'),
(859, 143, 33, '', 1, 2, 5, 1, '', NULL, '2016-10-26 07:10:26'),
(860, 143, 34, '', 1, 2, 5, 1, '', NULL, '2016-10-26 07:10:26'),
(861, 143, 36, '', 2, 2, 5, 1, '', NULL, '2016-10-26 07:10:26'),
(862, 143, 39, '', 1, 2, 5, 1, '', NULL, '2016-10-26 07:10:26'),
(863, 143, 44, '', 2, 2, 5, 1, '', NULL, '2016-10-26 07:10:26'),
(864, 144, 58, '', 3, 2, 9, 4, '', NULL, '2016-10-26 07:11:19'),
(865, 144, 61, '', 2, 2, 9, 4, '', NULL, '2016-10-26 07:11:19'),
(866, 144, 64, '', 2, 2, 9, 4, '', NULL, '2016-10-26 07:11:19'),
(867, 144, 65, '', 1, 2, 9, 4, '', NULL, '2016-10-26 07:11:19'),
(868, 144, 66, '', 1, 2, 9, 4, '', NULL, '2016-10-26 07:11:19'),
(869, 144, 69, '', 3, 2, 9, 4, '', NULL, '2016-10-26 07:11:19'),
(870, 144, 73, '', 6, 2, 9, 4, '', NULL, '2016-10-26 07:11:19'),
(871, 144, 75, '', 2, 2, 9, 4, '', NULL, '2016-10-26 07:11:19'),
(872, 144, 76, '', 1, 2, 9, 4, '', NULL, '2016-10-26 07:11:20'),
(873, 144, 101, '', 1, 2, 9, 4, '', NULL, '2016-10-26 07:11:20'),
(874, 144, 112, '', 2, 2, 9, 4, '', NULL, '2016-10-26 07:11:20'),
(875, 144, 115, '', 2, 2, 9, 4, '', NULL, '2016-10-26 07:11:20'),
(876, 144, 117, '', 1, 2, 9, 4, '', NULL, '2016-10-26 07:11:20'),
(877, 144, 121, '', 1, 2, 9, 4, '', NULL, '2016-10-26 07:11:20'),
(878, 144, 122, '', 2, 2, 9, 4, '', NULL, '2016-10-26 07:11:20'),
(879, 144, 123, '', 2, 2, 9, 4, '', NULL, '2016-10-26 07:11:20'),
(880, 145, 1, '', 1, 2, 11, 4, '', NULL, '2016-10-26 07:11:34'),
(881, 145, 14, '', 1, 2, 11, 4, '', NULL, '2016-10-26 07:11:34'),
(882, 145, 26, '', 1, 2, 11, 4, '', NULL, '2016-10-26 07:11:35'),
(883, 145, 27, '', 2, 2, 11, 4, '', NULL, '2016-10-26 07:11:35'),
(884, 145, 31, '', 1, 2, 11, 4, '', NULL, '2016-10-26 07:11:35'),
(885, 145, 33, '', 1, 2, 11, 4, '', NULL, '2016-10-26 07:11:35'),
(886, 145, 34, '', 1, 2, 11, 4, '', NULL, '2016-10-26 07:11:35'),
(887, 145, 36, '', 2, 2, 11, 4, '', NULL, '2016-10-26 07:11:35'),
(888, 145, 39, '', 1, 2, 11, 4, '', NULL, '2016-10-26 07:11:35'),
(889, 145, 44, '', 2, 2, 11, 4, '', NULL, '2016-10-26 07:11:35'),
(890, 146, 58, '', 3, 2, 14, 4, '', NULL, '2016-10-26 07:11:57'),
(891, 146, 61, '', 2, 2, 14, 4, '', NULL, '2016-10-26 07:11:57'),
(892, 146, 64, '', 2, 2, 14, 4, '', NULL, '2016-10-26 07:11:57'),
(893, 146, 65, '', 2, 2, 14, 4, '', NULL, '2016-10-26 07:11:57'),
(894, 146, 66, '', 2, 2, 14, 4, '', NULL, '2016-10-26 07:11:57'),
(895, 146, 69, '', 3, 2, 14, 4, '', NULL, '2016-10-26 07:11:57'),
(896, 146, 73, '', 6, 2, 14, 4, '', NULL, '2016-10-26 07:11:57'),
(897, 146, 75, '', 2, 2, 14, 4, '', NULL, '2016-10-26 07:11:57'),
(898, 146, 95, '', 1, 2, 14, 4, '', NULL, '2016-10-26 07:11:58'),
(899, 146, 101, '', 1, 2, 14, 4, '', NULL, '2016-10-26 07:11:58'),
(900, 146, 112, '', 2, 2, 14, 4, '', NULL, '2016-10-26 07:11:58'),
(901, 146, 115, '', 2, 2, 14, 4, '', NULL, '2016-10-26 07:11:58'),
(902, 146, 117, '', 1, 2, 14, 4, '', NULL, '2016-10-26 07:11:58'),
(903, 146, 121, '', 1, 2, 14, 4, '', NULL, '2016-10-26 07:11:58'),
(904, 146, 122, '', 2, 2, 14, 4, '', NULL, '2016-10-26 07:11:58'),
(905, 146, 123, '', 2, 2, 14, 4, '', NULL, '2016-10-26 07:11:58'),
(906, 148, 58, '', 3, 2, 9, 1, '', NULL, '2016-10-26 12:06:30'),
(907, 148, 112, '', 2, 2, 9, 1, '', NULL, '2016-10-26 12:06:31'),
(908, 148, 69, '', 3, 2, 9, 1, '', NULL, '2016-10-26 12:06:31'),
(909, 148, 65, '', 1, 2, 9, 1, '', NULL, '2016-10-26 12:06:31'),
(910, 148, 73, '', 6, 2, 9, 1, '', NULL, '2016-10-26 12:06:31'),
(911, 148, 75, '', 2, 2, 9, 1, '', NULL, '2016-10-26 12:06:31'),
(912, 148, 102, '', 1, 2, 9, 1, '', NULL, '2016-10-26 12:06:31'),
(913, 148, 122, '', 2, 2, 9, 1, '', NULL, '2016-10-26 12:06:31'),
(914, 148, 64, '', 2, 2, 9, 1, '', NULL, '2016-10-26 12:06:31'),
(915, 148, 115, '', 2, 2, 9, 1, '', NULL, '2016-10-26 12:06:31'),
(916, 148, 66, '', 2, 2, 9, 1, '', NULL, '2016-10-26 12:06:32'),
(917, 148, 95, '', 0, 2, 9, 1, '', NULL, '2016-10-26 12:06:32'),
(918, 148, 121, '', 1, 2, 9, 1, '', NULL, '2016-10-26 12:06:32'),
(919, 148, 117, '', 1, 2, 9, 1, '', NULL, '2016-10-26 12:06:32'),
(920, 148, 76, '', 1, 2, 9, 1, '', NULL, '2016-10-26 12:06:32'),
(921, 148, 61, '', 2, 2, 9, 1, '', NULL, '2016-10-26 12:06:32'),
(922, 149, 58, '', 3, 2, 14, 1, '', NULL, '2016-10-26 12:09:48'),
(923, 149, 61, '', 2, 2, 14, 1, '', NULL, '2016-10-26 12:09:48'),
(924, 149, 76, '', 1, 2, 14, 1, '', NULL, '2016-10-26 12:09:48'),
(925, 149, 121, '', 1, 2, 14, 1, '', NULL, '2016-10-26 12:09:48'),
(926, 149, 117, '', 1, 2, 14, 1, '', NULL, '2016-10-26 12:09:49'),
(927, 149, 122, '', 2, 2, 14, 1, '', NULL, '2016-10-26 12:09:49'),
(928, 149, 101, '', 1, 2, 14, 1, '', NULL, '2016-10-26 12:09:49'),
(929, 149, 123, '', 2, 2, 14, 1, '', NULL, '2016-10-26 12:09:49'),
(930, 149, 64, '', 2, 2, 14, 1, '', NULL, '2016-10-26 12:09:49'),
(931, 149, 115, '', 2, 2, 14, 1, '', NULL, '2016-10-26 12:09:49'),
(932, 149, 66, '', 2, 2, 14, 1, '', NULL, '2016-10-26 12:09:49'),
(933, 149, 95, '', 1, 2, 14, 1, '', NULL, '2016-10-26 12:09:49'),
(934, 149, 112, '', 2, 2, 14, 1, '', NULL, '2016-10-26 12:09:49'),
(935, 149, 69, '', 3, 2, 14, 1, '', NULL, '2016-10-26 12:09:49'),
(936, 149, 65, '', 2, 2, 14, 1, '', NULL, '2016-10-26 12:09:50'),
(937, 149, 73, '', 6, 2, 14, 1, '', NULL, '2016-10-26 12:09:50'),
(938, 149, 75, '', 2, 2, 14, 1, '', NULL, '2016-10-26 12:09:50'),
(939, NULL, 1, '', -1, 2, 5, 3, '', '', '2016-10-26 13:55:19'),
(940, NULL, 14, '', -1, 2, 5, 3, '', '', '2016-10-26 13:55:28'),
(941, NULL, 26, '', -1, 2, 5, 3, '', '', '2016-10-26 13:55:39'),
(942, NULL, 27, '', -2, 2, 5, 3, '', '', '2016-10-26 13:55:48'),
(943, NULL, 31, '', -1, 2, 5, 3, '', '', '2016-10-26 13:55:57'),
(944, NULL, 33, '', -1, 2, 5, 3, '', '', '2016-10-26 13:56:05'),
(945, NULL, 34, '', -1, 2, 5, 3, '', '', '2016-10-26 13:56:15'),
(946, NULL, 36, '', -2, 2, 5, 3, '', '', '2016-10-26 13:56:38'),
(947, NULL, 39, '', -1, 2, 5, 3, '', '', '2016-10-26 13:56:48'),
(948, NULL, 44, '', -2, 2, 5, 3, '', '', '2016-10-26 13:57:35'),
(949, NULL, 1, '', -1, 2, 7, 3, '', '', '2016-10-26 14:00:12'),
(950, NULL, 26, '', -1, 2, 7, 3, '', '', '2016-10-26 14:00:21'),
(951, NULL, 14, '', -1, 2, 7, 3, '', '', '2016-10-26 14:00:29'),
(952, NULL, 27, '', -2, 2, 7, 3, '', '', '2016-10-26 14:00:38'),
(953, NULL, 31, '', -1, 2, 7, 3, '', '', '2016-10-26 14:00:45'),
(954, NULL, 33, '', -1, 2, 7, 3, '', '', '2016-10-26 14:00:52'),
(955, NULL, 34, '', -1, 2, 7, 3, '', '', '2016-10-26 14:01:00'),
(956, NULL, 36, '', -2, 2, 7, 3, '', '', '2016-10-26 14:01:09'),
(957, NULL, 39, '', -1, 2, 7, 3, '', '', '2016-10-26 14:01:17'),
(958, NULL, 44, '', -2, 2, 7, 3, '', '', '2016-10-26 14:01:26'),
(959, 150, 1, '', 1, 2, 5, 4, '', NULL, '2016-10-26 14:19:44'),
(960, 150, 14, '', 1, 2, 5, 4, '', NULL, '2016-10-26 14:19:44'),
(961, 150, 26, '', 1, 2, 5, 4, '', NULL, '2016-10-26 14:19:44'),
(962, 150, 27, '', 2, 2, 5, 4, '', NULL, '2016-10-26 14:19:44'),
(963, 150, 31, '', 1, 2, 5, 4, '', NULL, '2016-10-26 14:19:45'),
(964, 150, 33, '', 1, 2, 5, 4, '', NULL, '2016-10-26 14:19:45'),
(965, 150, 34, '', 1, 2, 5, 4, '', NULL, '2016-10-26 14:19:45'),
(966, 150, 36, '', 2, 2, 5, 4, '', NULL, '2016-10-26 14:19:45'),
(967, 150, 39, '', 1, 2, 5, 4, '', NULL, '2016-10-26 14:19:45'),
(968, 150, 44, '', 2, 2, 5, 4, '', NULL, '2016-10-26 14:19:45'),
(969, 151, 1, '', 1, 2, 7, 4, '', NULL, '2016-10-26 14:20:47'),
(970, 151, 14, '', 1, 2, 7, 4, '', NULL, '2016-10-26 14:20:47'),
(971, 151, 26, '', 1, 2, 7, 4, '', NULL, '2016-10-26 14:20:47'),
(972, 151, 27, '', 2, 2, 7, 4, '', NULL, '2016-10-26 14:20:47'),
(973, 151, 31, '', 1, 2, 7, 4, '', NULL, '2016-10-26 14:20:47'),
(974, 151, 33, '', 1, 2, 7, 4, '', NULL, '2016-10-26 14:20:47'),
(975, 151, 34, '', 1, 2, 7, 4, '', NULL, '2016-10-26 14:20:48'),
(976, 151, 36, '', 2, 2, 7, 4, '', NULL, '2016-10-26 14:20:48'),
(977, 151, 39, '', 1, 2, 7, 4, '', NULL, '2016-10-26 14:20:48'),
(978, 151, 44, '', 2, 2, 7, 4, '', NULL, '2016-10-26 14:20:48'),
(979, 152, 1, '', 1, 2, 6, 1, '', NULL, '2016-10-26 14:22:10'),
(980, 152, 14, '', 1, 2, 6, 1, '', NULL, '2016-10-26 14:22:11'),
(981, 152, 26, '', 1, 2, 6, 1, '', NULL, '2016-10-26 14:22:11'),
(982, 152, 27, '', 2, 2, 6, 1, '', NULL, '2016-10-26 14:22:11'),
(983, 152, 31, '', 1, 2, 6, 1, '', NULL, '2016-10-26 14:22:11'),
(984, 152, 33, '', 1, 2, 6, 1, '', NULL, '2016-10-26 14:22:11'),
(985, 152, 34, '', 1, 2, 6, 1, '', NULL, '2016-10-26 14:22:11'),
(986, 152, 36, '', 2, 2, 6, 1, '', NULL, '2016-10-26 14:22:11'),
(987, 152, 39, '', 1, 2, 6, 1, '', NULL, '2016-10-26 14:22:11'),
(988, 152, 44, '', 2, 2, 6, 1, '', NULL, '2016-10-26 14:22:11'),
(989, 153, 1, '', 1, 2, 8, 1, '', NULL, '2016-10-26 14:23:34'),
(990, 153, 14, '', 1, 2, 8, 1, '', NULL, '2016-10-26 14:23:34'),
(991, 153, 26, '', 1, 2, 8, 1, '', NULL, '2016-10-26 14:23:34'),
(992, 153, 27, '', 2, 2, 8, 1, '', NULL, '2016-10-26 14:23:34'),
(993, 153, 31, '', 1, 2, 8, 1, '', NULL, '2016-10-26 14:23:34'),
(994, 153, 33, '', 1, 2, 8, 1, '', NULL, '2016-10-26 14:23:34'),
(995, 153, 34, '', 1, 2, 8, 1, '', NULL, '2016-10-26 14:23:34'),
(996, 153, 36, '', 2, 2, 8, 1, '', NULL, '2016-10-26 14:23:34'),
(997, 153, 39, '', 1, 2, 8, 1, '', NULL, '2016-10-26 14:23:34'),
(998, 153, 44, '', 2, 2, 8, 1, '', NULL, '2016-10-26 14:23:35'),
(999, NULL, 1, '', -1, 2, 6, 3, '', '', '2016-10-26 21:17:50'),
(1000, NULL, 14, '', -1, 2, 6, 3, '', '', '2016-10-26 21:18:00'),
(1001, NULL, 26, '', -1, 2, 6, 3, '', '', '2016-10-26 21:18:33'),
(1002, NULL, 27, '', -1, 2, 6, 3, '', '', '2016-10-26 21:18:50'),
(1003, NULL, 27, '', -1, 2, 6, 3, '', '', '2016-10-26 21:19:01'),
(1004, NULL, 31, '', -1, 2, 6, 3, '', '', '2016-10-26 21:19:12'),
(1005, NULL, 44, '', -1, 2, 6, 3, '', '', '2016-10-26 21:19:22'),
(1006, NULL, 33, '', -1, 2, 6, 3, '', '', '2016-10-26 21:25:41'),
(1007, NULL, 44, '', -1, 2, 6, 3, '', '', '2016-10-26 21:26:01'),
(1008, NULL, 39, '', -1, 2, 6, 3, '', '', '2016-10-26 21:26:14'),
(1009, NULL, 36, '', -1, 2, 6, 3, '', '', '2016-10-26 21:26:26'),
(1010, NULL, 36, '', -1, 2, 6, 3, '', '', '2016-10-26 21:26:43'),
(1011, NULL, 34, '', -1, 2, 6, 3, '', '', '2016-10-26 21:26:59'),
(1012, NULL, 1, '', -1, 2, 8, 3, '', '', '2016-10-26 21:28:34'),
(1013, NULL, 14, '', -1, 2, 8, 3, '', '', '2016-10-26 21:28:44'),
(1014, NULL, 26, '', -1, 2, 8, 3, '', '', '2016-10-26 21:28:54'),
(1015, NULL, 27, '', -1, 2, 8, 3, '', '', '2016-10-26 21:29:02'),
(1016, NULL, 27, '', -1, 2, 8, 3, '', '', '2016-10-26 21:29:12'),
(1017, NULL, 31, '', -1, 2, 8, 3, '', '', '2016-10-26 21:29:21'),
(1018, NULL, 33, '', -1, 2, 8, 3, '', '', '2016-10-26 21:29:30'),
(1019, NULL, 34, '', -1, 2, 8, 3, '', '', '2016-10-26 21:29:44'),
(1020, NULL, 36, '', -1, 2, 8, 3, '', '', '2016-10-26 21:29:52'),
(1021, NULL, 36, '', -1, 2, 8, 3, '', '', '2016-10-26 21:30:02'),
(1022, NULL, 39, '', -1, 2, 8, 3, '', '', '2016-10-26 21:30:17'),
(1023, NULL, 44, '', -1, 2, 8, 3, '', '', '2016-10-26 21:30:25'),
(1024, NULL, 44, '', -1, 2, 8, 3, '', '', '2016-10-26 21:30:39'),
(1025, NULL, 58, '', -3, 2, 9, 3, '', '', '2016-10-27 02:04:29'),
(1026, NULL, 66, '', -2, 2, 9, 3, '', '', '2016-10-27 02:04:37'),
(1027, NULL, 64, '', -2, 2, 9, 3, '', '', '2016-10-27 02:05:38'),
(1028, NULL, 65, '', -1, 2, 9, 3, '', '', '2016-10-27 02:05:52'),
(1029, NULL, 69, '', -1, 2, 9, 3, '', '', '2016-10-27 02:06:29'),
(1030, NULL, 73, '', -1, 2, 9, 3, '', '', '2016-10-27 02:06:40'),
(1031, NULL, 75, '', -2, 2, 9, 3, '', '', '2016-10-27 02:06:50'),
(1032, NULL, 112, '', -2, 2, 9, 3, '', '', '2016-10-27 02:07:01'),
(1033, NULL, 115, '', -1, 2, 9, 3, '', '', '2016-10-27 02:07:10'),
(1034, NULL, 123, '', -2, 2, 9, 3, '', '', '2016-10-27 02:07:20'),
(1035, NULL, 101, '', -1, 2, 9, 3, '', '', '2016-10-27 02:07:32'),
(1036, NULL, 115, '', -1, 2, 9, 3, '', '', '2016-10-27 02:07:41'),
(1037, NULL, 58, '', -1, 2, 14, 2, '8060', '5619', '2016-10-27 03:13:02'),
(1038, NULL, 58, '', -2, 2, 14, 3, '', '', '2016-10-27 03:13:16'),
(1039, NULL, 61, '', -2, 2, 14, 3, '', '', '2016-10-27 03:14:37'),
(1040, NULL, 64, '', -2, 2, 14, 3, '', '', '2016-10-27 03:14:57'),
(1041, NULL, 65, '', -2, 2, 14, 3, '', '', '2016-10-27 03:15:19'),
(1042, NULL, 66, '', -2, 2, 14, 3, '', '', '2016-10-27 03:15:36'),
(1043, NULL, 69, '', -3, 2, 14, 3, '', '', '2016-10-27 03:15:56'),
(1044, NULL, 73, '', -6, 2, 14, 3, '', '', '2016-10-27 03:16:17'),
(1045, NULL, 75, '', -2, 2, 14, 3, '', '', '2016-10-27 03:16:31'),
(1046, NULL, 76, '', -1, 2, 14, 3, '', '', '2016-10-27 03:17:00'),
(1047, NULL, 95, '', -1, 2, 14, 3, '', '', '2016-10-27 03:17:43'),
(1048, NULL, 101, '', -1, 2, 14, 3, '', '', '2016-10-27 03:18:13'),
(1049, NULL, 112, '', -2, 2, 14, 3, '', '', '2016-10-27 03:18:31'),
(1050, NULL, 115, '', -2, 2, 14, 3, '', '', '2016-10-27 03:18:46'),
(1051, NULL, 117, '', -1, 2, 14, 3, '', '', '2016-10-27 03:19:14'),
(1052, NULL, 121, '', -1, 2, 14, 3, '', '', '2016-10-27 03:19:28'),
(1053, NULL, 122, '', -2, 2, 14, 3, '', '', '2016-10-27 03:19:41'),
(1054, NULL, 123, '', -2, 2, 14, 3, '', '', '2016-10-27 03:20:03'),
(1055, 155, 58, '', 2, 2, 14, 4, '', NULL, '2016-10-27 07:22:48'),
(1056, 155, 61, '', 2, 2, 14, 4, '', NULL, '2016-10-27 07:22:48'),
(1057, 155, 64, '', 2, 2, 14, 4, '', NULL, '2016-10-27 07:22:48'),
(1058, 155, 65, '', 2, 2, 14, 4, '', NULL, '2016-10-27 07:22:48'),
(1059, 155, 66, '', 2, 2, 14, 4, '', NULL, '2016-10-27 07:22:48'),
(1060, 155, 69, '', 3, 2, 14, 4, '', NULL, '2016-10-27 07:22:48'),
(1061, 155, 73, '', 6, 2, 14, 4, '', NULL, '2016-10-27 07:22:48'),
(1062, 155, 75, '', 2, 2, 14, 4, '', NULL, '2016-10-27 07:22:48'),
(1063, 155, 76, '', 1, 2, 14, 4, '', NULL, '2016-10-27 07:22:49'),
(1064, 155, 95, '', 1, 2, 14, 4, '', NULL, '2016-10-27 07:22:49'),
(1065, 155, 101, '', 1, 2, 14, 4, '', NULL, '2016-10-27 07:22:49'),
(1066, 155, 112, '', 2, 2, 14, 4, '', NULL, '2016-10-27 07:22:49'),
(1067, 155, 115, '', 2, 2, 14, 4, '', NULL, '2016-10-27 07:22:49'),
(1068, 155, 117, '', 1, 2, 14, 4, '', NULL, '2016-10-27 07:22:49'),
(1069, 155, 121, '', 1, 2, 14, 4, '', NULL, '2016-10-27 07:22:49'),
(1070, 155, 122, '', 2, 2, 14, 4, '', NULL, '2016-10-27 07:22:49'),
(1071, 155, 123, '', 2, 2, 14, 4, '', NULL, '2016-10-27 07:22:49'),
(1072, 156, 58, '', 3, 2, 9, 4, '', NULL, '2016-10-27 07:23:01'),
(1073, 156, 64, '', 2, 2, 9, 4, '', NULL, '2016-10-27 07:23:01'),
(1074, 156, 65, '', 1, 2, 9, 4, '', NULL, '2016-10-27 07:23:01'),
(1075, 156, 66, '', 2, 2, 9, 4, '', NULL, '2016-10-27 07:23:01'),
(1076, 156, 69, '', 1, 2, 9, 4, '', NULL, '2016-10-27 07:23:01'),
(1077, 156, 73, '', 1, 2, 9, 4, '', NULL, '2016-10-27 07:23:01'),
(1078, 156, 75, '', 2, 2, 9, 4, '', NULL, '2016-10-27 07:23:02'),
(1079, 156, 101, '', 1, 2, 9, 4, '', NULL, '2016-10-27 07:23:02'),
(1080, 156, 112, '', 2, 2, 9, 4, '', NULL, '2016-10-27 07:23:02'),
(1081, 156, 115, '', 2, 2, 9, 4, '', NULL, '2016-10-27 07:23:02'),
(1082, 156, 123, '', 2, 2, 9, 4, '', NULL, '2016-10-27 07:23:02'),
(1083, 157, 1, '', 1, 2, 6, 4, '', NULL, '2016-10-27 07:23:19'),
(1084, 157, 14, '', 1, 2, 6, 4, '', NULL, '2016-10-27 07:23:19'),
(1085, 157, 26, '', 1, 2, 6, 4, '', NULL, '2016-10-27 07:23:19'),
(1086, 157, 27, '', 2, 2, 6, 4, '', NULL, '2016-10-27 07:23:19'),
(1087, 157, 31, '', 1, 2, 6, 4, '', NULL, '2016-10-27 07:23:19'),
(1088, 157, 33, '', 1, 2, 6, 4, '', NULL, '2016-10-27 07:23:19'),
(1089, 157, 34, '', 1, 2, 6, 4, '', NULL, '2016-10-27 07:23:19'),
(1090, 157, 36, '', 2, 2, 6, 4, '', NULL, '2016-10-27 07:23:20'),
(1091, 157, 39, '', 1, 2, 6, 4, '', NULL, '2016-10-27 07:23:20'),
(1092, 157, 44, '', 2, 2, 6, 4, '', NULL, '2016-10-27 07:23:20'),
(1093, 158, 1, '', 1, 2, 8, 4, '', NULL, '2016-10-27 07:25:38'),
(1094, 158, 14, '', 1, 2, 8, 4, '', NULL, '2016-10-27 07:25:38'),
(1095, 158, 26, '', 1, 2, 8, 4, '', NULL, '2016-10-27 07:25:38'),
(1096, 158, 27, '', 2, 2, 8, 4, '', NULL, '2016-10-27 07:25:38'),
(1097, 158, 31, '', 1, 2, 8, 4, '', NULL, '2016-10-27 07:25:39'),
(1098, 158, 33, '', 1, 2, 8, 4, '', NULL, '2016-10-27 07:25:39'),
(1099, 158, 34, '', 1, 2, 8, 4, '', NULL, '2016-10-27 07:25:39'),
(1100, 158, 36, '', 2, 2, 8, 4, '', NULL, '2016-10-27 07:25:39'),
(1101, 158, 39, '', 1, 2, 8, 4, '', NULL, '2016-10-27 07:25:39'),
(1102, 158, 44, '', 2, 2, 8, 4, '', NULL, '2016-10-27 07:25:39'),
(1103, 159, 1, '', 1, 2, 5, 1, '', NULL, '2016-10-27 09:12:07'),
(1104, 159, 14, '', 1, 2, 5, 1, '', NULL, '2016-10-27 09:12:07'),
(1105, 159, 26, '', 1, 2, 5, 1, '', NULL, '2016-10-27 09:12:08'),
(1106, 159, 27, '', 2, 2, 5, 1, '', NULL, '2016-10-27 09:12:08'),
(1107, 159, 31, '', 1, 2, 5, 1, '', NULL, '2016-10-27 09:12:08'),
(1108, 159, 33, '', 1, 2, 5, 1, '', NULL, '2016-10-27 09:12:08'),
(1109, 159, 34, '', 1, 2, 5, 1, '', NULL, '2016-10-27 09:12:08'),
(1110, 159, 36, '', 2, 2, 5, 1, '', NULL, '2016-10-27 09:12:08'),
(1111, 159, 39, '', 1, 2, 5, 1, '', NULL, '2016-10-27 09:12:08'),
(1112, 159, 44, '', 2, 2, 5, 1, '', NULL, '2016-10-27 09:12:08'),
(1113, 160, 1, '', 1, 2, 8, 1, '', NULL, '2016-10-27 09:13:28'),
(1114, 160, 14, '', 1, 2, 8, 1, '', NULL, '2016-10-27 09:13:28'),
(1115, 160, 26, '', 1, 2, 8, 1, '', NULL, '2016-10-27 09:13:28'),
(1116, 160, 27, '', 2, 2, 8, 1, '', NULL, '2016-10-27 09:13:28'),
(1117, 160, 31, '', 1, 2, 8, 1, '', NULL, '2016-10-27 09:13:28'),
(1118, 160, 33, '', 1, 2, 8, 1, '', NULL, '2016-10-27 09:13:28'),
(1119, 160, 34, '', 1, 2, 8, 1, '', NULL, '2016-10-27 09:13:28'),
(1120, 160, 36, '', 2, 2, 8, 1, '', NULL, '2016-10-27 09:13:28'),
(1121, 160, 39, '', 1, 2, 8, 1, '', NULL, '2016-10-27 09:13:28'),
(1122, 160, 44, '', 2, 2, 8, 1, '', NULL, '2016-10-27 09:13:29'),
(1123, NULL, 1, '', -1, 2, 5, 2, '', '585', '2016-10-27 13:39:28'),
(1124, NULL, 14, '', -1, 2, 5, 3, '', '', '2016-10-27 13:39:39'),
(1125, NULL, 26, '', -1, 2, 5, 3, '', '', '2016-10-27 13:39:54'),
(1126, NULL, 27, '', -2, 2, 5, 3, '', '', '2016-10-27 13:40:06'),
(1127, NULL, 31, '', -1, 2, 5, 3, '', '', '2016-10-27 13:40:16'),
(1128, NULL, 33, '', -1, 2, 5, 3, '', '', '2016-10-27 13:40:24'),
(1129, NULL, 34, '', -1, 2, 5, 3, '', '', '2016-10-27 13:40:34'),
(1130, NULL, 36, '', -2, 2, 5, 3, '', '', '2016-10-27 13:40:42'),
(1131, NULL, 39, '', -1, 2, 5, 3, '', '', '2016-10-27 13:40:49'),
(1132, NULL, 44, '', -2, 2, 5, 3, '', '', '2016-10-27 13:41:00'),
(1133, NULL, 1, '', -1, 2, 8, 3, '', '', '2016-10-27 13:43:32'),
(1134, NULL, 14, '', -1, 2, 8, 3, '', '', '2016-10-27 13:43:40'),
(1135, NULL, 26, '', -1, 2, 8, 3, '', '', '2016-10-27 13:43:49'),
(1136, NULL, 27, '', -1, 2, 8, 3, '', '', '2016-10-27 13:44:00'),
(1137, NULL, 27, '', -1, 2, 8, 3, '', '', '2016-10-27 13:44:10'),
(1138, NULL, 31, '', -1, 2, 8, 3, '', '', '2016-10-27 13:44:19'),
(1139, NULL, 33, '', -1, 2, 8, 3, '', '', '2016-10-27 13:44:28'),
(1140, NULL, 34, '', -1, 2, 8, 3, '', '', '2016-10-27 13:44:36'),
(1141, NULL, 36, '', -1, 2, 8, 3, '', '', '2016-10-27 13:44:47'),
(1142, NULL, 36, '', -1, 2, 8, 3, '', '', '2016-10-27 13:44:57'),
(1143, NULL, 39, '', -1, 2, 8, 3, '', '', '2016-10-27 13:45:18'),
(1144, NULL, 44, '', -1, 2, 8, 3, '', '', '2016-10-27 13:45:26'),
(1145, NULL, 44, '', -1, 2, 8, 3, '', '', '2016-10-27 13:45:50'),
(1146, 161, 14, '', 1, 2, 5, 4, '', NULL, '2016-10-27 15:00:56'),
(1147, 161, 26, '', 1, 2, 5, 4, '', NULL, '2016-10-27 15:00:56'),
(1148, 161, 27, '', 2, 2, 5, 4, '', NULL, '2016-10-27 15:00:56'),
(1149, 161, 31, '', 1, 2, 5, 4, '', NULL, '2016-10-27 15:00:56'),
(1150, 161, 33, '', 1, 2, 5, 4, '', NULL, '2016-10-27 15:00:56'),
(1151, 161, 34, '', 1, 2, 5, 4, '', NULL, '2016-10-27 15:00:56'),
(1152, 161, 36, '', 2, 2, 5, 4, '', NULL, '2016-10-27 15:00:56'),
(1153, 161, 39, '', 1, 2, 5, 4, '', NULL, '2016-10-27 15:00:56'),
(1154, 161, 44, '', 2, 2, 5, 4, '', NULL, '2016-10-27 15:00:57'),
(1155, 162, 1, '', 1, 2, 8, 4, '', NULL, '2016-10-27 15:01:18'),
(1156, 162, 14, '', 1, 2, 8, 4, '', NULL, '2016-10-27 15:01:19'),
(1157, 162, 26, '', 1, 2, 8, 4, '', NULL, '2016-10-27 15:01:19'),
(1158, 162, 27, '', 2, 2, 8, 4, '', NULL, '2016-10-27 15:01:19'),
(1159, 162, 31, '', 1, 2, 8, 4, '', NULL, '2016-10-27 15:01:19'),
(1160, 162, 33, '', 1, 2, 8, 4, '', NULL, '2016-10-27 15:01:19'),
(1161, 162, 34, '', 1, 2, 8, 4, '', NULL, '2016-10-27 15:01:19'),
(1162, 162, 36, '', 2, 2, 8, 4, '', NULL, '2016-10-27 15:01:19'),
(1163, 162, 39, '', 1, 2, 8, 4, '', NULL, '2016-10-27 15:01:20'),
(1164, 162, 44, '', 2, 2, 8, 4, '', NULL, '2016-10-27 15:01:20'),
(1165, 163, 1, '', 1, 2, 6, 1, '', NULL, '2016-10-27 15:04:08'),
(1166, 163, 14, '', 1, 2, 6, 1, '', NULL, '2016-10-27 15:04:08'),
(1167, 163, 26, '', 1, 2, 6, 1, '', NULL, '2016-10-27 15:04:08'),
(1168, 163, 27, '', 2, 2, 6, 1, '', NULL, '2016-10-27 15:04:08'),
(1169, 163, 31, '', 1, 2, 6, 1, '', NULL, '2016-10-27 15:04:08'),
(1170, 163, 33, '', 1, 2, 6, 1, '', NULL, '2016-10-27 15:04:08'),
(1171, 163, 34, '', 1, 2, 6, 1, '', NULL, '2016-10-27 15:04:09'),
(1172, 163, 36, '', 2, 2, 6, 1, '', NULL, '2016-10-27 15:04:09'),
(1173, 163, 39, '', 1, 2, 6, 1, '', NULL, '2016-10-27 15:04:09'),
(1174, 163, 44, '', 1, 2, 6, 1, '', NULL, '2016-10-27 15:04:09'),
(1175, 164, 1, '', 1, 2, 10, 1, '', NULL, '2016-10-27 15:05:30'),
(1176, 164, 14, '', 1, 2, 10, 1, '', NULL, '2016-10-27 15:05:30'),
(1177, 164, 26, '', 1, 2, 10, 1, '', NULL, '2016-10-27 15:05:30'),
(1178, 164, 27, '', 2, 2, 10, 1, '', NULL, '2016-10-27 15:05:30'),
(1179, 164, 31, '', 1, 2, 10, 1, '', NULL, '2016-10-27 15:05:30'),
(1180, 164, 33, '', 1, 2, 10, 1, '', NULL, '2016-10-27 15:05:30'),
(1181, 164, 34, '', 1, 2, 10, 1, '', NULL, '2016-10-27 15:05:31'),
(1182, 164, 36, '', 2, 2, 10, 1, '', NULL, '2016-10-27 15:05:31'),
(1183, 164, 39, '', 1, 2, 10, 1, '', NULL, '2016-10-27 15:05:31'),
(1184, 164, 44, '', 2, 2, 10, 1, '', NULL, '2016-10-27 15:05:31'),
(1185, NULL, 1, '', -1, 2, 10, 3, '', '', '2016-10-27 21:54:28'),
(1186, NULL, 14, '', -1, 2, 10, 3, '', '', '2016-10-27 21:54:43'),
(1187, NULL, 26, '', -1, 2, 10, 3, '', '', '2016-10-27 21:55:09'),
(1188, NULL, 1, '', -1, 2, 6, 3, '', '', '2016-10-27 21:55:20'),
(1189, NULL, 27, '', -2, 2, 10, 3, '', '', '2016-10-27 21:55:22'),
(1190, NULL, 14, '', -1, 2, 6, 3, '', '', '2016-10-27 21:55:35'),
(1191, NULL, 31, '', -1, 2, 10, 3, '', '', '2016-10-27 21:55:36'),
(1192, NULL, 33, '', -1, 2, 10, 3, '', '', '2016-10-27 21:55:47'),
(1193, NULL, 26, '', -1, 2, 6, 3, '', '', '2016-10-27 21:55:51'),
(1194, NULL, 34, '', -1, 2, 10, 3, '', '', '2016-10-27 21:56:02'),
(1195, NULL, 36, '', -2, 2, 10, 3, '', '', '2016-10-27 21:56:13'),
(1196, NULL, 36, '', -1, 2, 6, 3, '', '', '2016-10-27 21:56:23'),
(1197, NULL, 39, '', -1, 2, 10, 3, '', '', '2016-10-27 21:56:23'),
(1198, NULL, 33, '', -1, 2, 6, 3, '', '', '2016-10-27 21:56:32'),
(1199, NULL, 44, '', -2, 2, 10, 3, '', '', '2016-10-27 21:56:35'),
(1200, NULL, 31, '', -1, 2, 6, 3, '', '', '2016-10-27 21:56:41'),
(1201, NULL, 39, '', -1, 2, 6, 3, '', '', '2016-10-27 21:56:54'),
(1202, NULL, 44, '', -1, 2, 6, 3, '', '', '2016-10-27 21:57:07'),
(1203, NULL, 34, '', -1, 2, 6, 3, '', '', '2016-10-27 21:57:39'),
(1204, NULL, 36, '', -1, 2, 6, 3, '', '', '2016-10-27 21:57:57'),
(1205, NULL, 27, '', -2, 2, 6, 3, '', '', '2016-10-27 21:58:14'),
(1206, 165, 1, '', 1, 2, 6, 4, '', NULL, '2016-10-27 22:48:06'),
(1207, 165, 14, '', 1, 2, 6, 4, '', NULL, '2016-10-27 22:48:06'),
(1208, 165, 26, '', 1, 2, 6, 4, '', NULL, '2016-10-27 22:48:06'),
(1209, 165, 27, '', 2, 2, 6, 4, '', NULL, '2016-10-27 22:48:06'),
(1210, 165, 31, '', 1, 2, 6, 4, '', NULL, '2016-10-27 22:48:06'),
(1211, 165, 33, '', 1, 2, 6, 4, '', NULL, '2016-10-27 22:48:07'),
(1212, 165, 34, '', 1, 2, 6, 4, '', NULL, '2016-10-27 22:48:07'),
(1213, 165, 36, '', 2, 2, 6, 4, '', NULL, '2016-10-27 22:48:07'),
(1214, 165, 39, '', 1, 2, 6, 4, '', NULL, '2016-10-27 22:48:07'),
(1215, 165, 44, '', 1, 2, 6, 4, '', NULL, '2016-10-27 22:48:07'),
(1216, 166, 1, '', 1, 2, 10, 4, '', NULL, '2016-10-27 22:48:33'),
(1217, 166, 14, '', 1, 2, 10, 4, '', NULL, '2016-10-27 22:48:33'),
(1218, 166, 26, '', 1, 2, 10, 4, '', NULL, '2016-10-27 22:48:33'),
(1219, 166, 27, '', 2, 2, 10, 4, '', NULL, '2016-10-27 22:48:33'),
(1220, 166, 31, '', 1, 2, 10, 4, '', NULL, '2016-10-27 22:48:33'),
(1221, 166, 33, '', 1, 2, 10, 4, '', NULL, '2016-10-27 22:48:33'),
(1222, 166, 34, '', 1, 2, 10, 4, '', NULL, '2016-10-27 22:48:33'),
(1223, 166, 36, '', 2, 2, 10, 4, '', NULL, '2016-10-27 22:48:33'),
(1224, 166, 39, '', 1, 2, 10, 4, '', NULL, '2016-10-27 22:48:34'),
(1225, 166, 44, '', 2, 2, 10, 4, '', NULL, '2016-10-27 22:48:34'),
(1226, 167, 1, '', 1, 2, 7, 1, '', NULL, '2016-10-28 06:48:31'),
(1227, 167, 14, '', 1, 2, 7, 1, '', NULL, '2016-10-28 06:48:31'),
(1228, 167, 26, '', 1, 2, 7, 1, '', NULL, '2016-10-28 06:48:31'),
(1229, 167, 27, '', 2, 2, 7, 1, '', NULL, '2016-10-28 06:48:31'),
(1230, 167, 31, '', 1, 2, 7, 1, '', NULL, '2016-10-28 06:48:31'),
(1231, 167, 33, '', 1, 2, 7, 1, '', NULL, '2016-10-28 06:48:31'),
(1232, 167, 34, '', 1, 2, 7, 1, '', NULL, '2016-10-28 06:48:31'),
(1233, 167, 36, '', 2, 2, 7, 1, '', NULL, '2016-10-28 06:48:31'),
(1234, 167, 39, '', 1, 2, 7, 1, '', NULL, '2016-10-28 06:48:31'),
(1235, 167, 44, '', 2, 2, 7, 1, '', NULL, '2016-10-28 06:48:32'),
(1236, 168, 1, '', 1, 2, 5, 1, '', NULL, '2016-10-28 06:59:42'),
(1237, 168, 14, '', 1, 2, 5, 1, '', NULL, '2016-10-28 06:59:42'),
(1238, 168, 26, '', 1, 2, 5, 1, '', NULL, '2016-10-28 06:59:43'),
(1239, 168, 27, '', 2, 2, 5, 1, '', NULL, '2016-10-28 06:59:43'),
(1240, 168, 31, '', 1, 2, 5, 1, '', NULL, '2016-10-28 06:59:43'),
(1241, 168, 33, '', 1, 2, 5, 1, '', NULL, '2016-10-28 06:59:43'),
(1242, 168, 34, '', 1, 2, 5, 1, '', NULL, '2016-10-28 06:59:43'),
(1243, 168, 36, '', 2, 2, 5, 1, '', NULL, '2016-10-28 06:59:43'),
(1244, 168, 39, '', 1, 2, 5, 1, '', NULL, '2016-10-28 06:59:43'),
(1245, 168, 44, '', 2, 2, 5, 1, '', NULL, '2016-10-28 06:59:43'),
(1246, NULL, 61, '', -2, 2, 9, 3, '', '', '2016-10-28 13:47:47'),
(1247, NULL, 69, '', -2, 2, 9, 3, '', '', '2016-10-28 13:48:05'),
(1248, NULL, 73, '', -5, 2, 9, 3, '', '', '2016-10-28 13:48:21'),
(1249, NULL, 76, '', -1, 2, 9, 3, '', '', '2016-10-28 13:48:35'),
(1250, NULL, 102, '', -1, 2, 9, 3, '', '', '2016-10-28 13:49:18'),
(1251, NULL, 117, '', -1, 2, 9, 3, '', '', '2016-10-28 13:49:35'),
(1252, NULL, 121, '', -1, 2, 9, 3, '', '', '2016-10-28 13:49:50'),
(1253, NULL, 122, '', -2, 2, 9, 3, '', '', '2016-10-28 13:50:06'),
(1254, 169, 61, '', 2, 2, 9, 4, '', NULL, '2016-10-28 13:52:04'),
(1255, 169, 69, '', 2, 2, 9, 4, '', NULL, '2016-10-28 13:52:04'),
(1256, 169, 73, '', 5, 2, 9, 4, '', NULL, '2016-10-28 13:52:04'),
(1257, 169, 76, '', 1, 2, 9, 4, '', NULL, '2016-10-28 13:52:04'),
(1258, 169, 102, '', 1, 2, 9, 4, '', NULL, '2016-10-28 13:52:04'),
(1259, 169, 117, '', 1, 2, 9, 4, '', NULL, '2016-10-28 13:52:04'),
(1260, 169, 121, '', 1, 2, 9, 4, '', NULL, '2016-10-28 13:52:05'),
(1261, 169, 122, '', 2, 2, 9, 4, '', NULL, '2016-10-28 13:52:05'),
(1262, NULL, 1, '', -1, 2, 7, 3, '', '', '2016-10-28 13:55:13'),
(1263, NULL, 14, '', -1, 2, 7, 3, '', '', '2016-10-28 13:55:22'),
(1264, NULL, 26, '', -1, 2, 7, 3, '', '', '2016-10-28 13:55:29'),
(1265, NULL, 27, '', -2, 2, 7, 3, '', '', '2016-10-28 13:55:39'),
(1266, NULL, 31, '', -1, 2, 7, 3, '', '', '2016-10-28 13:55:46'),
(1267, NULL, 34, '', -1, 2, 7, 3, '', '', '2016-10-28 13:55:54'),
(1268, NULL, 33, '', -1, 2, 7, 3, '', '', '2016-10-28 13:56:01'),
(1269, NULL, 36, '', -2, 2, 7, 3, '', '', '2016-10-28 13:56:10'),
(1270, NULL, 39, '', -1, 2, 7, 3, '', '', '2016-10-28 13:56:18'),
(1271, NULL, 44, '', -2, 2, 7, 3, '', '', '2016-10-28 13:56:27'),
(1272, NULL, 1, '', -1, 2, 5, 3, '', '', '2016-10-28 14:05:32'),
(1273, NULL, 14, '', -1, 2, 5, 3, '', '', '2016-10-28 14:05:47'),
(1274, NULL, 26, '', -1, 2, 5, 3, '', '', '2016-10-28 14:06:08'),
(1275, NULL, 27, '', -2, 2, 5, 3, '', '', '2016-10-28 14:06:35'),
(1276, NULL, 31, '', -1, 2, 5, 3, '', '', '2016-10-28 14:06:48'),
(1277, NULL, 33, '', -1, 2, 5, 3, '', '', '2016-10-28 14:07:11'),
(1278, NULL, 34, '', -1, 2, 5, 3, '', '', '2016-10-28 14:07:22'),
(1279, NULL, 36, '', -2, 2, 5, 3, '', '', '2016-10-28 14:07:31'),
(1280, NULL, 39, '', -1, 2, 5, 3, '', '', '2016-10-28 14:07:42'),
(1281, NULL, 44, '', -2, 2, 5, 3, '', '', '2016-10-28 14:07:57'),
(1282, 170, 1, '', 1, 2, 5, 4, '', NULL, '2016-10-28 15:19:56'),
(1283, 170, 14, '', 1, 2, 5, 4, '', NULL, '2016-10-28 15:19:56'),
(1284, 170, 26, '', 1, 2, 5, 4, '', NULL, '2016-10-28 15:19:56'),
(1285, 170, 27, '', 2, 2, 5, 4, '', NULL, '2016-10-28 15:19:56'),
(1286, 170, 31, '', 1, 2, 5, 4, '', NULL, '2016-10-28 15:19:56'),
(1287, 170, 33, '', 1, 2, 5, 4, '', NULL, '2016-10-28 15:19:56'),
(1288, 170, 34, '', 1, 2, 5, 4, '', NULL, '2016-10-28 15:19:57'),
(1289, 170, 36, '', 2, 2, 5, 4, '', NULL, '2016-10-28 15:19:57'),
(1290, 170, 39, '', 1, 2, 5, 4, '', NULL, '2016-10-28 15:19:57'),
(1291, 170, 44, '', 2, 2, 5, 4, '', NULL, '2016-10-28 15:19:57'),
(1292, 171, 1, '', 1, 2, 7, 4, '', NULL, '2016-10-28 15:20:13'),
(1293, 171, 14, '', 1, 2, 7, 4, '', NULL, '2016-10-28 15:20:13'),
(1294, 171, 26, '', 1, 2, 7, 4, '', NULL, '2016-10-28 15:20:13'),
(1295, 171, 27, '', 2, 2, 7, 4, '', NULL, '2016-10-28 15:20:13'),
(1296, 171, 31, '', 1, 2, 7, 4, '', NULL, '2016-10-28 15:20:13'),
(1297, 171, 33, '', 1, 2, 7, 4, '', NULL, '2016-10-28 15:20:14'),
(1298, 171, 34, '', 1, 2, 7, 4, '', NULL, '2016-10-28 15:20:14'),
(1299, 171, 36, '', 2, 2, 7, 4, '', NULL, '2016-10-28 15:20:14'),
(1300, 171, 39, '', 1, 2, 7, 4, '', NULL, '2016-10-28 15:20:14'),
(1301, 171, 44, '', 2, 2, 7, 4, '', NULL, '2016-10-28 15:20:14'),
(1302, 172, 1, '', 1, 2, 6, 1, '', NULL, '2016-10-28 16:51:40'),
(1303, 172, 14, '', 1, 2, 6, 1, '', NULL, '2016-10-28 16:51:40'),
(1304, 172, 26, '', 1, 2, 6, 1, '', NULL, '2016-10-28 16:51:40'),
(1305, 172, 27, '', 2, 2, 6, 1, '', NULL, '2016-10-28 16:51:40'),
(1306, 172, 33, '', 1, 2, 6, 1, '', NULL, '2016-10-28 16:51:40'),
(1307, 172, 34, '', 1, 2, 6, 1, '', NULL, '2016-10-28 16:51:40'),
(1308, 172, 36, '', 2, 2, 6, 1, '', NULL, '2016-10-28 16:51:40'),
(1309, 172, 39, '', 1, 2, 6, 1, '', NULL, '2016-10-28 16:51:40'),
(1310, 172, 44, '', 2, 2, 6, 1, '', NULL, '2016-10-28 16:51:40'),
(1311, 172, 31, '', 1, 2, 6, 1, '', NULL, '2016-10-28 16:51:40'),
(1312, 173, 1, '', 1, 2, 10, 1, '', NULL, '2016-10-28 16:55:31'),
(1313, 173, 14, '', 1, 2, 10, 1, '', NULL, '2016-10-28 16:55:31'),
(1314, 173, 26, '', 1, 2, 10, 1, '', NULL, '2016-10-28 16:55:31'),
(1315, 173, 27, '', 2, 2, 10, 1, '', NULL, '2016-10-28 16:55:31'),
(1316, 173, 31, '', 1, 2, 10, 1, '', NULL, '2016-10-28 16:55:32'),
(1317, 173, 33, '', 1, 2, 10, 1, '', NULL, '2016-10-28 16:55:32'),
(1318, 173, 34, '', 1, 2, 10, 1, '', NULL, '2016-10-28 16:55:32'),
(1319, 173, 36, '', 2, 2, 10, 1, '', NULL, '2016-10-28 16:55:32'),
(1320, 173, 39, '', 1, 2, 10, 1, '', NULL, '2016-10-28 16:55:32'),
(1321, 173, 44, '', 2, 2, 10, 1, '', NULL, '2016-10-28 16:55:32'),
(1322, NULL, 1, '', -1, 2, 6, 3, '', '', '2016-10-28 18:23:28'),
(1323, NULL, 44, '', -1, 2, 6, 3, '', '', '2016-10-28 18:23:42'),
(1324, NULL, 44, '', -1, 2, 6, 3, '', '', '2016-10-28 18:23:55'),
(1325, NULL, 39, '', -1, 2, 6, 3, '', '', '2016-10-28 18:24:08'),
(1326, NULL, 36, '', -1, 2, 6, 3, '', '', '2016-10-28 18:24:19'),
(1327, NULL, 36, '', -1, 2, 6, 3, '', '', '2016-10-28 18:24:35'),
(1328, NULL, 34, '', -1, 2, 6, 3, '', '', '2016-10-28 18:24:49'),
(1329, NULL, 33, '', -1, 2, 6, 3, '', '', '2016-10-28 18:25:01'),
(1330, NULL, 31, '', -1, 2, 6, 3, '', '', '2016-10-28 18:25:12'),
(1331, NULL, 27, '', -1, 2, 6, 3, '', '', '2016-10-28 18:25:25'),
(1332, NULL, 27, '', -1, 2, 6, 3, '', '', '2016-10-28 18:25:36'),
(1333, NULL, 26, '', -1, 2, 6, 3, '', '', '2016-10-28 18:25:46'),
(1334, NULL, 14, '', -1, 2, 6, 3, '', '', '2016-10-28 18:26:00'),
(1335, 174, 58, '', 2, 2, 14, 1, '', NULL, '2016-10-28 21:00:30'),
(1336, 174, 61, '', 2, 2, 14, 1, '', NULL, '2016-10-28 21:00:30'),
(1337, 174, 76, '', 1, 2, 14, 1, '', NULL, '2016-10-28 21:00:30'),
(1338, 174, 121, '', 1, 2, 14, 1, '', NULL, '2016-10-28 21:00:30'),
(1339, 174, 117, '', 1, 2, 14, 1, '', NULL, '2016-10-28 21:00:30'),
(1340, 174, 122, '', 2, 2, 14, 1, '', NULL, '2016-10-28 21:00:30'),
(1341, 174, 101, '', 1, 2, 14, 1, '', NULL, '2016-10-28 21:00:30'),
(1342, 174, 123, '', 2, 2, 14, 1, '', NULL, '2016-10-28 21:00:31'),
(1343, 174, 64, '', 2, 2, 14, 1, '', NULL, '2016-10-28 21:00:31'),
(1344, 174, 115, '', 2, 2, 14, 1, '', NULL, '2016-10-28 21:00:31'),
(1345, 174, 66, '', 2, 2, 14, 1, '', NULL, '2016-10-28 21:00:31'),
(1346, 174, 95, '', 1, 2, 14, 1, '', NULL, '2016-10-28 21:00:31'),
(1347, 174, 112, '', 2, 2, 14, 1, '', NULL, '2016-10-28 21:00:31'),
(1348, 174, 69, '', 3, 2, 14, 1, '', NULL, '2016-10-28 21:00:31'),
(1349, 174, 65, '', 2, 2, 14, 1, '', NULL, '2016-10-28 21:00:31'),
(1350, 174, 73, '', 6, 2, 14, 1, '', NULL, '2016-10-28 21:00:31'),
(1351, 174, 75, '', 2, 2, 14, 1, '', NULL, '2016-10-28 21:00:32'),
(1352, 175, 58, '', 3, 2, 9, 1, '', NULL, '2016-10-28 21:05:12'),
(1353, 175, 61, '', 2, 2, 9, 1, '', NULL, '2016-10-28 21:05:12'),
(1354, 175, 76, '', 1, 2, 9, 1, '', NULL, '2016-10-28 21:05:12'),
(1355, 175, 121, '', 1, 2, 9, 1, '', NULL, '2016-10-28 21:05:12'),
(1356, 175, 117, '', 1, 2, 9, 1, '', NULL, '2016-10-28 21:05:12'),
(1357, 175, 122, '', 2, 2, 9, 1, '', NULL, '2016-10-28 21:05:12'),
(1358, 175, 101, '', 1, 2, 9, 1, '', NULL, '2016-10-28 21:05:12'),
(1359, 175, 123, '', 2, 2, 9, 1, '', NULL, '2016-10-28 21:05:12'),
(1360, 175, 64, '', 2, 2, 9, 1, '', NULL, '2016-10-28 21:05:13'),
(1361, 175, 115, '', 2, 2, 9, 1, '', NULL, '2016-10-28 21:05:13'),
(1362, 175, 66, '', 2, 2, 9, 1, '', NULL, '2016-10-28 21:05:13'),
(1363, 175, 112, '', 2, 2, 9, 1, '', NULL, '2016-10-28 21:05:13'),
(1364, 175, 69, '', 3, 2, 9, 1, '', NULL, '2016-10-28 21:05:13'),
(1365, 175, 65, '', 1, 2, 9, 1, '', NULL, '2016-10-28 21:05:13'),
(1366, 175, 73, '', 6, 2, 9, 1, '', NULL, '2016-10-28 21:05:13'),
(1367, 175, 75, '', 2, 2, 9, 1, '', NULL, '2016-10-28 21:05:13'),
(1368, NULL, 1, '', -1, 2, 10, 3, '', '', '2016-10-28 21:49:12'),
(1369, NULL, 14, '', -1, 2, 10, 2, '', '510', '2016-10-28 21:50:02'),
(1370, NULL, 26, '', -1, 2, 10, 3, '', '', '2016-10-28 21:50:14'),
(1371, NULL, 27, '', -2, 2, 10, 3, '', '', '2016-10-28 21:50:25'),
(1372, NULL, 31, '', -1, 2, 10, 3, '', '', '2016-10-28 21:50:36'),
(1373, NULL, 33, '', -1, 2, 10, 3, '', '', '2016-10-28 21:50:51'),
(1374, NULL, 34, '', -1, 2, 10, 3, '', '', '2016-10-28 21:51:01'),
(1375, NULL, 36, '', -2, 2, 10, 3, '', '', '2016-10-28 21:51:14'),
(1376, NULL, 39, '', -1, 2, 10, 3, '', '', '2016-10-28 21:51:25'),
(1377, NULL, 44, '', -2, 2, 10, 3, '', '', '2016-10-28 21:51:37'),
(1378, NULL, 58, '', -3, 2, 9, 3, '', '', '2016-10-29 02:03:45'),
(1379, NULL, 61, '', -2, 2, 9, 3, '', '', '2016-10-29 02:03:55'),
(1380, NULL, 66, '', -2, 2, 9, 3, '', '', '2016-10-29 02:04:05'),
(1381, NULL, 64, '', -2, 2, 9, 3, '', '', '2016-10-29 02:04:13'),
(1382, NULL, 73, '', -6, 2, 9, 3, '', '', '2016-10-29 02:04:25'),
(1383, NULL, 69, '', -3, 2, 9, 3, '', '', '2016-10-29 02:04:34'),
(1384, NULL, 112, '', -2, 2, 9, 3, '', '', '2016-10-29 02:04:42'),
(1385, NULL, 75, '', -2, 2, 9, 3, '', '', '2016-10-29 02:04:50'),
(1386, NULL, 121, '', -1, 2, 9, 3, '', '', '2016-10-29 02:04:58'),
(1387, NULL, 117, '', -1, 2, 9, 3, '', '', '2016-10-29 02:05:05'),
(1388, NULL, 115, '', -2, 2, 9, 3, '', '', '2016-10-29 02:05:14'),
(1389, NULL, 122, '', -2, 2, 9, 3, '', '', '2016-10-29 02:05:24'),
(1390, NULL, 76, '', -1, 2, 9, 3, '', '', '2016-10-29 02:05:31'),
(1391, NULL, 65, '', -1, 2, 9, 3, '', '', '2016-10-29 02:05:38'),
(1392, NULL, 58, '', -2, 2, 14, 3, '', '', '2016-10-29 03:18:18'),
(1393, NULL, 61, '', -2, 2, 14, 3, '', '', '2016-10-29 03:18:33'),
(1394, NULL, 64, '', -2, 2, 14, 3, '', '', '2016-10-29 03:18:52'),
(1395, NULL, 65, '', -1, 2, 14, 2, '7015', '5583', '2016-10-29 03:19:42'),
(1396, NULL, 65, '', -1, 2, 14, 3, '', '', '2016-10-29 03:19:52'),
(1397, NULL, 66, '', -2, 2, 14, 3, '', '', '2016-10-29 03:20:07'),
(1398, NULL, 69, '', -3, 2, 14, 3, '', '', '2016-10-29 03:20:24'),
(1399, NULL, 73, '', -6, 2, 14, 3, '', '', '2016-10-29 03:20:44'),
(1400, NULL, 75, '', -2, 2, 14, 3, '', '', '2016-10-29 03:20:57'),
(1401, NULL, 76, '', -1, 2, 14, 3, '', '', '2016-10-29 03:21:19'),
(1402, NULL, 95, '', -1, 2, 14, 3, '', '', '2016-10-29 03:21:31'),
(1403, NULL, 101, '', -1, 2, 14, 3, '', '', '2016-10-29 03:22:06'),
(1404, NULL, 112, '', -2, 2, 14, 3, '', '', '2016-10-29 03:22:20'),
(1405, NULL, 115, '', -2, 2, 14, 3, '', '', '2016-10-29 03:22:34'),
(1406, NULL, 117, '', -1, 2, 14, 3, '', '', '2016-10-29 03:22:43'),
(1407, NULL, 121, '', -1, 2, 14, 3, '', '', '2016-10-29 03:22:53'),
(1408, NULL, 122, '', -2, 2, 14, 3, '', '', '2016-10-29 03:23:05'),
(1409, NULL, 123, '', -2, 2, 14, 3, '', '', '2016-10-29 03:23:17'),
(1410, 176, 1, '', 1, 2, 6, 4, '', NULL, '2016-10-29 07:13:40'),
(1411, 176, 14, '', 1, 2, 6, 4, '', NULL, '2016-10-29 07:13:41'),
(1412, 176, 26, '', 1, 2, 6, 4, '', NULL, '2016-10-29 07:13:41'),
(1413, 176, 27, '', 2, 2, 6, 4, '', NULL, '2016-10-29 07:13:41'),
(1414, 176, 31, '', 1, 2, 6, 4, '', NULL, '2016-10-29 07:13:41'),
(1415, 176, 33, '', 1, 2, 6, 4, '', NULL, '2016-10-29 07:13:41'),
(1416, 176, 34, '', 1, 2, 6, 4, '', NULL, '2016-10-29 07:13:41'),
(1417, 176, 36, '', 2, 2, 6, 4, '', NULL, '2016-10-29 07:13:41'),
(1418, 176, 39, '', 1, 2, 6, 4, '', NULL, '2016-10-29 07:13:41'),
(1419, 176, 44, '', 2, 2, 6, 4, '', NULL, '2016-10-29 07:13:42'),
(1420, 177, 58, '', 3, 2, 9, 4, '', NULL, '2016-10-29 07:14:05'),
(1421, 177, 61, '', 2, 2, 9, 4, '', NULL, '2016-10-29 07:14:06'),
(1422, 177, 64, '', 2, 2, 9, 4, '', NULL, '2016-10-29 07:14:06'),
(1423, 177, 65, '', 1, 2, 9, 4, '', NULL, '2016-10-29 07:14:06'),
(1424, 177, 66, '', 2, 2, 9, 4, '', NULL, '2016-10-29 07:14:06'),
(1425, 177, 69, '', 3, 2, 9, 4, '', NULL, '2016-10-29 07:14:06'),
(1426, 177, 73, '', 6, 2, 9, 4, '', NULL, '2016-10-29 07:14:06'),
(1427, 177, 75, '', 2, 2, 9, 4, '', NULL, '2016-10-29 07:14:06'),
(1428, 177, 76, '', 1, 2, 9, 4, '', NULL, '2016-10-29 07:14:06'),
(1429, 177, 112, '', 2, 2, 9, 4, '', NULL, '2016-10-29 07:14:07'),
(1430, 177, 115, '', 2, 2, 9, 4, '', NULL, '2016-10-29 07:14:07'),
(1431, 177, 117, '', 1, 2, 9, 4, '', NULL, '2016-10-29 07:14:07'),
(1432, 177, 121, '', 1, 2, 9, 4, '', NULL, '2016-10-29 07:14:07'),
(1433, 177, 122, '', 2, 2, 9, 4, '', NULL, '2016-10-29 07:14:07'),
(1434, 178, 1, '', 1, 2, 10, 4, '', NULL, '2016-10-29 07:14:34'),
(1435, 178, 26, '', 1, 2, 10, 4, '', NULL, '2016-10-29 07:14:34'),
(1436, 178, 27, '', 2, 2, 10, 4, '', NULL, '2016-10-29 07:14:34'),
(1437, 178, 31, '', 1, 2, 10, 4, '', NULL, '2016-10-29 07:14:35'),
(1438, 178, 33, '', 1, 2, 10, 4, '', NULL, '2016-10-29 07:14:35'),
(1439, 178, 34, '', 1, 2, 10, 4, '', NULL, '2016-10-29 07:14:35'),
(1440, 178, 36, '', 2, 2, 10, 4, '', NULL, '2016-10-29 07:14:35'),
(1441, 178, 39, '', 1, 2, 10, 4, '', NULL, '2016-10-29 07:14:35'),
(1442, 178, 44, '', 2, 2, 10, 4, '', NULL, '2016-10-29 07:14:35'),
(1443, 179, 58, '', 2, 2, 14, 4, '', NULL, '2016-10-29 07:16:13'),
(1444, 179, 61, '', 2, 2, 14, 4, '', NULL, '2016-10-29 07:16:13'),
(1445, 179, 64, '', 2, 2, 14, 4, '', NULL, '2016-10-29 07:16:13'),
(1446, 179, 65, '', 1, 2, 14, 4, '', NULL, '2016-10-29 07:16:14'),
(1447, 179, 66, '', 2, 2, 14, 4, '', NULL, '2016-10-29 07:16:14'),
(1448, 179, 69, '', 3, 2, 14, 4, '', NULL, '2016-10-29 07:16:14'),
(1449, 179, 73, '', 6, 2, 14, 4, '', NULL, '2016-10-29 07:16:14'),
(1450, 179, 75, '', 2, 2, 14, 4, '', NULL, '2016-10-29 07:16:14'),
(1451, 179, 76, '', 1, 2, 14, 4, '', NULL, '2016-10-29 07:16:14'),
(1452, 179, 95, '', 1, 2, 14, 4, '', NULL, '2016-10-29 07:16:14'),
(1453, 179, 101, '', 1, 2, 14, 4, '', NULL, '2016-10-29 07:16:14'),
(1454, 179, 112, '', 2, 2, 14, 4, '', NULL, '2016-10-29 07:16:15'),
(1455, 179, 115, '', 2, 2, 14, 4, '', NULL, '2016-10-29 07:16:15'),
(1456, 179, 117, '', 1, 2, 14, 4, '', NULL, '2016-10-29 07:16:15'),
(1457, 179, 121, '', 1, 2, 14, 4, '', NULL, '2016-10-29 07:16:15'),
(1458, 179, 122, '', 2, 2, 14, 4, '', NULL, '2016-10-29 07:16:15'),
(1459, 179, 123, '', 2, 2, 14, 4, '', NULL, '2016-10-29 07:16:15'),
(1460, 180, 42, '', 1, 2, 14, 1, '', NULL, '2016-10-31 07:27:50'),
(1461, NULL, 42, '', -1, 2, 14, 2, '', '538', '2016-10-31 07:29:12'),
(1462, 181, 65, '', 1, 2, 14, 1, '', NULL, '2016-10-31 07:43:14'),
(1463, 181, 61, '', 1, 2, 14, 1, '', NULL, '2016-10-31 07:43:14'),
(1464, NULL, 61, '', -1, 2, 14, 2, '4639', '5733', '2016-10-31 07:48:17'),
(1465, NULL, 65, '', -1, 2, 14, 2, '7015', '5583', '2016-10-31 07:49:47'),
(1466, 183, 66, '', 1, 2, 9, 1, '', NULL, '2016-10-31 09:26:04'),
(1467, NULL, 66, '', -1, 2, 9, 2, '4630', '5735', '2016-10-31 09:27:11'),
(1468, 184, 58, '', 38, 2, 14, 1, '', NULL, '2016-10-31 09:50:09'),
(1469, NULL, 58, '', -38, 2, 14, 2, '100', '100', '2016-10-31 09:51:33'),
(1470, 185, 14, '', 1, 2, 14, 1, '', NULL, '2016-10-31 10:18:40'),
(1471, 185, 26, '', 1, 2, 14, 1, '', NULL, '2016-10-31 10:18:40'),
(1472, 185, 27, '', 2, 2, 14, 1, '', NULL, '2016-10-31 10:18:40'),
(1473, 185, 31, '', 1, 2, 14, 1, '', NULL, '2016-10-31 10:18:40'),
(1474, 185, 33, '', 1, 2, 14, 1, '', NULL, '2016-10-31 10:18:40'),
(1475, 185, 34, '', 1, 2, 14, 1, '', NULL, '2016-10-31 10:18:41'),
(1476, 185, 36, '', 2, 2, 14, 1, '', NULL, '2016-10-31 10:18:41'),
(1477, 185, 39, '', 1, 2, 14, 1, '', NULL, '2016-10-31 10:18:41'),
(1478, 185, 44, '', 2, 2, 14, 1, '', NULL, '2016-10-31 10:18:41'),
(1479, 186, 14, '', 1, 2, 9, 1, '', NULL, '2016-10-31 10:20:29'),
(1480, 186, 14, '', 1, 2, 9, 1, '', NULL, '2016-10-31 10:20:29'),
(1481, 186, 26, '', 1, 2, 9, 1, '', NULL, '2016-10-31 10:20:29'),
(1482, 186, 27, '', 2, 2, 9, 1, '', NULL, '2016-10-31 10:20:29'),
(1483, 186, 31, '', 1, 2, 9, 1, '', NULL, '2016-10-31 10:20:29'),
(1484, 186, 33, '', 1, 2, 9, 1, '', NULL, '2016-10-31 10:20:29'),
(1485, 186, 34, '', 1, 2, 9, 1, '', NULL, '2016-10-31 10:20:29'),
(1486, 186, 36, '', 2, 2, 9, 1, '', NULL, '2016-10-31 10:20:30'),
(1487, 186, 39, '', 1, 2, 9, 1, '', NULL, '2016-10-31 10:20:30'),
(1488, 186, 44, '', 2, 2, 9, 1, '', NULL, '2016-10-31 10:20:30'),
(1489, NULL, 14, '', -2, 2, 9, 3, '', '', '2016-10-31 13:38:20'),
(1490, NULL, 34, '', -1, 2, 9, 3, '', '', '2016-10-31 13:38:29'),
(1491, NULL, 27, '', -2, 2, 9, 3, '', '', '2016-10-31 13:38:41'),
(1492, NULL, 39, '', -1, 2, 9, 3, '', '', '2016-10-31 13:38:49'),
(1493, NULL, 31, '', -1, 2, 9, 3, '', '', '2016-10-31 13:39:03'),
(1494, NULL, 44, '', -2, 2, 9, 3, '', '', '2016-10-31 13:39:12'),
(1495, NULL, 33, '', -1, 2, 9, 3, '', '', '2016-10-31 13:39:21'),
(1496, NULL, 36, '', -2, 2, 9, 3, '', '', '2016-10-31 13:39:30'),
(1497, NULL, 26, '', -1, 2, 9, 3, '', '', '2016-10-31 13:39:38'),
(1498, NULL, 14, '', -1, 2, 14, 3, '', '', '2016-10-31 13:45:12'),
(1499, NULL, 26, '', -1, 2, 14, 3, '', '', '2016-10-31 13:45:23'),
(1500, NULL, 27, '', -2, 2, 14, 3, '', '', '2016-10-31 13:45:45'),
(1501, NULL, 31, '', -1, 2, 14, 3, '', '', '2016-10-31 13:46:18'),
(1502, NULL, 33, '', -1, 2, 14, 3, '', '', '2016-10-31 13:46:28'),
(1503, NULL, 34, '', -1, 2, 14, 3, '', '', '2016-10-31 13:46:38'),
(1504, NULL, 36, '', -2, 2, 14, 3, '', '', '2016-10-31 13:46:59'),
(1505, NULL, 39, '', -1, 2, 14, 3, '', '', '2016-10-31 13:47:08'),
(1506, NULL, 44, '', -1, 2, 14, 3, '', '', '2016-10-31 13:47:43'),
(1507, NULL, 44, '', -1, 2, 14, 3, '', '', '2016-10-31 13:47:53'),
(1508, 187, 14, '', 2, 2, 9, 4, '', NULL, '2016-10-31 13:58:58'),
(1509, 187, 26, '', 1, 2, 9, 4, '', NULL, '2016-10-31 13:58:58'),
(1510, 187, 27, '', 2, 2, 9, 4, '', NULL, '2016-10-31 13:58:58'),
(1511, 187, 31, '', 1, 2, 9, 4, '', NULL, '2016-10-31 13:58:58'),
(1512, 187, 33, '', 1, 2, 9, 4, '', NULL, '2016-10-31 13:58:58'),
(1513, 187, 34, '', 1, 2, 9, 4, '', NULL, '2016-10-31 13:58:59'),
(1514, 187, 36, '', 2, 2, 9, 4, '', NULL, '2016-10-31 13:58:59'),
(1515, 187, 39, '', 1, 2, 9, 4, '', NULL, '2016-10-31 13:58:59'),
(1516, 187, 44, '', 2, 2, 9, 4, '', NULL, '2016-10-31 13:58:59'),
(1517, 188, 14, '', 1, 2, 14, 4, '', NULL, '2016-10-31 13:59:20'),
(1518, 188, 26, '', 1, 2, 14, 4, '', NULL, '2016-10-31 13:59:20'),
(1519, 188, 27, '', 2, 2, 14, 4, '', NULL, '2016-10-31 13:59:20'),
(1520, 188, 31, '', 1, 2, 14, 4, '', NULL, '2016-10-31 13:59:20'),
(1521, 188, 33, '', 1, 2, 14, 4, '', NULL, '2016-10-31 13:59:21'),
(1522, 188, 34, '', 1, 2, 14, 4, '', NULL, '2016-10-31 13:59:21'),
(1523, 188, 36, '', 2, 2, 14, 4, '', NULL, '2016-10-31 13:59:21'),
(1524, 188, 39, '', 1, 2, 14, 4, '', NULL, '2016-10-31 13:59:21'),
(1525, 188, 44, '', 2, 2, 14, 4, '', NULL, '2016-10-31 13:59:21'),
(1526, 189, 1, '', 1, 2, 13, 1, '', NULL, '2016-10-31 14:07:23'),
(1527, 189, 14, '', 1, 2, 13, 1, '', NULL, '2016-10-31 14:07:23'),
(1528, 189, 26, '', 1, 2, 13, 1, '', NULL, '2016-10-31 14:07:24'),
(1529, 189, 27, '', 2, 2, 13, 1, '', NULL, '2016-10-31 14:07:24'),
(1530, 189, 31, '', 1, 2, 13, 1, '', NULL, '2016-10-31 14:07:24'),
(1531, 189, 33, '', 1, 2, 13, 1, '', NULL, '2016-10-31 14:07:24'),
(1532, 189, 34, '', 1, 2, 13, 1, '', NULL, '2016-10-31 14:07:24'),
(1533, 189, 36, '', 2, 2, 13, 1, '', NULL, '2016-10-31 14:07:24'),
(1534, 189, 39, '', 1, 2, 13, 1, '', NULL, '2016-10-31 14:07:24'),
(1535, 189, 44, '', 2, 2, 13, 1, '', NULL, '2016-10-31 14:07:24'),
(1536, 189, 42, '', 1, 2, 13, 1, '', NULL, '2016-10-31 14:07:25'),
(1537, 190, 1, '', 1, 2, 7, 1, '', NULL, '2016-10-31 14:10:33'),
(1538, 190, 14, '', 1, 2, 7, 1, '', NULL, '2016-10-31 14:10:33'),
(1539, 190, 26, '', 1, 2, 7, 1, '', NULL, '2016-10-31 14:10:34'),
(1540, 190, 27, '', 2, 2, 7, 1, '', NULL, '2016-10-31 14:10:34'),
(1541, 190, 31, '', 1, 2, 7, 1, '', NULL, '2016-10-31 14:10:34'),
(1542, 190, 33, '', 1, 2, 7, 1, '', NULL, '2016-10-31 14:10:34'),
(1543, 190, 34, '', 1, 2, 7, 1, '', NULL, '2016-10-31 14:10:34'),
(1544, 190, 36, '', 2, 2, 7, 1, '', NULL, '2016-10-31 14:10:34'),
(1545, 190, 44, '', 2, 2, 7, 1, '', NULL, '2016-10-31 14:10:34'),
(1546, 190, 39, '', 1, 2, 7, 1, '', NULL, '2016-10-31 14:10:34'),
(1547, 190, 42, '', 1, 2, 7, 1, '', NULL, '2016-10-31 14:10:34'),
(1548, 190, 10, '', 1, 2, 7, 1, '', NULL, '2016-10-31 14:10:35'),
(1549, 191, 58, '', 3, 2, 10, 1, '', NULL, '2016-10-31 14:32:02'),
(1550, 191, 112, '', 2, 2, 10, 1, '', NULL, '2016-10-31 14:32:02'),
(1551, 191, 69, '', 1, 2, 10, 1, '', NULL, '2016-10-31 14:32:02'),
(1552, 191, 65, '', 1, 2, 10, 1, '', NULL, '2016-10-31 14:32:03'),
(1553, 191, 73, '', 1, 2, 10, 1, '', NULL, '2016-10-31 14:32:03'),
(1554, 191, 75, '', 2, 2, 10, 1, '', NULL, '2016-10-31 14:32:03'),
(1555, 191, 101, '', 1, 2, 10, 1, '', NULL, '2016-10-31 14:32:03'),
(1556, 191, 123, '', 2, 2, 10, 1, '', NULL, '2016-10-31 14:32:03'),
(1557, 191, 64, '', 2, 2, 10, 1, '', NULL, '2016-10-31 14:32:03'),
(1558, 191, 115, '', 2, 2, 10, 1, '', NULL, '2016-10-31 14:32:03'),
(1559, 191, 66, '', 2, 2, 10, 1, '', NULL, '2016-10-31 14:32:03');
INSERT INTO `service_request` (`id`, `arrival_id`, `product_id`, `sn`, `quantity`, `storage_id`, `release_user_id`, `service_status_id`, `bus_number`, `automat_number`, `change_status_datetime`) VALUES
(1560, 191, 112, '', 2, 2, 10, 1, '', NULL, '2016-10-31 14:32:03'),
(1561, 191, 69, '', 3, 2, 10, 1, '', NULL, '2016-10-31 14:32:04'),
(1562, 191, 65, '', 1, 2, 10, 1, '', NULL, '2016-10-31 14:32:04'),
(1563, 191, 73, '', 6, 2, 10, 1, '', NULL, '2016-10-31 14:32:04'),
(1564, 191, 75, '', 2, 2, 10, 1, '', NULL, '2016-10-31 14:32:04'),
(1565, 192, 58, '', 2, 2, 11, 1, '', NULL, '2016-10-31 14:37:36'),
(1566, 192, 61, '', 1, 2, 11, 1, '', NULL, '2016-10-31 14:37:37'),
(1567, 192, 76, '', 1, 2, 11, 1, '', NULL, '2016-10-31 14:37:37'),
(1568, 192, 121, '', 1, 2, 11, 1, '', NULL, '2016-10-31 14:37:37'),
(1569, 192, 117, '', 1, 2, 11, 1, '', NULL, '2016-10-31 14:37:37'),
(1570, 192, 122, '', 2, 2, 11, 1, '', NULL, '2016-10-31 14:37:37'),
(1571, 192, 101, '', 1, 2, 11, 1, '', NULL, '2016-10-31 14:37:37'),
(1572, 192, 123, '', 2, 2, 11, 1, '', NULL, '2016-10-31 14:37:37'),
(1573, 192, 64, '', 2, 2, 11, 1, '', NULL, '2016-10-31 14:37:37'),
(1574, 192, 115, '', 2, 2, 11, 1, '', NULL, '2016-10-31 14:37:37'),
(1575, 192, 66, '', 2, 2, 11, 1, '', NULL, '2016-10-31 14:37:38'),
(1576, 192, 95, '', 1, 2, 11, 1, '', NULL, '2016-10-31 14:37:38'),
(1577, 192, 112, '', 2, 2, 11, 1, '', NULL, '2016-10-31 14:37:38'),
(1578, 192, 69, '', 3, 2, 11, 1, '', NULL, '2016-10-31 14:37:38'),
(1579, 192, 65, '', 1, 2, 11, 1, '', NULL, '2016-10-31 14:37:38'),
(1580, 192, 73, '', 6, 2, 11, 1, '', NULL, '2016-10-31 14:37:38'),
(1581, 192, 75, '', 2, 2, 11, 1, '', NULL, '2016-10-31 14:37:38'),
(1582, NULL, 10, '', -1, 2, 7, 2, '', '592', '2016-10-31 22:02:49'),
(1583, NULL, 1, '', -1, 2, 7, 3, '', '', '2016-10-31 22:02:58'),
(1584, NULL, 14, '', -1, 2, 7, 3, '', '', '2016-10-31 22:03:06'),
(1585, NULL, 26, '', -1, 2, 7, 3, '', '', '2016-10-31 22:03:13'),
(1586, NULL, 27, '', -2, 2, 7, 3, '', '', '2016-10-31 22:03:22'),
(1587, NULL, 31, '', -1, 2, 7, 3, '', '', '2016-10-31 22:03:29'),
(1588, NULL, 33, '', -1, 2, 7, 3, '', '', '2016-10-31 22:03:36'),
(1589, NULL, 34, '', -1, 2, 7, 3, '', '', '2016-10-31 22:03:42'),
(1590, NULL, 36, '', -2, 2, 7, 3, '', '', '2016-10-31 22:03:53'),
(1591, NULL, 39, '', -1, 2, 7, 3, '', '', '2016-10-31 22:04:00'),
(1592, NULL, 42, '', -1, 2, 7, 3, '', '', '2016-10-31 22:04:12'),
(1593, NULL, 44, '', -2, 2, 7, 3, '', '', '2016-10-31 22:04:20'),
(1594, 193, 1, '', 1, 2, 7, 4, '', NULL, '2016-10-31 22:10:14'),
(1595, 193, 14, '', 1, 2, 7, 4, '', NULL, '2016-10-31 22:10:14'),
(1596, 193, 26, '', 1, 2, 7, 4, '', NULL, '2016-10-31 22:10:14'),
(1597, 193, 27, '', 2, 2, 7, 4, '', NULL, '2016-10-31 22:10:15'),
(1598, 193, 31, '', 1, 2, 7, 4, '', NULL, '2016-10-31 22:10:15'),
(1599, 193, 33, '', 1, 2, 7, 4, '', NULL, '2016-10-31 22:10:15'),
(1600, 193, 34, '', 1, 2, 7, 4, '', NULL, '2016-10-31 22:10:15'),
(1601, 193, 36, '', 2, 2, 7, 4, '', NULL, '2016-10-31 22:10:15'),
(1602, 193, 39, '', 1, 2, 7, 4, '', NULL, '2016-10-31 22:10:15'),
(1603, 193, 42, '', 1, 2, 7, 4, '', NULL, '2016-10-31 22:10:15'),
(1604, 193, 44, '', 2, 2, 7, 4, '', NULL, '2016-10-31 22:10:15'),
(1605, NULL, 1, '', -1, 2, 13, 3, '', '', '2016-10-31 22:13:14'),
(1606, NULL, 14, '', -1, 2, 13, 3, '', '', '2016-10-31 22:13:48'),
(1607, NULL, 26, '', -1, 2, 13, 3, '', '', '2016-10-31 22:15:31'),
(1608, NULL, 27, '', -2, 2, 13, 3, '', '', '2016-10-31 22:16:06'),
(1609, NULL, 27, '', -2, 2, 13, 3, '', '', '2016-10-31 22:16:06'),
(1610, NULL, 31, '', -1, 2, 13, 3, '', '', '2016-10-31 22:16:18'),
(1611, NULL, 33, '', -1, 2, 13, 3, '', '', '2016-10-31 22:16:30'),
(1612, NULL, 34, '', -1, 2, 13, 3, '', '', '2016-10-31 22:16:58'),
(1613, NULL, 39, '', -1, 2, 13, 3, '', '', '2016-10-31 22:17:19'),
(1614, NULL, 36, '', -2, 2, 13, 3, '', '', '2016-10-31 22:17:36'),
(1615, NULL, 42, '', -1, 2, 13, 3, '', '', '2016-10-31 22:17:51'),
(1616, NULL, 44, '', -2, 2, 13, 3, '', '', '2016-10-31 22:18:36'),
(1617, 194, 1, '', 1, 2, 13, 4, '', NULL, '2016-10-31 22:21:46'),
(1618, 194, 14, '', 1, 2, 13, 4, '', NULL, '2016-10-31 22:21:46'),
(1619, 194, 26, '', 1, 2, 13, 4, '', NULL, '2016-10-31 22:21:47'),
(1620, 194, 27, '', 4, 2, 13, 4, '', NULL, '2016-10-31 22:21:47'),
(1621, 194, 31, '', 1, 2, 13, 4, '', NULL, '2016-10-31 22:21:47'),
(1622, 194, 33, '', 1, 2, 13, 4, '', NULL, '2016-10-31 22:21:47'),
(1623, 194, 34, '', 1, 2, 13, 4, '', NULL, '2016-10-31 22:21:47'),
(1624, 194, 36, '', 2, 2, 13, 4, '', NULL, '2016-10-31 22:21:47'),
(1625, 194, 39, '', 1, 2, 13, 4, '', NULL, '2016-10-31 22:21:47'),
(1626, 194, 42, '', 1, 2, 13, 4, '', NULL, '2016-10-31 22:21:47'),
(1627, 194, 44, '', 2, 2, 13, 4, '', NULL, '2016-10-31 22:21:47'),
(1628, NULL, 58, '', -1, 2, 10, 2, '5595', '7027', '2016-11-01 05:02:09'),
(1629, NULL, 58, '', -1, 2, 10, 2, '8086', '5645', '2016-11-01 05:02:39'),
(1630, NULL, 58, '', -1, 2, 10, 2, '2717', '5752', '2016-11-01 05:03:04'),
(1631, NULL, 64, '', -2, 2, 10, 3, '', '', '2016-11-01 05:03:31'),
(1632, NULL, 65, '', -1, 2, 10, 3, '', '', '2016-11-01 05:03:43'),
(1633, NULL, 66, '', -2, 2, 10, 3, '', '', '2016-11-01 05:03:56'),
(1634, NULL, 69, '', -1, 2, 10, 3, '', '', '2016-11-01 05:04:06'),
(1635, NULL, 73, '', -1, 2, 10, 3, '', '', '2016-11-01 05:04:17'),
(1636, NULL, 75, '', -2, 2, 10, 3, '', '', '2016-11-01 05:04:35'),
(1637, NULL, 101, '', -1, 2, 10, 3, '', '', '2016-11-01 05:04:48'),
(1638, NULL, 112, '', -2, 2, 10, 3, '', '', '2016-11-01 05:05:05'),
(1639, NULL, 115, '', -2, 2, 10, 3, '', '', '2016-11-01 05:05:23'),
(1640, NULL, 123, '', -2, 2, 10, 3, '', '', '2016-11-01 05:05:35'),
(1641, 195, 1, '', 1, 2, 5, 1, '', NULL, '2016-11-01 10:46:23'),
(1642, 195, 39, '', 1, 2, 5, 1, '', NULL, '2016-11-01 10:46:23'),
(1643, 195, 34, '', 1, 2, 5, 1, '', NULL, '2016-11-01 10:46:23'),
(1644, 195, 33, '', 1, 2, 5, 1, '', NULL, '2016-11-01 10:46:23'),
(1645, 195, 42, '', 1, 2, 5, 1, '', NULL, '2016-11-01 10:46:24'),
(1646, 195, 27, '', 2, 2, 5, 1, '', NULL, '2016-11-01 10:46:24'),
(1647, 195, 36, '', 2, 2, 5, 1, '', NULL, '2016-11-01 10:46:24'),
(1648, 195, 14, '', 1, 2, 5, 1, '', NULL, '2016-11-01 10:46:24'),
(1649, 195, 31, '', 1, 2, 5, 1, '', NULL, '2016-11-01 10:46:24'),
(1650, 195, 44, '', 2, 2, 5, 1, '', NULL, '2016-11-01 10:46:24'),
(1651, 196, 1, '', 1, 2, 7, 1, '', NULL, '2016-11-01 10:48:15'),
(1652, 196, 39, '', 1, 2, 7, 1, '', NULL, '2016-11-01 10:48:15'),
(1653, 196, 33, '', 1, 2, 7, 1, '', NULL, '2016-11-01 10:48:15'),
(1654, 196, 34, '', 1, 2, 7, 1, '', NULL, '2016-11-01 10:48:15'),
(1655, 196, 44, '', 2, 2, 7, 1, '', NULL, '2016-11-01 10:48:16'),
(1656, 196, 27, '', 2, 2, 7, 1, '', NULL, '2016-11-01 10:48:16'),
(1657, 196, 36, '', 2, 2, 7, 1, '', NULL, '2016-11-01 10:48:16'),
(1658, 196, 42, '', 1, 2, 7, 1, '', NULL, '2016-11-01 10:48:16'),
(1659, NULL, 1, '', -1, 2, 7, 3, '', '', '2016-11-01 21:12:27'),
(1660, NULL, 27, '', -2, 2, 7, 3, '', '', '2016-11-01 21:12:37'),
(1661, NULL, 42, '', -1, 2, 7, 2, '', '538', '2016-11-01 21:13:03'),
(1662, NULL, 33, '', -1, 2, 7, 3, '', '', '2016-11-01 21:13:11'),
(1663, NULL, 34, '', -1, 2, 7, 3, '', '', '2016-11-01 21:13:19'),
(1664, NULL, 36, '', -2, 2, 7, 3, '', '', '2016-11-01 21:13:28'),
(1665, NULL, 39, '', -1, 2, 7, 3, '', '', '2016-11-01 21:13:36'),
(1666, NULL, 44, '', -2, 2, 7, 3, '', '', '2016-11-01 21:13:44'),
(1667, 197, 1, '', 1, 2, 7, 4, '', NULL, '2016-11-01 21:34:22'),
(1668, 197, 27, '', 2, 2, 7, 4, '', NULL, '2016-11-01 21:34:22'),
(1669, 197, 33, '', 1, 2, 7, 4, '', NULL, '2016-11-01 21:34:22'),
(1670, 197, 34, '', 1, 2, 7, 4, '', NULL, '2016-11-01 21:34:22'),
(1671, 197, 36, '', 2, 2, 7, 4, '', NULL, '2016-11-01 21:34:22'),
(1672, 197, 39, '', 1, 2, 7, 4, '', NULL, '2016-11-01 21:34:22'),
(1673, 197, 44, '', 2, 2, 7, 4, '', NULL, '2016-11-01 21:34:23'),
(1674, 198, 64, '', 2, 2, 10, 4, '', NULL, '2016-11-02 12:27:39'),
(1675, 198, 65, '', 1, 2, 10, 4, '', NULL, '2016-11-02 12:27:39'),
(1676, 198, 66, '', 2, 2, 10, 4, '', NULL, '2016-11-02 12:27:39'),
(1677, 198, 69, '', 1, 2, 10, 4, '', NULL, '2016-11-02 12:27:39'),
(1678, 198, 73, '', 1, 2, 10, 4, '', NULL, '2016-11-02 12:27:39'),
(1679, 198, 75, '', 2, 2, 10, 4, '', NULL, '2016-11-02 12:27:40'),
(1680, 198, 101, '', 1, 2, 10, 4, '', NULL, '2016-11-02 12:27:40'),
(1681, 198, 112, '', 2, 2, 10, 4, '', NULL, '2016-11-02 12:27:40'),
(1682, 198, 115, '', 2, 2, 10, 4, '', NULL, '2016-11-02 12:27:40'),
(1683, 198, 123, '', 2, 2, 10, 4, '', NULL, '2016-11-02 12:27:40'),
(1684, NULL, 58, '', -2, 2, 11, 3, '', '', '2016-11-02 12:28:40'),
(1685, NULL, 61, '', -1, 2, 11, 3, '', '', '2016-11-02 12:32:36'),
(1686, NULL, 64, '', -2, 2, 11, 3, '', '', '2016-11-02 12:32:56'),
(1687, NULL, 65, '', -1, 2, 11, 3, '', '', '2016-11-02 12:33:10'),
(1688, NULL, 66, '', -2, 2, 11, 3, '', '', '2016-11-02 12:33:21'),
(1689, NULL, 69, '', -3, 2, 11, 3, '', '', '2016-11-02 12:33:48'),
(1690, NULL, 73, '', -6, 2, 11, 3, '', '', '2016-11-02 12:33:59'),
(1691, NULL, 75, '', -2, 2, 11, 3, '', '', '2016-11-02 12:34:08'),
(1692, NULL, 76, '', -1, 2, 11, 3, '', '', '2016-11-02 12:34:16'),
(1693, NULL, 95, '', -1, 2, 11, 3, '', '', '2016-11-02 12:34:24'),
(1694, NULL, 101, '', -1, 2, 11, 3, '', '', '2016-11-02 12:34:36'),
(1695, NULL, 112, '', -2, 2, 11, 3, '', '', '2016-11-02 12:34:46'),
(1696, NULL, 115, '', -2, 2, 11, 3, '', '', '2016-11-02 12:34:54'),
(1697, NULL, 122, '', -2, 2, 11, 3, '', '', '2016-11-02 12:35:03'),
(1698, NULL, 117, '', -1, 2, 11, 3, '', '', '2016-11-02 12:35:12'),
(1699, NULL, 121, '', -1, 2, 11, 3, '', '', '2016-11-02 12:35:20'),
(1700, NULL, 123, '', -2, 2, 11, 3, '', '', '2016-11-02 12:35:28'),
(1701, 199, 58, '', 2, 2, 11, 4, '', NULL, '2016-11-02 12:35:58'),
(1702, 199, 61, '', 1, 2, 11, 4, '', NULL, '2016-11-02 12:35:58'),
(1703, 199, 64, '', 2, 2, 11, 4, '', NULL, '2016-11-02 12:35:58'),
(1704, 199, 65, '', 1, 2, 11, 4, '', NULL, '2016-11-02 12:35:58'),
(1705, 199, 66, '', 2, 2, 11, 4, '', NULL, '2016-11-02 12:35:58'),
(1706, 199, 69, '', 3, 2, 11, 4, '', NULL, '2016-11-02 12:35:58'),
(1707, 199, 73, '', 6, 2, 11, 4, '', NULL, '2016-11-02 12:35:58'),
(1708, 199, 75, '', 2, 2, 11, 4, '', NULL, '2016-11-02 12:35:58'),
(1709, 199, 76, '', 1, 2, 11, 4, '', NULL, '2016-11-02 12:35:59'),
(1710, 199, 95, '', 1, 2, 11, 4, '', NULL, '2016-11-02 12:35:59'),
(1711, 199, 101, '', 1, 2, 11, 4, '', NULL, '2016-11-02 12:35:59'),
(1712, 199, 112, '', 2, 2, 11, 4, '', NULL, '2016-11-02 12:35:59'),
(1713, 199, 115, '', 2, 2, 11, 4, '', NULL, '2016-11-02 12:35:59'),
(1714, 199, 117, '', 1, 2, 11, 4, '', NULL, '2016-11-02 12:35:59'),
(1715, 199, 121, '', 1, 2, 11, 4, '', NULL, '2016-11-02 12:35:59'),
(1716, 199, 122, '', 2, 2, 11, 4, '', NULL, '2016-11-02 12:35:59'),
(1717, 199, 123, '', 2, 2, 11, 4, '', NULL, '2016-11-02 12:35:59'),
(1718, NULL, 65, '', -1, 2, 10, 3, '', '', '2016-11-02 12:36:36'),
(1719, NULL, 69, '', -3, 2, 10, 3, '', '', '2016-11-02 12:36:44'),
(1720, NULL, 73, '', -6, 2, 10, 3, '', '', '2016-11-02 12:36:53'),
(1721, NULL, 75, '', -2, 2, 10, 3, '', '', '2016-11-02 12:37:03'),
(1722, NULL, 112, '', -2, 2, 10, 3, '', '', '2016-11-02 12:37:11'),
(1723, 200, 65, '', 1, 2, 10, 4, '', NULL, '2016-11-02 12:37:33'),
(1724, 200, 69, '', 3, 2, 10, 4, '', NULL, '2016-11-02 12:37:33'),
(1725, 200, 73, '', 6, 2, 10, 4, '', NULL, '2016-11-02 12:37:33'),
(1726, 200, 75, '', 2, 2, 10, 4, '', NULL, '2016-11-02 12:37:33'),
(1727, 200, 112, '', 2, 2, 10, 4, '', NULL, '2016-11-02 12:37:33'),
(1728, NULL, 1, '', -1, 2, 5, 3, '', '', '2016-11-02 12:45:01'),
(1729, NULL, 14, '', -1, 2, 5, 3, '', '', '2016-11-02 12:45:09'),
(1730, NULL, 27, '', -2, 2, 5, 3, '', '', '2016-11-02 12:45:18'),
(1731, NULL, 31, '', -1, 2, 5, 3, '', '', '2016-11-02 12:45:27'),
(1732, NULL, 33, '', -1, 2, 5, 3, '', '', '2016-11-02 12:45:35'),
(1733, NULL, 34, '', -1, 2, 5, 3, '', '', '2016-11-02 12:45:42'),
(1734, NULL, 42, '', -1, 2, 5, 3, '', '', '2016-11-02 12:45:50'),
(1735, NULL, 36, '', -2, 2, 5, 3, '', '', '2016-11-02 12:45:59'),
(1736, NULL, 39, '', -1, 2, 5, 3, '', '', '2016-11-02 12:46:06'),
(1737, NULL, 44, '', -2, 2, 5, 3, '', '', '2016-11-02 12:46:16'),
(1738, 201, 1, '', 1, 2, 5, 4, '', NULL, '2016-11-02 12:46:40'),
(1739, 201, 14, '', 1, 2, 5, 4, '', NULL, '2016-11-02 12:46:40'),
(1740, 201, 27, '', 2, 2, 5, 4, '', NULL, '2016-11-02 12:46:40'),
(1741, 201, 31, '', 1, 2, 5, 4, '', NULL, '2016-11-02 12:46:40'),
(1742, 201, 33, '', 1, 2, 5, 4, '', NULL, '2016-11-02 12:46:40'),
(1743, 201, 34, '', 1, 2, 5, 4, '', NULL, '2016-11-02 12:46:41'),
(1744, 201, 36, '', 2, 2, 5, 4, '', NULL, '2016-11-02 12:46:41'),
(1745, 201, 39, '', 1, 2, 5, 4, '', NULL, '2016-11-02 12:46:41'),
(1746, 201, 42, '', 1, 2, 5, 4, '', NULL, '2016-11-02 12:46:41'),
(1747, 201, 44, '', 2, 2, 5, 4, '', NULL, '2016-11-02 12:46:41'),
(1748, 202, 58, '', 2, 2, 10, 1, '', NULL, '2016-11-02 12:50:03'),
(1749, NULL, 58, '', -1, 2, 10, 2, '4408', '5018', '2016-11-02 12:50:54'),
(1750, NULL, 58, '', -1, 2, 10, 2, '8314', '5521', '2016-11-02 12:51:29'),
(1751, 203, 58, '', 1, 2, 11, 1, '', NULL, '2016-11-02 13:26:50'),
(1752, NULL, 58, '', -1, 2, 11, 2, '4404', '5243', '2016-11-02 13:27:57'),
(1753, 204, 7, '', 1, 2, 14, 1, '', NULL, '2016-11-02 13:36:53'),
(1754, NULL, 7, '', -1, 2, 14, 2, '', '505', '2016-11-02 13:37:50'),
(1755, 205, 18, '', 1, 2, 7, 1, '', NULL, '2016-11-02 13:54:11'),
(1756, 205, 30, '', 1, 2, 7, 1, '', NULL, '2016-11-02 13:54:11'),
(1757, 205, 14, '', 1, 2, 7, 1, '', NULL, '2016-11-02 13:54:11'),
(1758, 205, 26, '', 1, 2, 7, 1, '', NULL, '2016-11-02 13:54:11'),
(1759, 205, 27, '', 2, 2, 7, 1, '', NULL, '2016-11-02 13:54:11'),
(1760, 205, 31, '', 1, 2, 7, 1, '', NULL, '2016-11-02 13:54:11'),
(1761, 205, 33, '', 1, 2, 7, 1, '', NULL, '2016-11-02 13:54:11'),
(1762, 205, 34, '', 1, 2, 7, 1, '', NULL, '2016-11-02 13:54:11'),
(1763, 205, 36, '', 2, 2, 7, 1, '', NULL, '2016-11-02 13:54:12'),
(1764, 205, 39, '', 1, 2, 7, 1, '', NULL, '2016-11-02 13:54:12'),
(1765, 205, 44, '', 2, 2, 7, 1, '', NULL, '2016-11-02 13:54:12'),
(1766, 205, 30, '', 1, 2, 7, 1, '', NULL, '2016-11-02 13:54:12'),
(1767, 206, 1, '', 1, 2, 5, 1, '', NULL, '2016-11-02 14:19:03'),
(1768, 206, 14, '', 1, 2, 5, 1, '', NULL, '2016-11-02 14:19:03'),
(1769, 206, 26, '', 1, 2, 5, 1, '', NULL, '2016-11-02 14:19:04'),
(1770, 206, 27, '', 2, 2, 5, 1, '', NULL, '2016-11-02 14:19:04'),
(1771, 206, 31, '', 1, 2, 5, 1, '', NULL, '2016-11-02 14:19:04'),
(1772, 206, 33, '', 1, 2, 5, 1, '', NULL, '2016-11-02 14:19:04'),
(1773, 206, 34, '', 1, 2, 5, 1, '', NULL, '2016-11-02 14:19:04'),
(1774, 206, 36, '', 2, 2, 5, 1, '', NULL, '2016-11-02 14:19:04'),
(1775, 206, 39, '', 1, 2, 5, 1, '', NULL, '2016-11-02 14:19:04'),
(1776, 206, 44, '', 2, 2, 5, 1, '', NULL, '2016-11-02 14:19:04'),
(1777, 206, 42, '', 1, 2, 5, 1, '', NULL, '2016-11-02 14:19:04'),
(1778, 207, 25, '', 1, 2, 14, 1, '', NULL, '2016-11-02 14:25:36'),
(1779, NULL, 25, '', -1, 2, 14, 2, '', '505', '2016-11-02 14:27:03'),
(1780, 208, 18, '', 1, 2, 14, 1, '', NULL, '2016-11-02 14:50:01'),
(1781, NULL, 18, '', -1, 2, 14, 2, '', '560', '2016-11-02 14:50:56'),
(1782, 209, 18, '', 1, 2, 14, 1, '', NULL, '2016-11-02 15:02:06'),
(1783, NULL, 18, '', -1, 2, 14, 2, '', '539', '2016-11-02 15:02:48'),
(1784, 210, 58, '', 2, 2, 6, 1, '', NULL, '2016-11-02 15:24:06'),
(1785, 210, 61, '', 2, 2, 6, 1, '', NULL, '2016-11-02 15:24:06'),
(1786, 210, 76, '', 1, 2, 6, 1, '', NULL, '2016-11-02 15:24:06'),
(1787, 210, 121, '', 1, 2, 6, 1, '', NULL, '2016-11-02 15:24:06'),
(1788, 210, 117, '', 1, 2, 6, 1, '', NULL, '2016-11-02 15:24:06'),
(1789, 210, 122, '', 2, 2, 6, 1, '', NULL, '2016-11-02 15:24:07'),
(1790, 210, 101, '', 1, 2, 6, 1, '', NULL, '2016-11-02 15:24:07'),
(1791, 210, 123, '', 2, 2, 6, 1, '', NULL, '2016-11-02 15:24:07'),
(1792, 210, 64, '', 2, 2, 6, 1, '', NULL, '2016-11-02 15:24:07'),
(1793, 210, 115, '', 2, 2, 6, 1, '', NULL, '2016-11-02 15:24:07'),
(1794, 210, 66, '', 2, 2, 6, 1, '', NULL, '2016-11-02 15:24:07'),
(1795, 210, 112, '', 2, 2, 6, 1, '', NULL, '2016-11-02 15:24:07'),
(1796, 210, 69, '', 3, 2, 6, 1, '', NULL, '2016-11-02 15:24:08'),
(1797, 210, 65, '', 1, 2, 6, 1, '', NULL, '2016-11-02 15:24:08'),
(1798, 210, 73, '', 6, 2, 6, 1, '', NULL, '2016-11-02 15:24:08'),
(1799, 210, 75, '', 2, 2, 6, 1, '', NULL, '2016-11-02 15:24:08'),
(1800, 211, 58, '', 2, 2, 10, 1, '', NULL, '2016-11-02 15:27:52'),
(1801, 211, 61, '', 1, 2, 10, 1, '', NULL, '2016-11-02 15:27:52'),
(1802, 211, 76, '', 1, 2, 10, 1, '', NULL, '2016-11-02 15:27:52'),
(1803, 211, 121, '', 1, 2, 10, 1, '', NULL, '2016-11-02 15:27:52'),
(1804, 211, 117, '', 1, 2, 10, 1, '', NULL, '2016-11-02 15:27:53'),
(1805, 211, 122, '', 2, 2, 10, 1, '', NULL, '2016-11-02 15:27:53'),
(1806, 211, 101, '', 1, 2, 10, 1, '', NULL, '2016-11-02 15:27:53'),
(1807, 211, 123, '', 2, 2, 10, 1, '', NULL, '2016-11-02 15:27:53'),
(1808, 211, 64, '', 2, 2, 10, 1, '', NULL, '2016-11-02 15:27:53'),
(1809, 211, 115, '', 2, 2, 10, 1, '', NULL, '2016-11-02 15:27:53'),
(1810, 211, 66, '', 2, 2, 10, 1, '', NULL, '2016-11-02 15:27:53'),
(1811, 211, 95, '', 1, 2, 10, 1, '', NULL, '2016-11-02 15:27:53'),
(1812, 211, 112, '', 2, 2, 10, 1, '', NULL, '2016-11-02 15:27:53'),
(1813, 211, 69, '', 3, 2, 10, 1, '', NULL, '2016-11-02 15:27:54'),
(1814, 211, 65, '', 1, 2, 10, 1, '', NULL, '2016-11-02 15:27:54'),
(1815, 211, 73, '', 6, 2, 10, 1, '', NULL, '2016-11-02 15:27:54'),
(1816, 211, 43, '', 2, 2, 10, 1, '', NULL, '2016-11-02 15:27:54'),
(1817, NULL, 1, '', -1, 2, 5, 3, '', '', '2016-11-02 22:13:47'),
(1818, NULL, 14, '', -1, 2, 5, 3, '', '', '2016-11-02 22:13:59'),
(1819, NULL, 26, '', -1, 2, 5, 3, '', '', '2016-11-02 22:14:32'),
(1820, NULL, 27, '', -2, 2, 5, 3, '', '', '2016-11-02 22:14:47'),
(1821, NULL, 31, '', -1, 2, 5, 3, '', '', '2016-11-02 22:14:56'),
(1822, NULL, 33, '', -1, 2, 5, 3, '', '', '2016-11-02 22:15:04'),
(1823, NULL, 34, '', -1, 2, 5, 3, '', '', '2016-11-02 22:15:14'),
(1824, NULL, 36, '', -2, 2, 5, 3, '', '', '2016-11-02 22:15:23'),
(1825, NULL, 39, '', -1, 2, 5, 3, '', '', '2016-11-02 22:15:32'),
(1826, NULL, 42, '', -1, 2, 5, 3, '', '', '2016-11-02 22:15:41'),
(1827, NULL, 44, '', -2, 2, 5, 3, '', '', '2016-11-02 22:15:51'),
(1828, NULL, 30, '', -1, 2, 7, 3, '', '', '2016-11-02 22:16:45'),
(1829, NULL, 30, '', -1, 2, 7, 2, '', '606', '2016-11-02 22:17:11'),
(1830, NULL, 18, '', -1, 2, 7, 2, '', '606', '2016-11-02 22:17:30'),
(1831, NULL, 27, '', -1, 2, 7, 2, '', '606', '2016-11-02 22:17:44'),
(1832, NULL, 14, '', -1, 2, 7, 3, '', '', '2016-11-02 22:17:52'),
(1833, NULL, 26, '', -1, 2, 7, 3, '', '', '2016-11-02 22:18:02'),
(1834, NULL, 27, '', -1, 2, 7, 3, '', '', '2016-11-02 22:18:10'),
(1835, NULL, 31, '', -1, 2, 7, 3, '', '', '2016-11-02 22:18:19'),
(1836, NULL, 33, '', -1, 2, 7, 3, '', '', '2016-11-02 22:18:28'),
(1837, NULL, 34, '', -1, 2, 7, 3, '', '', '2016-11-02 22:18:36'),
(1838, NULL, 36, '', -2, 2, 7, 3, '', '', '2016-11-02 22:18:47'),
(1839, NULL, 39, '', -1, 2, 7, 3, '', '', '2016-11-02 22:18:56'),
(1840, NULL, 44, '', -2, 2, 7, 3, '', '', '2016-11-02 22:19:09'),
(1841, NULL, 76, '', -1, 2, 6, 2, '2379', '5340', '2016-11-03 04:31:36'),
(1842, NULL, 65, '', -1, 2, 10, 2, '8329', '5536', '2016-11-03 04:32:24'),
(1843, NULL, 58, '', -2, 2, 6, 3, '', '', '2016-11-03 04:32:39'),
(1844, NULL, 43, '', -2, 2, 10, 3, '', '', '2016-11-03 04:32:40'),
(1845, NULL, 58, '', -2, 2, 10, 3, '', '', '2016-11-03 04:32:55'),
(1846, NULL, 61, '', -1, 2, 10, 3, '', '', '2016-11-03 04:33:06'),
(1847, NULL, 61, '', -1, 2, 6, 3, '', '', '2016-11-03 04:33:10'),
(1848, NULL, 64, '', -2, 2, 10, 3, '', '', '2016-11-03 04:33:19'),
(1849, NULL, 61, '', -1, 2, 6, 3, '', '', '2016-11-03 04:33:24'),
(1850, NULL, 66, '', -2, 2, 10, 3, '', '', '2016-11-03 04:33:31'),
(1851, NULL, 64, '', -2, 2, 6, 3, '', '', '2016-11-03 04:33:38'),
(1852, NULL, 69, '', -3, 2, 10, 3, '', '', '2016-11-03 04:33:43'),
(1853, NULL, 65, '', -1, 2, 6, 3, '', '', '2016-11-03 04:33:50'),
(1854, NULL, 73, '', -6, 2, 10, 3, '', '', '2016-11-03 04:34:30'),
(1855, NULL, 76, '', -1, 2, 10, 3, '', '', '2016-11-03 04:34:46'),
(1856, NULL, 95, '', -1, 2, 10, 3, '', '', '2016-11-03 04:35:09'),
(1857, NULL, 66, '', -2, 2, 6, 3, '', '', '2016-11-03 04:35:10'),
(1858, NULL, 101, '', -1, 2, 10, 3, '', '', '2016-11-03 04:35:23'),
(1859, NULL, 112, '', -2, 2, 10, 3, '', '', '2016-11-03 04:35:38'),
(1860, NULL, 69, '', -3, 2, 6, 3, '', '', '2016-11-03 04:35:41'),
(1861, NULL, 115, '', -2, 2, 10, 3, '', '', '2016-11-03 04:35:51'),
(1862, NULL, 117, '', -1, 2, 10, 3, '', '', '2016-11-03 04:36:01'),
(1863, NULL, 121, '', -1, 2, 10, 3, '', '', '2016-11-03 04:36:20'),
(1864, NULL, 73, '', -6, 2, 6, 3, '', '', '2016-11-03 04:36:25'),
(1865, NULL, 122, '', -2, 2, 10, 3, '', '', '2016-11-03 04:36:30'),
(1866, NULL, 75, '', -2, 2, 6, 3, '', '', '2016-11-03 04:36:36'),
(1867, NULL, 123, '', -2, 2, 10, 3, '', '', '2016-11-03 04:36:41'),
(1868, NULL, 101, '', -1, 2, 6, 3, '', '', '2016-11-03 04:36:48'),
(1869, NULL, 112, '', -2, 2, 6, 3, '', '', '2016-11-03 04:37:09'),
(1870, NULL, 115, '', -2, 2, 6, 3, '', '', '2016-11-03 04:37:20'),
(1871, NULL, 117, '', -1, 2, 6, 3, '', '', '2016-11-03 04:37:31'),
(1872, NULL, 121, '', -1, 2, 6, 3, '', '', '2016-11-03 04:37:43'),
(1873, NULL, 122, '', -2, 2, 6, 3, '', '', '2016-11-03 04:37:57'),
(1874, NULL, 123, '', -2, 2, 6, 3, '', '', '2016-11-03 04:38:08'),
(1875, 212, 1, '', 1, 2, 5, 4, '', NULL, '2016-11-03 07:59:24'),
(1876, 212, 14, '', 1, 2, 5, 4, '', NULL, '2016-11-03 07:59:24'),
(1877, 212, 26, '', 1, 2, 5, 4, '', NULL, '2016-11-03 07:59:24'),
(1878, 212, 27, '', 2, 2, 5, 4, '', NULL, '2016-11-03 07:59:24'),
(1879, 212, 31, '', 1, 2, 5, 4, '', NULL, '2016-11-03 07:59:24'),
(1880, 212, 33, '', 1, 2, 5, 4, '', NULL, '2016-11-03 07:59:24'),
(1881, 212, 34, '', 1, 2, 5, 4, '', NULL, '2016-11-03 07:59:24'),
(1882, 212, 36, '', 2, 2, 5, 4, '', NULL, '2016-11-03 07:59:24'),
(1883, 212, 39, '', 1, 2, 5, 4, '', NULL, '2016-11-03 07:59:25'),
(1884, 212, 42, '', 1, 2, 5, 4, '', NULL, '2016-11-03 07:59:25'),
(1885, 212, 44, '', 2, 2, 5, 4, '', NULL, '2016-11-03 07:59:25'),
(1886, 213, 14, '', 1, 2, 7, 4, '', NULL, '2016-11-03 08:03:42'),
(1887, 213, 26, '', 1, 2, 7, 4, '', NULL, '2016-11-03 08:03:42'),
(1888, 213, 27, '', 1, 2, 7, 4, '', NULL, '2016-11-03 08:03:43'),
(1889, 213, 30, '', 1, 2, 7, 4, '', NULL, '2016-11-03 08:03:43'),
(1890, 213, 31, '', 1, 2, 7, 4, '', NULL, '2016-11-03 08:03:43'),
(1891, 213, 33, '', 1, 2, 7, 4, '', NULL, '2016-11-03 08:03:43'),
(1892, 213, 34, '', 1, 2, 7, 4, '', NULL, '2016-11-03 08:03:43'),
(1893, 213, 36, '', 2, 2, 7, 4, '', NULL, '2016-11-03 08:03:43'),
(1894, 213, 39, '', 1, 2, 7, 4, '', NULL, '2016-11-03 08:03:43'),
(1895, 213, 44, '', 2, 2, 7, 4, '', NULL, '2016-11-03 08:03:43'),
(1896, 214, 58, '', 2, 2, 6, 4, '', NULL, '2016-11-03 08:04:03'),
(1897, 214, 61, '', 2, 2, 6, 4, '', NULL, '2016-11-03 08:04:03'),
(1898, 214, 64, '', 2, 2, 6, 4, '', NULL, '2016-11-03 08:04:03'),
(1899, 214, 65, '', 1, 2, 6, 4, '', NULL, '2016-11-03 08:04:03'),
(1900, 214, 66, '', 2, 2, 6, 4, '', NULL, '2016-11-03 08:04:03'),
(1901, 214, 69, '', 3, 2, 6, 4, '', NULL, '2016-11-03 08:04:04'),
(1902, 214, 73, '', 6, 2, 6, 4, '', NULL, '2016-11-03 08:04:04'),
(1903, 214, 75, '', 2, 2, 6, 4, '', NULL, '2016-11-03 08:04:04'),
(1904, 214, 101, '', 1, 2, 6, 4, '', NULL, '2016-11-03 08:04:04'),
(1905, 214, 112, '', 2, 2, 6, 4, '', NULL, '2016-11-03 08:04:04'),
(1906, 214, 115, '', 2, 2, 6, 4, '', NULL, '2016-11-03 08:04:04'),
(1907, 214, 117, '', 1, 2, 6, 4, '', NULL, '2016-11-03 08:04:04'),
(1908, 214, 121, '', 1, 2, 6, 4, '', NULL, '2016-11-03 08:04:04'),
(1909, 214, 122, '', 2, 2, 6, 4, '', NULL, '2016-11-03 08:04:04'),
(1910, 214, 123, '', 2, 2, 6, 4, '', NULL, '2016-11-03 08:04:05'),
(1911, 215, 43, '', 2, 2, 10, 4, '', NULL, '2016-11-03 08:05:10'),
(1912, 215, 58, '', 2, 2, 10, 4, '', NULL, '2016-11-03 08:05:10'),
(1913, 215, 61, '', 1, 2, 10, 4, '', NULL, '2016-11-03 08:05:10'),
(1914, 215, 64, '', 2, 2, 10, 4, '', NULL, '2016-11-03 08:05:10'),
(1915, 215, 66, '', 2, 2, 10, 4, '', NULL, '2016-11-03 08:05:10'),
(1916, 215, 69, '', 3, 2, 10, 4, '', NULL, '2016-11-03 08:05:10'),
(1917, 215, 73, '', 6, 2, 10, 4, '', NULL, '2016-11-03 08:05:10'),
(1918, 215, 76, '', 1, 2, 10, 4, '', NULL, '2016-11-03 08:05:11'),
(1919, 215, 95, '', 1, 2, 10, 4, '', NULL, '2016-11-03 08:05:11'),
(1920, 215, 101, '', 1, 2, 10, 4, '', NULL, '2016-11-03 08:05:11'),
(1921, 215, 112, '', 2, 2, 10, 4, '', NULL, '2016-11-03 08:05:11'),
(1922, 215, 115, '', 2, 2, 10, 4, '', NULL, '2016-11-03 08:05:11'),
(1923, 215, 117, '', 1, 2, 10, 4, '', NULL, '2016-11-03 08:05:11'),
(1924, 215, 121, '', 1, 2, 10, 4, '', NULL, '2016-11-03 08:05:11'),
(1925, 215, 122, '', 2, 2, 10, 4, '', NULL, '2016-11-03 08:05:11'),
(1926, 215, 123, '', 2, 2, 10, 4, '', NULL, '2016-11-03 08:05:11'),
(1927, 216, 30, '', 1, 2, 11, 1, '', NULL, '2016-11-03 10:55:18'),
(1928, NULL, 30, '', -1, 2, 11, 2, '', '606', '2016-11-03 10:56:15'),
(1929, 217, 1, '', 1, 2, 11, 1, '', NULL, '2016-11-03 12:00:53'),
(1930, 217, 14, '', 1, 2, 11, 1, '', NULL, '2016-11-03 12:00:53'),
(1931, 217, 26, '', 1, 2, 11, 1, '', NULL, '2016-11-03 12:00:53'),
(1932, 217, 27, '', 1, 2, 11, 1, '', NULL, '2016-11-03 12:00:53'),
(1933, 217, 31, '', 1, 2, 11, 1, '', NULL, '2016-11-03 12:00:53'),
(1934, 217, 33, '', 1, 2, 11, 1, '', NULL, '2016-11-03 12:00:53'),
(1935, 217, 34, '', 1, 2, 11, 1, '', NULL, '2016-11-03 12:00:53'),
(1936, 217, 36, '', 2, 2, 11, 1, '', NULL, '2016-11-03 12:00:54'),
(1937, 217, 39, '', 1, 2, 11, 1, '', NULL, '2016-11-03 12:00:54'),
(1938, 217, 44, '', 2, 2, 11, 1, '', NULL, '2016-11-03 12:00:54'),
(1939, 217, 7, '', 1, 2, 11, 1, '', NULL, '2016-11-03 12:00:54'),
(1940, 217, 17, '', 1, 2, 11, 1, '', NULL, '2016-11-03 12:00:54'),
(1941, 218, 1, '', 1, 2, 9, 1, '', NULL, '2016-11-03 12:03:16'),
(1942, 218, 14, '', 1, 2, 9, 1, '', NULL, '2016-11-03 12:03:17'),
(1943, 218, 26, '', 1, 2, 9, 1, '', NULL, '2016-11-03 12:03:17'),
(1944, 218, 27, '', 2, 2, 9, 1, '', NULL, '2016-11-03 12:03:17'),
(1945, 218, 31, '', 1, 2, 9, 1, '', NULL, '2016-11-03 12:03:17'),
(1946, 218, 33, '', 1, 2, 9, 1, '', NULL, '2016-11-03 12:03:17'),
(1947, 218, 34, '', 1, 2, 9, 1, '', NULL, '2016-11-03 12:03:17'),
(1948, 218, 36, '', 2, 2, 9, 1, '', NULL, '2016-11-03 12:03:17'),
(1949, 218, 39, '', 1, 2, 9, 1, '', NULL, '2016-11-03 12:03:17'),
(1950, 218, 44, '', 2, 2, 9, 1, '', NULL, '2016-11-03 12:03:18'),
(1951, 218, 42, '', 1, 2, 9, 1, '', NULL, '2016-11-03 12:03:18'),
(1952, 218, 7, '', 1, 2, 9, 1, '', NULL, '2016-11-03 12:03:18'),
(1953, NULL, 7, '', -1, 2, 9, 2, '', '597', '2016-11-03 13:30:35'),
(1954, NULL, 1, '', -1, 2, 9, 3, '', '', '2016-11-03 13:30:55'),
(1955, NULL, 26, '', -1, 2, 9, 3, '', '', '2016-11-03 13:31:04'),
(1956, NULL, 31, '', -1, 2, 9, 3, '', '', '2016-11-03 13:31:15'),
(1957, NULL, 27, '', -2, 2, 9, 3, '', '', '2016-11-03 13:31:26'),
(1958, NULL, 36, '', -2, 2, 9, 3, '', '', '2016-11-03 13:31:35'),
(1959, NULL, 39, '', -1, 2, 9, 3, '', '', '2016-11-03 13:31:43'),
(1960, NULL, 42, '', -1, 2, 9, 3, '', '', '2016-11-03 13:31:50'),
(1961, NULL, 34, '', -1, 2, 9, 3, '', '', '2016-11-03 13:32:02'),
(1962, NULL, 44, '', -2, 2, 9, 3, '', '', '2016-11-03 13:32:15'),
(1963, NULL, 33, '', -1, 2, 9, 3, '', '', '2016-11-03 13:32:24'),
(1964, NULL, 14, '', -1, 2, 9, 3, '', '', '2016-11-03 13:32:36'),
(1965, NULL, 17, '', -1, 2, 11, 2, '', '541', '2016-11-03 14:19:24'),
(1966, NULL, 1, '', -1, 2, 11, 3, '', '', '2016-11-03 14:19:42'),
(1967, NULL, 7, '', -1, 2, 11, 3, '', '', '2016-11-03 14:19:53'),
(1968, NULL, 14, '', -1, 2, 11, 3, '', '', '2016-11-03 14:20:03'),
(1969, NULL, 39, '', -1, 2, 11, 3, '', '', '2016-11-03 14:20:12'),
(1970, NULL, 26, '', -1, 2, 11, 3, '', '', '2016-11-03 14:20:25'),
(1971, NULL, 27, '', -1, 2, 11, 3, '', '', '2016-11-03 14:20:41'),
(1972, NULL, 31, '', -1, 2, 11, 3, '', '', '2016-11-03 14:20:53'),
(1973, NULL, 34, '', -1, 2, 11, 3, '', '', '2016-11-03 14:21:24'),
(1974, NULL, 33, '', -1, 2, 11, 3, '', '', '2016-11-03 14:21:34'),
(1975, NULL, 44, '', -2, 2, 11, 3, '', '', '2016-11-03 14:21:56'),
(1976, NULL, 36, '', -2, 2, 11, 3, '', '', '2016-11-03 14:22:07'),
(1977, 219, 1, '', 1, 2, 9, 4, '', NULL, '2016-11-03 14:55:31'),
(1978, 219, 14, '', 1, 2, 9, 4, '', NULL, '2016-11-03 14:55:31'),
(1979, 219, 26, '', 1, 2, 9, 4, '', NULL, '2016-11-03 14:55:32'),
(1980, 219, 27, '', 2, 2, 9, 4, '', NULL, '2016-11-03 14:55:32'),
(1981, 219, 31, '', 1, 2, 9, 4, '', NULL, '2016-11-03 14:55:32'),
(1982, 219, 33, '', 1, 2, 9, 4, '', NULL, '2016-11-03 14:55:32'),
(1983, 219, 34, '', 1, 2, 9, 4, '', NULL, '2016-11-03 14:55:32'),
(1984, 219, 36, '', 2, 2, 9, 4, '', NULL, '2016-11-03 14:55:32'),
(1985, 219, 39, '', 1, 2, 9, 4, '', NULL, '2016-11-03 14:55:32'),
(1986, 219, 42, '', 1, 2, 9, 4, '', NULL, '2016-11-03 14:55:32'),
(1987, 219, 44, '', 2, 2, 9, 4, '', NULL, '2016-11-03 14:55:33'),
(1988, 220, 1, '', 1, 2, 11, 4, '', NULL, '2016-11-03 14:56:34'),
(1989, 220, 7, '', 1, 2, 11, 4, '', NULL, '2016-11-03 14:56:34'),
(1990, 220, 14, '', 1, 2, 11, 4, '', NULL, '2016-11-03 14:56:34'),
(1991, 220, 26, '', 1, 2, 11, 4, '', NULL, '2016-11-03 14:56:34'),
(1992, 220, 27, '', 1, 2, 11, 4, '', NULL, '2016-11-03 14:56:34'),
(1993, 220, 31, '', 1, 2, 11, 4, '', NULL, '2016-11-03 14:56:34'),
(1994, 220, 33, '', 1, 2, 11, 4, '', NULL, '2016-11-03 14:56:34'),
(1995, 220, 34, '', 1, 2, 11, 4, '', NULL, '2016-11-03 14:56:34'),
(1996, 220, 36, '', 2, 2, 11, 4, '', NULL, '2016-11-03 14:56:34'),
(1997, 220, 39, '', 1, 2, 11, 4, '', NULL, '2016-11-03 14:56:35'),
(1998, 220, 44, '', 2, 2, 11, 4, '', NULL, '2016-11-03 14:56:35'),
(1999, 221, 1, '', 1, 2, 7, 1, '', NULL, '2016-11-03 14:59:48'),
(2000, 221, 14, '', 1, 2, 7, 1, '', NULL, '2016-11-03 14:59:48'),
(2001, 221, 26, '', 1, 2, 7, 1, '', NULL, '2016-11-03 14:59:48'),
(2002, 221, 27, '', 1, 2, 7, 1, '', NULL, '2016-11-03 14:59:48'),
(2003, 221, 31, '', 1, 2, 7, 1, '', NULL, '2016-11-03 14:59:48'),
(2004, 221, 33, '', 1, 2, 7, 1, '', NULL, '2016-11-03 14:59:48'),
(2005, 221, 34, '', 1, 2, 7, 1, '', NULL, '2016-11-03 14:59:48'),
(2006, 221, 36, '', 2, 2, 7, 1, '', NULL, '2016-11-03 14:59:49'),
(2007, 221, 39, '', 1, 2, 7, 1, '', NULL, '2016-11-03 14:59:49'),
(2008, 221, 44, '', 2, 2, 7, 1, '', NULL, '2016-11-03 14:59:49'),
(2009, 221, 7, '', 1, 2, 7, 1, '', NULL, '2016-11-03 14:59:49'),
(2010, 222, 1, '', 1, 2, 13, 1, '', NULL, '2016-11-03 15:01:17'),
(2011, 222, 14, '', 1, 2, 13, 1, '', NULL, '2016-11-03 15:01:17'),
(2012, 222, 26, '', 1, 2, 13, 1, '', NULL, '2016-11-03 15:01:17'),
(2013, 222, 27, '', 2, 2, 13, 1, '', NULL, '2016-11-03 15:01:17'),
(2014, 222, 31, '', 1, 2, 13, 1, '', NULL, '2016-11-03 15:01:17'),
(2015, 222, 33, '', 1, 2, 13, 1, '', NULL, '2016-11-03 15:01:17'),
(2016, 222, 34, '', 1, 2, 13, 1, '', NULL, '2016-11-03 15:01:17'),
(2017, 222, 36, '', 2, 2, 13, 1, '', NULL, '2016-11-03 15:01:17'),
(2018, 222, 39, '', 1, 2, 13, 1, '', NULL, '2016-11-03 15:01:18'),
(2019, 222, 44, '', 2, 2, 13, 1, '', NULL, '2016-11-03 15:01:18'),
(2020, 222, 42, '', 1, 2, 13, 1, '', NULL, '2016-11-03 15:01:18'),
(2021, 223, 58, '', 2, 2, 5, 1, '', NULL, '2016-11-03 15:06:07'),
(2022, 223, 61, '', 2, 2, 5, 1, '', NULL, '2016-11-03 15:06:07'),
(2023, 223, 76, '', 1, 2, 5, 1, '', NULL, '2016-11-03 15:06:07'),
(2024, 223, 121, '', 1, 2, 5, 1, '', NULL, '2016-11-03 15:06:08'),
(2025, 223, 117, '', 1, 2, 5, 1, '', NULL, '2016-11-03 15:06:08'),
(2026, 223, 122, '', 2, 2, 5, 1, '', NULL, '2016-11-03 15:06:08'),
(2027, 223, 101, '', 1, 2, 5, 1, '', NULL, '2016-11-03 15:06:08'),
(2028, 223, 123, '', 2, 2, 5, 1, '', NULL, '2016-11-03 15:06:08'),
(2029, 223, 64, '', 2, 2, 5, 1, '', NULL, '2016-11-03 15:06:08'),
(2030, 223, 115, '', 2, 2, 5, 1, '', NULL, '2016-11-03 15:06:08'),
(2031, 223, 66, '', 2, 2, 5, 1, '', NULL, '2016-11-03 15:06:08'),
(2032, 223, 112, '', 2, 2, 5, 1, '', NULL, '2016-11-03 15:06:08'),
(2033, 223, 69, '', 3, 2, 5, 1, '', NULL, '2016-11-03 15:06:09'),
(2034, 223, 65, '', 1, 2, 5, 1, '', NULL, '2016-11-03 15:06:09'),
(2035, 223, 73, '', 6, 2, 5, 1, '', NULL, '2016-11-03 15:06:09'),
(2036, 223, 75, '', 2, 2, 5, 1, '', NULL, '2016-11-03 15:06:09'),
(2037, 224, 58, '', 2, 2, 10, 1, '', NULL, '2016-11-03 15:09:26'),
(2038, 224, 61, '', 1, 2, 10, 1, '', NULL, '2016-11-03 15:09:26'),
(2039, 224, 76, '', 1, 2, 10, 1, '', NULL, '2016-11-03 15:09:27'),
(2040, 224, 121, '', 1, 2, 10, 1, '', NULL, '2016-11-03 15:09:27'),
(2041, 224, 117, '', 1, 2, 10, 1, '', NULL, '2016-11-03 15:09:27'),
(2042, 224, 122, '', 2, 2, 10, 1, '', NULL, '2016-11-03 15:09:27'),
(2043, 224, 101, '', 1, 2, 10, 1, '', NULL, '2016-11-03 15:09:27'),
(2044, 224, 123, '', 2, 2, 10, 1, '', NULL, '2016-11-03 15:09:27'),
(2045, 224, 64, '', 2, 2, 10, 1, '', NULL, '2016-11-03 15:09:27'),
(2046, 224, 115, '', 2, 2, 10, 1, '', NULL, '2016-11-03 15:09:27'),
(2047, 224, 66, '', 2, 2, 10, 1, '', NULL, '2016-11-03 15:09:28'),
(2048, 224, 95, '', 1, 2, 10, 1, '', NULL, '2016-11-03 15:09:28'),
(2049, 224, 112, '', 2, 2, 10, 1, '', NULL, '2016-11-03 15:09:28'),
(2050, 224, 69, '', 3, 2, 10, 1, '', NULL, '2016-11-03 15:09:28'),
(2051, 224, 65, '', 1, 2, 10, 1, '', NULL, '2016-11-03 15:09:28'),
(2052, 224, 73, '', 6, 2, 10, 1, '', NULL, '2016-11-03 15:09:28'),
(2053, 224, 75, '', 2, 2, 10, 1, '', NULL, '2016-11-03 15:09:28'),
(2054, 225, 58, '', 2, 2, 5, 1, '', NULL, '2016-11-03 15:52:30'),
(2055, 226, 58, '', 2, 2, 10, 1, '', NULL, '2016-11-03 15:52:58'),
(2056, NULL, 1, '', -1, 2, 7, 3, '', '', '2016-11-03 21:33:28'),
(2057, NULL, 7, '', -1, 2, 7, 2, '', '558', '2016-11-03 21:33:56'),
(2058, NULL, 14, '', -1, 2, 7, 3, '', '', '2016-11-03 21:34:04'),
(2059, NULL, 26, '', -1, 2, 7, 3, '', '', '2016-11-03 21:34:12'),
(2060, NULL, 27, '', -1, 2, 7, 3, '', '', '2016-11-03 21:34:19'),
(2061, NULL, 31, '', -1, 2, 7, 3, '', '', '2016-11-03 21:34:26'),
(2062, NULL, 33, '', -1, 2, 7, 3, '', '', '2016-11-03 21:34:34'),
(2063, NULL, 34, '', -1, 2, 7, 3, '', '', '2016-11-03 21:34:42'),
(2064, NULL, 44, '', -2, 2, 7, 3, '', '', '2016-11-03 21:34:52'),
(2065, NULL, 36, '', -2, 2, 7, 3, '', '', '2016-11-03 21:35:01'),
(2066, NULL, 39, '', -1, 2, 7, 3, '', '', '2016-11-03 21:35:12'),
(2067, 228, 1, '', 1, 2, 7, 4, '', NULL, '2016-11-03 22:11:25'),
(2068, 228, 14, '', 1, 2, 7, 4, '', NULL, '2016-11-03 22:11:26'),
(2069, 228, 26, '', 1, 2, 7, 4, '', NULL, '2016-11-03 22:11:26'),
(2070, 228, 27, '', 1, 2, 7, 4, '', NULL, '2016-11-03 22:11:26'),
(2071, 228, 31, '', 1, 2, 7, 4, '', NULL, '2016-11-03 22:11:26'),
(2072, 228, 33, '', 1, 2, 7, 4, '', NULL, '2016-11-03 22:11:26'),
(2073, 228, 34, '', 1, 2, 7, 4, '', NULL, '2016-11-03 22:11:26'),
(2074, 228, 36, '', 2, 2, 7, 4, '', NULL, '2016-11-03 22:11:26'),
(2075, 228, 39, '', 1, 2, 7, 4, '', NULL, '2016-11-03 22:11:27'),
(2076, 228, 44, '', 2, 2, 7, 4, '', NULL, '2016-11-03 22:11:27'),
(2077, NULL, 58, '', -1, 2, 5, 2, '2221', '5110', '2016-11-04 03:39:46'),
(2078, NULL, 58, '', -1, 2, 5, 2, '2273', '5146', '2016-11-04 03:40:19'),
(2079, NULL, 58, '', -1, 2, 5, 2, '2408', '5361', '2016-11-04 03:40:40'),
(2080, NULL, 58, '', -1, 2, 5, 2, '2704', '5269', '2016-11-04 03:41:02'),
(2081, NULL, 76, '', -1, 2, 5, 2, '2253', '5136', '2016-11-04 03:41:27'),
(2082, NULL, 61, '', -2, 2, 5, 3, '', '', '2016-11-04 03:41:40'),
(2083, NULL, 64, '', -2, 2, 5, 3, '', '', '2016-11-04 03:41:49'),
(2084, NULL, 65, '', -1, 2, 5, 3, '', '', '2016-11-04 03:41:58'),
(2085, NULL, 66, '', -2, 2, 5, 3, '', '', '2016-11-04 03:42:07'),
(2086, NULL, 69, '', -3, 2, 5, 3, '', '', '2016-11-04 03:42:17'),
(2087, NULL, 73, '', -6, 2, 5, 3, '', '', '2016-11-04 03:42:44'),
(2088, NULL, 75, '', -2, 2, 5, 3, '', '', '2016-11-04 03:43:17'),
(2089, NULL, 101, '', -1, 2, 5, 3, '', '', '2016-11-04 03:43:25'),
(2090, NULL, 112, '', -2, 2, 5, 3, '', '', '2016-11-04 03:43:34'),
(2091, NULL, 115, '', -2, 2, 5, 3, '', '', '2016-11-04 03:43:44'),
(2092, NULL, 117, '', -1, 2, 5, 3, '', '', '2016-11-04 03:43:52'),
(2093, NULL, 121, '', -1, 2, 5, 3, '', '', '2016-11-04 03:44:00'),
(2094, NULL, 122, '', -2, 2, 5, 3, '', '', '2016-11-04 03:44:16'),
(2095, NULL, 123, '', -2, 2, 5, 3, '', '', '2016-11-04 03:44:26'),
(2096, 229, 1, '', 1, 2, 11, 1, '', NULL, '2016-11-04 09:17:45'),
(2097, 229, 14, '', 1, 2, 11, 1, '', NULL, '2016-11-04 09:17:45'),
(2098, 229, 26, '', 1, 2, 11, 1, '', NULL, '2016-11-04 09:17:45'),
(2099, 229, 27, '', 1, 2, 11, 1, '', NULL, '2016-11-04 09:17:45'),
(2100, 229, 31, '', 1, 2, 11, 1, '', NULL, '2016-11-04 09:17:45'),
(2101, 229, 33, '', 1, 2, 11, 1, '', NULL, '2016-11-04 09:17:45'),
(2102, 229, 34, '', 1, 2, 11, 1, '', NULL, '2016-11-04 09:17:45'),
(2103, 229, 36, '', 2, 2, 11, 1, '', NULL, '2016-11-04 09:17:45'),
(2104, 229, 39, '', 1, 2, 11, 1, '', NULL, '2016-11-04 09:17:46'),
(2105, 229, 44, '', 2, 2, 11, 1, '', NULL, '2016-11-04 09:17:46'),
(2106, 230, 1, '', 1, 2, 9, 1, '', NULL, '2016-11-04 09:19:15'),
(2107, 230, 14, '', 1, 2, 9, 1, '', NULL, '2016-11-04 09:19:15'),
(2108, 230, 26, '', 1, 2, 9, 1, '', NULL, '2016-11-04 09:19:15'),
(2109, 230, 27, '', 1, 2, 9, 1, '', NULL, '2016-11-04 09:19:15'),
(2110, 230, 31, '', 1, 2, 9, 1, '', NULL, '2016-11-04 09:19:15'),
(2111, 230, 33, '', 1, 2, 9, 1, '', NULL, '2016-11-04 09:19:15'),
(2112, 230, 34, '', 1, 2, 9, 1, '', NULL, '2016-11-04 09:19:16'),
(2113, 230, 36, '', 2, 2, 9, 1, '', NULL, '2016-11-04 09:19:16'),
(2114, 230, 39, '', 1, 2, 9, 1, '', NULL, '2016-11-04 09:19:16'),
(2115, 230, 44, '', 2, 2, 9, 1, '', NULL, '2016-11-04 09:19:16'),
(2116, 231, 61, '', 2, 2, 5, 4, '', NULL, '2016-11-04 09:21:51'),
(2117, 231, 64, '', 2, 2, 5, 4, '', NULL, '2016-11-04 09:21:51'),
(2118, 231, 65, '', 1, 2, 5, 4, '', NULL, '2016-11-04 09:21:51'),
(2119, 231, 66, '', 2, 2, 5, 4, '', NULL, '2016-11-04 09:21:51'),
(2120, 231, 69, '', 3, 2, 5, 4, '', NULL, '2016-11-04 09:21:51'),
(2121, 231, 73, '', 6, 2, 5, 4, '', NULL, '2016-11-04 09:21:51'),
(2122, 231, 75, '', 2, 2, 5, 4, '', NULL, '2016-11-04 09:21:52'),
(2123, 231, 101, '', 1, 2, 5, 4, '', NULL, '2016-11-04 09:21:52'),
(2124, 231, 112, '', 2, 2, 5, 4, '', NULL, '2016-11-04 09:21:52'),
(2125, 231, 115, '', 2, 2, 5, 4, '', NULL, '2016-11-04 09:21:52'),
(2126, 231, 117, '', 1, 2, 5, 4, '', NULL, '2016-11-04 09:21:52'),
(2127, 231, 121, '', 1, 2, 5, 4, '', NULL, '2016-11-04 09:21:52'),
(2128, 231, 122, '', 2, 2, 5, 4, '', NULL, '2016-11-04 09:21:52'),
(2129, 231, 123, '', 2, 2, 5, 4, '', NULL, '2016-11-04 09:21:52'),
(2130, NULL, 14, '', -1, 2, 11, 3, '', '', '2016-11-04 09:59:36'),
(2131, NULL, 1, '', -1, 2, 11, 3, '', '', '2016-11-04 09:59:47'),
(2132, NULL, 26, '', -1, 2, 11, 3, '', '', '2016-11-04 10:00:03'),
(2133, NULL, 27, '', -1, 2, 11, 3, '', '', '2016-11-04 10:00:13'),
(2134, NULL, 31, '', -1, 2, 11, 3, '', '', '2016-11-04 10:01:01'),
(2135, NULL, 36, '', -2, 2, 11, 3, '', '', '2016-11-04 10:01:22'),
(2136, NULL, 33, '', -1, 2, 11, 3, '', '', '2016-11-04 10:01:32'),
(2137, NULL, 34, '', -1, 2, 11, 3, '', '', '2016-11-04 10:01:41'),
(2138, NULL, 39, '', -1, 2, 11, 3, '', '', '2016-11-04 10:01:51'),
(2139, NULL, 44, '', -2, 2, 11, 3, '', '', '2016-11-04 10:02:09'),
(2140, NULL, 1, '', -1, 2, 9, 3, '', '', '2016-11-04 13:49:29'),
(2141, NULL, 27, '', -1, 2, 9, 3, '', '', '2016-11-04 13:49:38'),
(2142, NULL, 36, '', -2, 2, 9, 3, '', '', '2016-11-04 13:49:47'),
(2143, NULL, 31, '', -1, 2, 9, 3, '', '', '2016-11-04 13:49:55'),
(2144, NULL, 33, '', -1, 2, 9, 3, '', '', '2016-11-04 13:50:06'),
(2145, NULL, 26, '', -1, 2, 9, 3, '', '', '2016-11-04 13:50:14'),
(2146, NULL, 34, '', -1, 2, 9, 3, '', '', '2016-11-04 13:50:22'),
(2147, NULL, 39, '', -1, 2, 9, 3, '', '', '2016-11-04 13:50:30'),
(2148, NULL, 14, '', -1, 2, 9, 3, '', '', '2016-11-04 13:50:39'),
(2149, NULL, 44, '', -2, 2, 9, 3, '', '', '2016-11-04 13:50:49'),
(2150, 232, 7, '', 1, 2, 14, 1, '', NULL, '2016-11-04 13:52:42'),
(2151, 232, 44, '', 2, 2, 14, 1, '', NULL, '2016-11-04 13:52:42'),
(2152, 232, 43, '', 2, 2, 14, 1, '', NULL, '2016-11-04 13:52:42'),
(2153, 233, 26, '', 1, 2, 14, 1, '', NULL, '2016-11-04 14:00:29'),
(2154, NULL, 44, '', -2, 2, 14, 3, '', '', '2016-11-04 14:13:35'),
(2155, NULL, 7, '', -1, 2, 14, 2, '', '530', '2016-11-04 14:14:11'),
(2156, NULL, 26, '', -1, 2, 14, 2, '', '525', '2016-11-04 14:14:33'),
(2157, NULL, 43, '', -1, 2, 14, 3, '', '', '2016-11-04 14:14:53'),
(2158, NULL, 43, '', -1, 2, 14, 2, '', '606', '2016-11-04 14:15:12'),
(2159, 234, 18, '', 1, 2, 7, 1, '', NULL, '2016-11-04 16:24:02'),
(2160, NULL, 1, '', -1, 2, 13, 3, '', '', '2016-11-04 22:02:46'),
(2161, NULL, 14, '', -1, 2, 13, 3, '', '', '2016-11-04 22:03:02'),
(2162, NULL, 26, '', -1, 2, 13, 3, '', '', '2016-11-04 22:03:12'),
(2163, NULL, 31, '', -1, 2, 13, 3, '', '', '2016-11-04 22:03:21'),
(2164, NULL, 33, '', -1, 2, 13, 3, '', '', '2016-11-04 22:03:30'),
(2165, NULL, 34, '', -1, 2, 13, 3, '', '', '2016-11-04 22:03:39'),
(2166, NULL, 36, '', -2, 2, 13, 3, '', '', '2016-11-04 22:03:55'),
(2167, NULL, 39, '', -1, 2, 13, 3, '', '', '2016-11-04 22:04:04'),
(2168, NULL, 42, '', -1, 2, 13, 3, '', '', '2016-11-04 22:04:12'),
(2169, NULL, 44, '', -2, 2, 13, 3, '', '', '2016-11-04 22:04:25'),
(2170, NULL, 18, '', -1, 2, 7, 2, '', '606', '2016-11-04 22:07:48'),
(2171, 235, 1, '', 1, 2, 9, 4, '', NULL, '2016-11-05 12:11:59'),
(2172, 235, 14, '', 1, 2, 9, 4, '', NULL, '2016-11-05 12:11:59'),
(2173, 235, 26, '', 1, 2, 9, 4, '', NULL, '2016-11-05 12:11:59'),
(2174, 235, 27, '', 1, 2, 9, 4, '', NULL, '2016-11-05 12:11:59'),
(2175, 235, 31, '', 1, 2, 9, 4, '', NULL, '2016-11-05 12:11:59'),
(2176, 235, 33, '', 1, 2, 9, 4, '', NULL, '2016-11-05 12:11:59'),
(2177, 235, 34, '', 1, 2, 9, 4, '', NULL, '2016-11-05 12:11:59'),
(2178, 235, 36, '', 2, 2, 9, 4, '', NULL, '2016-11-05 12:11:59'),
(2179, 235, 39, '', 1, 2, 9, 4, '', NULL, '2016-11-05 12:12:00'),
(2180, 235, 44, '', 2, 2, 9, 4, '', NULL, '2016-11-05 12:12:00'),
(2181, 236, 1, '', 1, 2, 11, 4, '', NULL, '2016-11-05 12:12:14'),
(2182, 236, 14, '', 1, 2, 11, 4, '', NULL, '2016-11-05 12:12:14'),
(2183, 236, 26, '', 1, 2, 11, 4, '', NULL, '2016-11-05 12:12:15'),
(2184, 236, 27, '', 1, 2, 11, 4, '', NULL, '2016-11-05 12:12:15'),
(2185, 236, 31, '', 1, 2, 11, 4, '', NULL, '2016-11-05 12:12:15'),
(2186, 236, 33, '', 1, 2, 11, 4, '', NULL, '2016-11-05 12:12:15'),
(2187, 236, 34, '', 1, 2, 11, 4, '', NULL, '2016-11-05 12:12:15'),
(2188, 236, 36, '', 2, 2, 11, 4, '', NULL, '2016-11-05 12:12:15'),
(2189, 236, 39, '', 1, 2, 11, 4, '', NULL, '2016-11-05 12:12:15'),
(2190, 236, 44, '', 2, 2, 11, 4, '', NULL, '2016-11-05 12:12:15'),
(2191, 237, 1, '', 1, 2, 13, 4, '', NULL, '2016-11-05 12:12:28'),
(2192, 237, 14, '', 1, 2, 13, 4, '', NULL, '2016-11-05 12:12:28'),
(2193, 237, 26, '', 1, 2, 13, 4, '', NULL, '2016-11-05 12:12:28'),
(2194, 237, 31, '', 1, 2, 13, 4, '', NULL, '2016-11-05 12:12:28'),
(2195, 237, 33, '', 1, 2, 13, 4, '', NULL, '2016-11-05 12:12:29'),
(2196, 237, 34, '', 1, 2, 13, 4, '', NULL, '2016-11-05 12:12:29'),
(2197, 237, 36, '', 2, 2, 13, 4, '', NULL, '2016-11-05 12:12:29'),
(2198, 237, 39, '', 1, 2, 13, 4, '', NULL, '2016-11-05 12:12:29'),
(2199, 237, 42, '', 1, 2, 13, 4, '', NULL, '2016-11-05 12:12:29'),
(2200, 237, 44, '', 2, 2, 13, 4, '', NULL, '2016-11-05 12:12:29'),
(2201, 238, 43, '', 1, 2, 14, 4, '', NULL, '2016-11-05 12:12:41'),
(2202, 238, 44, '', 2, 2, 14, 4, '', NULL, '2016-11-05 12:12:41'),
(2203, NULL, 58, '', -4, 2, 10, 3, '', '', '2016-11-06 19:46:35'),
(2204, NULL, 61, '', -1, 2, 10, 3, '', '', '2016-11-06 19:46:48'),
(2205, NULL, 64, '', -2, 2, 10, 3, '', '', '2016-11-06 19:47:07'),
(2206, NULL, 65, '', -1, 2, 10, 3, '', '', '2016-11-06 19:47:21'),
(2207, NULL, 66, '', -2, 2, 10, 3, '', '', '2016-11-06 19:47:37'),
(2208, NULL, 69, '', -3, 2, 10, 3, '', '', '2016-11-06 19:47:53'),
(2209, NULL, 73, '', -6, 2, 10, 3, '', '', '2016-11-06 19:48:08'),
(2210, NULL, 75, '', -2, 2, 10, 3, '', '', '2016-11-06 19:48:22'),
(2211, NULL, 76, '', -1, 2, 10, 3, '', '', '2016-11-06 19:48:33'),
(2212, NULL, 95, '', -1, 2, 10, 3, '', '', '2016-11-06 19:48:42'),
(2213, NULL, 101, '', -1, 2, 10, 3, '', '', '2016-11-06 19:48:54'),
(2214, NULL, 112, '', -2, 2, 10, 3, '', '', '2016-11-06 19:49:17'),
(2215, NULL, 115, '', -2, 2, 10, 3, '', '', '2016-11-06 19:49:30'),
(2216, NULL, 117, '', -1, 2, 10, 3, '', '', '2016-11-06 19:49:40'),
(2217, NULL, 121, '', -1, 2, 10, 3, '', '', '2016-11-06 19:49:49'),
(2218, NULL, 122, '', -2, 2, 10, 3, '', '', '2016-11-06 19:50:02'),
(2219, NULL, 123, '', -2, 2, 10, 3, '', '', '2016-11-06 19:50:21'),
(2220, 239, 58, '', 4, 2, 10, 4, '', NULL, '2016-11-07 07:23:34'),
(2221, 239, 61, '', 1, 2, 10, 4, '', NULL, '2016-11-07 07:23:35'),
(2222, 239, 64, '', 2, 2, 10, 4, '', NULL, '2016-11-07 07:23:35'),
(2223, 239, 65, '', 1, 2, 10, 4, '', NULL, '2016-11-07 07:23:35'),
(2224, 239, 66, '', 2, 2, 10, 4, '', NULL, '2016-11-07 07:23:35'),
(2225, 239, 69, '', 3, 2, 10, 4, '', NULL, '2016-11-07 07:23:35'),
(2226, 239, 73, '', 6, 2, 10, 4, '', NULL, '2016-11-07 07:23:35'),
(2227, 239, 75, '', 2, 2, 10, 4, '', NULL, '2016-11-07 07:23:35'),
(2228, 239, 76, '', 1, 2, 10, 4, '', NULL, '2016-11-07 07:23:35'),
(2229, 239, 95, '', 1, 2, 10, 4, '', NULL, '2016-11-07 07:23:36'),
(2230, 239, 101, '', 1, 2, 10, 4, '', NULL, '2016-11-07 07:23:36'),
(2231, 239, 112, '', 2, 2, 10, 4, '', NULL, '2016-11-07 07:23:36'),
(2232, 239, 115, '', 2, 2, 10, 4, '', NULL, '2016-11-07 07:23:36'),
(2233, 239, 117, '', 1, 2, 10, 4, '', NULL, '2016-11-07 07:23:36'),
(2234, 239, 121, '', 1, 2, 10, 4, '', NULL, '2016-11-07 07:23:36'),
(2235, 239, 122, '', 2, 2, 10, 4, '', NULL, '2016-11-07 07:23:36'),
(2236, 239, 123, '', 2, 2, 10, 4, '', NULL, '2016-11-07 07:23:36'),
(2237, 240, 58, '', 4, 2, 5, 1, '', NULL, '2016-11-07 08:04:10'),
(2238, 240, 66, '', 2, 2, 5, 1, '', NULL, '2016-11-07 08:04:10'),
(2239, NULL, 58, '', -1, 2, 5, 2, '5439', '5332', '2016-11-07 08:05:48'),
(2240, NULL, 58, '', -1, 2, 5, 2, '5420', '5710', '2016-11-07 08:06:10'),
(2241, NULL, 58, '', -1, 2, 5, 2, '5409', '5563', '2016-11-07 08:06:54'),
(2242, NULL, 58, '', -1, 2, 5, 2, '8126', '5684', '2016-11-07 08:07:29'),
(2243, NULL, 66, '', -1, 2, 5, 2, '3131', '5822', '2016-11-07 08:07:55'),
(2244, NULL, 66, '', -1, 2, 5, 2, '2483', '5034', '2016-11-07 08:08:22'),
(2245, 241, 67, '', 2, 2, 5, 1, '', NULL, '2016-11-07 08:34:03'),
(2246, 242, 67, '', 1, 2, 6, 1, '', NULL, '2016-11-07 08:34:44'),
(2247, NULL, 67, '', -1, 2, 5, 2, '2477', '5194', '2016-11-07 09:21:01'),
(2248, NULL, 67, '', -1, 2, 6, 2, '2379', '5340', '2016-11-07 10:09:59'),
(2249, NULL, 67, '', -1, 2, 5, 2, '2253', '5136', '2016-11-07 10:34:17'),
(2250, 244, 7, '', 1, 2, 11, 1, '', NULL, '2016-11-07 11:46:02'),
(2251, 244, 14, '', 2, 2, 11, 1, '', NULL, '2016-11-07 11:46:02'),
(2252, NULL, 7, '', -1, 2, 11, 2, '', '536', '2016-11-07 11:46:29'),
(2253, NULL, 14, '', -2, 2, 11, 2, '', '604', '2016-11-07 11:47:07'),
(2254, 245, 14, '', 1, 2, 14, 1, '', NULL, '2016-11-07 12:58:31'),
(2255, 245, 13, '', 1, 2, 14, 1, '', NULL, '2016-11-07 12:58:31'),
(2256, 245, 33, '', 1, 2, 14, 1, '', NULL, '2016-11-07 12:58:31'),
(2257, NULL, 14, '', -1, 2, 14, 2, '', '539', '2016-11-07 12:59:05'),
(2258, NULL, 13, '', -1, 2, 14, 2, '', '602', '2016-11-07 13:00:11'),
(2259, NULL, 33, '', -1, 2, 14, 2, '', '592', '2016-11-07 13:04:57'),
(2260, 246, 1, '', 1, 2, 9, 1, '', NULL, '2016-11-07 13:53:12'),
(2261, 246, 14, '', 2, 2, 9, 1, '', NULL, '2016-11-07 13:53:12'),
(2262, 246, 26, '', 1, 2, 9, 1, '', NULL, '2016-11-07 13:53:12'),
(2263, 246, 27, '', 2, 2, 9, 1, '', NULL, '2016-11-07 13:53:12'),
(2264, 246, 31, '', 1, 2, 9, 1, '', NULL, '2016-11-07 13:53:12'),
(2265, 246, 33, '', 1, 2, 9, 1, '', NULL, '2016-11-07 13:53:12'),
(2266, 246, 34, '', 1, 2, 9, 1, '', NULL, '2016-11-07 13:53:13'),
(2267, 246, 36, '', 2, 2, 9, 1, '', NULL, '2016-11-07 13:53:13'),
(2268, 246, 39, '', 1, 2, 9, 1, '', NULL, '2016-11-07 13:53:13'),
(2269, 246, 44, '', 2, 2, 9, 1, '', NULL, '2016-11-07 13:53:13'),
(2270, 246, 42, '', 1, 2, 9, 1, '', NULL, '2016-11-07 13:53:13'),
(2271, 246, 7, '', 1, 2, 9, 1, '', NULL, '2016-11-07 13:53:13'),
(2272, 247, 25, '', 1, 2, 11, 1, '', NULL, '2016-11-07 14:53:49'),
(2273, 248, 1, '', 1, 2, 11, 1, '', NULL, '2016-11-07 15:09:34'),
(2274, 248, 14, '', 2, 2, 11, 1, '', NULL, '2016-11-07 15:09:34'),
(2275, 248, 26, '', 1, 2, 11, 1, '', NULL, '2016-11-07 15:09:34'),
(2276, 248, 27, '', 1, 2, 11, 1, '', NULL, '2016-11-07 15:09:34'),
(2277, 248, 31, '', 1, 2, 11, 1, '', NULL, '2016-11-07 15:09:34'),
(2278, 248, 33, '', 1, 2, 11, 1, '', NULL, '2016-11-07 15:09:34'),
(2279, 248, 34, '', 1, 2, 11, 1, '', NULL, '2016-11-07 15:09:34'),
(2280, 248, 36, '', 2, 2, 11, 1, '', NULL, '2016-11-07 15:09:34'),
(2281, 248, 39, '', 1, 2, 11, 1, '', NULL, '2016-11-07 15:09:35'),
(2282, 248, 44, '', 2, 2, 11, 1, '', NULL, '2016-11-07 15:09:35'),
(2283, 248, 42, '', 1, 2, 11, 1, '', NULL, '2016-11-07 15:09:35'),
(2284, NULL, 7, '', -1, 2, 9, 2, '', '563', '2016-11-07 18:14:02'),
(2285, NULL, 1, '', -1, 2, 9, 3, '', '', '2016-11-07 18:14:23'),
(2286, NULL, 31, '', -1, 2, 9, 3, '', '', '2016-11-07 18:14:34'),
(2287, NULL, 34, '', -1, 2, 9, 3, '', '', '2016-11-07 18:14:47'),
(2288, NULL, 33, '', -1, 2, 9, 3, '', '', '2016-11-07 18:14:56'),
(2289, NULL, 27, '', -2, 2, 9, 3, '', '', '2016-11-07 18:15:19'),
(2290, NULL, 36, '', -2, 2, 9, 3, '', '', '2016-11-07 18:15:32'),
(2291, NULL, 26, '', -1, 2, 9, 3, '', '', '2016-11-07 18:15:45'),
(2292, NULL, 14, '', -2, 2, 9, 3, '', '', '2016-11-07 18:16:01'),
(2293, NULL, 39, '', -1, 2, 9, 3, '', '', '2016-11-07 18:16:18'),
(2294, NULL, 44, '', -2, 2, 9, 3, '', '', '2016-11-07 18:16:37'),
(2295, NULL, 42, '', -1, 2, 9, 3, '', '', '2016-11-07 18:17:22'),
(2296, NULL, 25, '', -1, 2, 11, 2, '', '567', '2016-11-07 21:18:18'),
(2297, NULL, 1, '', -1, 2, 11, 3, '', '', '2016-11-07 21:18:29'),
(2298, NULL, 14, '', -2, 2, 11, 3, '', '', '2016-11-07 21:18:42'),
(2299, NULL, 26, '', -1, 2, 11, 3, '', '', '2016-11-07 21:18:51'),
(2300, NULL, 27, '', -1, 2, 11, 3, '', '', '2016-11-07 21:19:01'),
(2301, NULL, 31, '', -1, 2, 11, 3, '', '', '2016-11-07 21:19:14'),
(2302, NULL, 33, '', -1, 2, 11, 3, '', '', '2016-11-07 21:19:23'),
(2303, NULL, 34, '', -1, 2, 11, 3, '', '', '2016-11-07 21:19:32'),
(2304, NULL, 36, '', -2, 2, 11, 3, '', '', '2016-11-07 21:19:56'),
(2305, NULL, 39, '', -1, 2, 11, 3, '', '', '2016-11-07 21:20:04'),
(2306, NULL, 42, '', -1, 2, 11, 3, '', '', '2016-11-07 21:20:12'),
(2307, NULL, 44, '', -2, 2, 11, 3, '', '', '2016-11-07 21:20:22'),
(2308, 249, 58, '', 2, 2, 5, 1, '', NULL, '2016-11-07 22:11:58'),
(2309, 249, 61, '', 1, 2, 5, 1, '', NULL, '2016-11-07 22:11:58'),
(2310, 249, 76, '', 1, 2, 5, 1, '', NULL, '2016-11-07 22:11:58'),
(2311, 249, 121, '', 1, 2, 5, 1, '', NULL, '2016-11-07 22:11:58'),
(2312, 249, 117, '', 1, 2, 5, 1, '', NULL, '2016-11-07 22:11:58'),
(2313, 249, 122, '', 2, 2, 5, 1, '', NULL, '2016-11-07 22:11:59'),
(2314, 249, 101, '', 1, 2, 5, 1, '', NULL, '2016-11-07 22:11:59'),
(2315, 249, 64, '', 2, 2, 5, 1, '', NULL, '2016-11-07 22:11:59'),
(2316, 249, 123, '', 2, 2, 5, 1, '', NULL, '2016-11-07 22:11:59'),
(2317, 249, 115, '', 2, 2, 5, 1, '', NULL, '2016-11-07 22:11:59'),
(2318, 249, 66, '', 2, 2, 5, 1, '', NULL, '2016-11-07 22:11:59'),
(2319, 249, 112, '', 2, 2, 5, 1, '', NULL, '2016-11-07 22:11:59'),
(2320, 249, 69, '', 3, 2, 5, 1, '', NULL, '2016-11-07 22:11:59'),
(2321, 249, 65, '', 1, 2, 5, 1, '', NULL, '2016-11-07 22:11:59'),
(2322, 249, 73, '', 6, 2, 5, 1, '', NULL, '2016-11-07 22:12:00'),
(2323, 249, 75, '', 2, 2, 5, 1, '', NULL, '2016-11-07 22:12:00'),
(2324, 250, 58, '', 2, 2, 7, 1, '', NULL, '2016-11-07 22:15:49'),
(2325, 250, 61, '', 1, 2, 7, 1, '', NULL, '2016-11-07 22:15:49'),
(2326, 250, 76, '', 1, 2, 7, 1, '', NULL, '2016-11-07 22:15:49');
INSERT INTO `service_request` (`id`, `arrival_id`, `product_id`, `sn`, `quantity`, `storage_id`, `release_user_id`, `service_status_id`, `bus_number`, `automat_number`, `change_status_datetime`) VALUES
(2327, 250, 121, '', 1, 2, 7, 1, '', NULL, '2016-11-07 22:15:49'),
(2328, 250, 117, '', 1, 2, 7, 1, '', NULL, '2016-11-07 22:15:50'),
(2329, 250, 122, '', 2, 2, 7, 1, '', NULL, '2016-11-07 22:15:50'),
(2330, 250, 101, '', 1, 2, 7, 1, '', NULL, '2016-11-07 22:15:50'),
(2331, 250, 64, '', 2, 2, 7, 1, '', NULL, '2016-11-07 22:15:50'),
(2332, 250, 123, '', 2, 2, 7, 1, '', NULL, '2016-11-07 22:15:50'),
(2333, 250, 115, '', 2, 2, 7, 1, '', NULL, '2016-11-07 22:15:50'),
(2334, 250, 66, '', 2, 2, 7, 1, '', NULL, '2016-11-07 22:15:50'),
(2335, 250, 112, '', 2, 2, 7, 1, '', NULL, '2016-11-07 22:15:50'),
(2336, 250, 69, '', 3, 2, 7, 1, '', NULL, '2016-11-07 22:15:50'),
(2337, 250, 65, '', 1, 2, 7, 1, '', NULL, '2016-11-07 22:15:51'),
(2338, 250, 73, '', 6, 2, 7, 1, '', NULL, '2016-11-07 22:15:51'),
(2339, 250, 75, '', 2, 2, 7, 1, '', NULL, '2016-11-07 22:15:51'),
(2340, NULL, 66, '', -1, 2, 7, 2, '2221', '5110', '2016-11-08 03:42:42'),
(2341, NULL, 58, '', -2, 2, 7, 3, '', '', '2016-11-08 03:42:56'),
(2342, NULL, 61, '', -1, 2, 7, 3, '', '', '2016-11-08 03:43:04'),
(2343, NULL, 64, '', -2, 2, 7, 3, '', '', '2016-11-08 03:43:17'),
(2344, NULL, 58, '', -2, 2, 5, 3, '', '', '2016-11-08 03:43:23'),
(2345, NULL, 65, '', -1, 2, 7, 3, '', '', '2016-11-08 03:43:25'),
(2346, NULL, 61, '', -1, 2, 5, 3, '', '', '2016-11-08 03:43:31'),
(2347, NULL, 66, '', -1, 2, 7, 3, '', '', '2016-11-08 03:43:32'),
(2348, NULL, 69, '', -3, 2, 7, 3, '', '', '2016-11-08 03:43:41'),
(2349, NULL, 73, '', -6, 2, 7, 3, '', '', '2016-11-08 03:43:51'),
(2350, NULL, 64, '', -2, 2, 5, 3, '', '', '2016-11-08 03:44:00'),
(2351, NULL, 75, '', -2, 2, 7, 3, '', '', '2016-11-08 03:44:06'),
(2352, NULL, 65, '', -1, 2, 5, 3, '', '', '2016-11-08 03:44:08'),
(2353, NULL, 76, '', -1, 2, 7, 3, '', '', '2016-11-08 03:44:13'),
(2354, NULL, 66, '', -2, 2, 5, 3, '', '', '2016-11-08 03:44:17'),
(2355, NULL, 101, '', -1, 2, 7, 3, '', '', '2016-11-08 03:44:21'),
(2356, NULL, 69, '', -3, 2, 5, 3, '', '', '2016-11-08 03:44:27'),
(2357, NULL, 112, '', -2, 2, 7, 3, '', '', '2016-11-08 03:44:29'),
(2358, NULL, 73, '', -6, 2, 5, 3, '', '', '2016-11-08 03:44:36'),
(2359, NULL, 115, '', -2, 2, 7, 3, '', '', '2016-11-08 03:44:37'),
(2360, NULL, 117, '', -1, 2, 7, 3, '', '', '2016-11-08 03:44:45'),
(2361, NULL, 75, '', -2, 2, 5, 3, '', '', '2016-11-08 03:44:46'),
(2362, NULL, 121, '', -1, 2, 7, 3, '', '', '2016-11-08 03:44:53'),
(2363, NULL, 76, '', -1, 2, 5, 3, '', '', '2016-11-08 03:44:58'),
(2364, NULL, 122, '', -2, 2, 7, 3, '', '', '2016-11-08 03:45:01'),
(2365, NULL, 123, '', -2, 2, 7, 3, '', '', '2016-11-08 03:45:09'),
(2366, NULL, 101, '', -1, 2, 5, 3, '', '', '2016-11-08 03:45:21'),
(2367, NULL, 112, '', -2, 2, 5, 3, '', '', '2016-11-08 03:45:32'),
(2368, NULL, 115, '', -2, 2, 5, 3, '', '', '2016-11-08 03:45:42'),
(2369, NULL, 117, '', -1, 2, 5, 3, '', '', '2016-11-08 03:45:49'),
(2370, NULL, 121, '', -1, 2, 5, 3, '', '', '2016-11-08 03:45:57'),
(2371, NULL, 122, '', -2, 2, 5, 3, '', '', '2016-11-08 03:46:10'),
(2372, NULL, 123, '', -2, 2, 5, 3, '', '', '2016-11-08 03:46:21'),
(2373, 251, 58, '', 2, 2, 5, 4, '', NULL, '2016-11-08 07:20:33'),
(2374, 251, 61, '', 1, 2, 5, 4, '', NULL, '2016-11-08 07:20:34'),
(2375, 251, 64, '', 2, 2, 5, 4, '', NULL, '2016-11-08 07:20:34'),
(2376, 251, 65, '', 1, 2, 5, 4, '', NULL, '2016-11-08 07:20:34'),
(2377, 251, 66, '', 2, 2, 5, 4, '', NULL, '2016-11-08 07:20:34'),
(2378, 251, 69, '', 3, 2, 5, 4, '', NULL, '2016-11-08 07:20:34'),
(2379, 251, 73, '', 6, 2, 5, 4, '', NULL, '2016-11-08 07:20:34'),
(2380, 251, 75, '', 2, 2, 5, 4, '', NULL, '2016-11-08 07:20:34'),
(2381, 251, 76, '', 1, 2, 5, 4, '', NULL, '2016-11-08 07:20:34'),
(2382, 251, 101, '', 1, 2, 5, 4, '', NULL, '2016-11-08 07:20:35'),
(2383, 251, 112, '', 2, 2, 5, 4, '', NULL, '2016-11-08 07:20:35'),
(2384, 251, 115, '', 2, 2, 5, 4, '', NULL, '2016-11-08 07:20:35'),
(2385, 251, 117, '', 1, 2, 5, 4, '', NULL, '2016-11-08 07:20:35'),
(2386, 251, 121, '', 1, 2, 5, 4, '', NULL, '2016-11-08 07:20:35'),
(2387, 251, 122, '', 2, 2, 5, 4, '', NULL, '2016-11-08 07:20:35'),
(2388, 251, 123, '', 2, 2, 5, 4, '', NULL, '2016-11-08 07:20:35'),
(2389, 252, 58, '', 2, 2, 7, 4, '', NULL, '2016-11-08 07:20:48'),
(2390, 252, 61, '', 1, 2, 7, 4, '', NULL, '2016-11-08 07:20:48'),
(2391, 252, 64, '', 2, 2, 7, 4, '', NULL, '2016-11-08 07:20:49'),
(2392, 252, 65, '', 1, 2, 7, 4, '', NULL, '2016-11-08 07:20:49'),
(2393, 252, 66, '', 1, 2, 7, 4, '', NULL, '2016-11-08 07:20:49'),
(2394, 252, 69, '', 3, 2, 7, 4, '', NULL, '2016-11-08 07:20:49'),
(2395, 252, 73, '', 6, 2, 7, 4, '', NULL, '2016-11-08 07:20:49'),
(2396, 252, 75, '', 2, 2, 7, 4, '', NULL, '2016-11-08 07:20:49'),
(2397, 252, 76, '', 1, 2, 7, 4, '', NULL, '2016-11-08 07:20:49'),
(2398, 252, 101, '', 1, 2, 7, 4, '', NULL, '2016-11-08 07:20:49'),
(2399, 252, 112, '', 2, 2, 7, 4, '', NULL, '2016-11-08 07:20:49'),
(2400, 252, 115, '', 2, 2, 7, 4, '', NULL, '2016-11-08 07:20:49'),
(2401, 252, 117, '', 1, 2, 7, 4, '', NULL, '2016-11-08 07:20:50'),
(2402, 252, 121, '', 1, 2, 7, 4, '', NULL, '2016-11-08 07:20:50'),
(2403, 252, 122, '', 2, 2, 7, 4, '', NULL, '2016-11-08 07:20:50'),
(2404, 252, 123, '', 2, 2, 7, 4, '', NULL, '2016-11-08 07:20:50'),
(2405, 253, 1, '', 1, 2, 9, 4, '', NULL, '2016-11-08 07:21:06'),
(2406, 253, 14, '', 2, 2, 9, 4, '', NULL, '2016-11-08 07:21:06'),
(2407, 253, 26, '', 1, 2, 9, 4, '', NULL, '2016-11-08 07:21:06'),
(2408, 253, 27, '', 2, 2, 9, 4, '', NULL, '2016-11-08 07:21:06'),
(2409, 253, 31, '', 1, 2, 9, 4, '', NULL, '2016-11-08 07:21:06'),
(2410, 253, 33, '', 1, 2, 9, 4, '', NULL, '2016-11-08 07:21:06'),
(2411, 253, 34, '', 1, 2, 9, 4, '', NULL, '2016-11-08 07:21:07'),
(2412, 253, 36, '', 2, 2, 9, 4, '', NULL, '2016-11-08 07:21:07'),
(2413, 253, 39, '', 1, 2, 9, 4, '', NULL, '2016-11-08 07:21:07'),
(2414, 253, 42, '', 1, 2, 9, 4, '', NULL, '2016-11-08 07:21:07'),
(2415, 253, 44, '', 2, 2, 9, 4, '', NULL, '2016-11-08 07:21:07'),
(2416, 254, 1, '', 0, 2, 9, 4, '', NULL, '2016-11-08 07:21:07'),
(2417, 254, 14, '', 0, 2, 9, 4, '', NULL, '2016-11-08 07:21:07'),
(2418, 254, 26, '', 0, 2, 9, 4, '', NULL, '2016-11-08 07:21:07'),
(2419, 254, 27, '', 0, 2, 9, 4, '', NULL, '2016-11-08 07:21:07'),
(2420, 254, 31, '', 0, 2, 9, 4, '', NULL, '2016-11-08 07:21:08'),
(2421, 254, 33, '', 0, 2, 9, 4, '', NULL, '2016-11-08 07:21:08'),
(2422, 254, 34, '', 0, 2, 9, 4, '', NULL, '2016-11-08 07:21:08'),
(2423, 254, 36, '', 0, 2, 9, 4, '', NULL, '2016-11-08 07:21:08'),
(2424, 254, 39, '', 0, 2, 9, 4, '', NULL, '2016-11-08 07:21:08'),
(2425, 254, 42, '', 0, 2, 9, 4, '', NULL, '2016-11-08 07:21:08'),
(2426, 254, 44, '', 0, 2, 9, 4, '', NULL, '2016-11-08 07:21:08'),
(2427, 255, 1, '', 1, 2, 11, 4, '', NULL, '2016-11-08 07:21:16'),
(2428, 255, 14, '', 2, 2, 11, 4, '', NULL, '2016-11-08 07:21:16'),
(2429, 255, 26, '', 1, 2, 11, 4, '', NULL, '2016-11-08 07:21:17'),
(2430, 255, 27, '', 1, 2, 11, 4, '', NULL, '2016-11-08 07:21:17'),
(2431, 255, 31, '', 1, 2, 11, 4, '', NULL, '2016-11-08 07:21:17'),
(2432, 255, 33, '', 1, 2, 11, 4, '', NULL, '2016-11-08 07:21:17'),
(2433, 255, 34, '', 1, 2, 11, 4, '', NULL, '2016-11-08 07:21:17'),
(2434, 255, 36, '', 2, 2, 11, 4, '', NULL, '2016-11-08 07:21:17'),
(2435, 255, 39, '', 1, 2, 11, 4, '', NULL, '2016-11-08 07:21:17'),
(2436, 255, 42, '', 1, 2, 11, 4, '', NULL, '2016-11-08 07:21:17'),
(2437, 255, 44, '', 2, 2, 11, 4, '', NULL, '2016-11-08 07:21:17'),
(2438, 256, 41, '', 1, 2, 7, 1, '', NULL, '2016-11-08 07:26:51'),
(2439, NULL, 41, '', -1, 2, 7, 2, '4616', '5468', '2016-11-08 07:29:38'),
(2440, 257, 41, '', 1, 2, 9, 1, '', NULL, '2016-11-08 07:38:48'),
(2441, NULL, 41, '', -1, 2, 9, 2, '2436', '5385', '2016-11-08 07:39:26'),
(2442, 260, 1, '', 1, 2, 10, 1, '', NULL, '2016-11-08 12:52:36'),
(2443, 260, 14, '', 2, 2, 10, 1, '', NULL, '2016-11-08 12:52:36'),
(2444, 260, 26, '', 1, 2, 10, 1, '', NULL, '2016-11-08 12:52:36'),
(2445, 260, 27, '', 1, 2, 10, 1, '', NULL, '2016-11-08 12:52:36'),
(2446, 260, 31, '', 1, 2, 10, 1, '', NULL, '2016-11-08 12:52:36'),
(2447, 260, 33, '', 1, 2, 10, 1, '', NULL, '2016-11-08 12:52:36'),
(2448, 260, 34, '', 1, 2, 10, 1, '', NULL, '2016-11-08 12:52:36'),
(2449, 260, 36, '', 2, 2, 10, 1, '', NULL, '2016-11-08 12:52:36'),
(2450, 260, 39, '', 1, 2, 10, 1, '', NULL, '2016-11-08 12:52:37'),
(2451, 260, 44, '', 2, 2, 10, 1, '', NULL, '2016-11-08 12:52:37'),
(2452, 260, 42, '', 1, 2, 10, 1, '', NULL, '2016-11-08 12:52:37'),
(2453, 260, 30, '', 1, 2, 10, 1, '', NULL, '2016-11-08 12:52:37'),
(2454, 261, 1, '', 1, 2, 6, 1, '', NULL, '2016-11-08 12:54:51'),
(2455, 261, 14, '', 2, 2, 6, 1, '', NULL, '2016-11-08 12:54:52'),
(2456, 261, 26, '', 1, 2, 6, 1, '', NULL, '2016-11-08 12:54:52'),
(2457, 261, 27, '', 1, 2, 6, 1, '', NULL, '2016-11-08 12:54:52'),
(2458, 261, 31, '', 1, 2, 6, 1, '', NULL, '2016-11-08 12:54:52'),
(2459, 261, 33, '', 1, 2, 6, 1, '', NULL, '2016-11-08 12:54:52'),
(2460, 261, 34, '', 1, 2, 6, 1, '', NULL, '2016-11-08 12:54:52'),
(2461, 261, 36, '', 2, 2, 6, 1, '', NULL, '2016-11-08 12:54:52'),
(2462, 261, 39, '', 1, 2, 6, 1, '', NULL, '2016-11-08 12:54:52'),
(2463, 261, 44, '', 2, 2, 6, 1, '', NULL, '2016-11-08 12:54:52'),
(2464, 261, 42, '', 1, 2, 6, 1, '', NULL, '2016-11-08 12:54:53'),
(2465, 262, 58, '', 2, 2, 13, 1, '', NULL, '2016-11-08 13:14:53'),
(2466, 262, 59, '', 1, 2, 13, 1, '', NULL, '2016-11-08 13:14:54'),
(2467, 262, 61, '', 2, 2, 13, 1, '', NULL, '2016-11-08 13:14:54'),
(2468, 262, 76, '', 1, 2, 13, 1, '', NULL, '2016-11-08 13:14:54'),
(2469, 262, 121, '', 1, 2, 13, 1, '', NULL, '2016-11-08 13:14:54'),
(2470, 262, 117, '', 1, 2, 13, 1, '', NULL, '2016-11-08 13:14:54'),
(2471, 262, 122, '', 2, 2, 13, 1, '', NULL, '2016-11-08 13:14:54'),
(2472, 262, 101, '', 1, 2, 13, 1, '', NULL, '2016-11-08 13:14:54'),
(2473, 262, 64, '', 2, 2, 13, 1, '', NULL, '2016-11-08 13:14:54'),
(2474, 262, 123, '', 2, 2, 13, 1, '', NULL, '2016-11-08 13:14:55'),
(2475, 262, 115, '', 2, 2, 13, 1, '', NULL, '2016-11-08 13:14:55'),
(2476, 262, 66, '', 2, 2, 13, 1, '', NULL, '2016-11-08 13:14:55'),
(2477, 262, 112, '', 2, 2, 13, 1, '', NULL, '2016-11-08 13:14:55'),
(2478, 262, 69, '', 3, 2, 13, 1, '', NULL, '2016-11-08 13:14:55'),
(2479, 262, 65, '', 1, 2, 13, 1, '', NULL, '2016-11-08 13:14:55'),
(2480, 262, 73, '', 6, 2, 13, 1, '', NULL, '2016-11-08 13:14:55'),
(2481, 262, 75, '', 2, 2, 13, 1, '', NULL, '2016-11-08 13:14:55'),
(2482, 263, 58, '', 2, 2, 7, 1, '', NULL, '2016-11-08 13:18:35'),
(2483, 263, 61, '', 1, 2, 7, 1, '', NULL, '2016-11-08 13:18:36'),
(2484, 263, 76, '', 1, 2, 7, 1, '', NULL, '2016-11-08 13:18:36'),
(2485, 263, 121, '', 2, 2, 7, 1, '', NULL, '2016-11-08 13:18:36'),
(2486, 263, 117, '', 1, 2, 7, 1, '', NULL, '2016-11-08 13:18:36'),
(2487, 263, 122, '', 2, 2, 7, 1, '', NULL, '2016-11-08 13:18:36'),
(2488, 263, 101, '', 1, 2, 7, 1, '', NULL, '2016-11-08 13:18:36'),
(2489, 263, 123, '', 2, 2, 7, 1, '', NULL, '2016-11-08 13:18:36'),
(2490, 263, 64, '', 2, 2, 7, 1, '', NULL, '2016-11-08 13:18:36'),
(2491, 263, 115, '', 2, 2, 7, 1, '', NULL, '2016-11-08 13:18:36'),
(2492, 263, 66, '', 2, 2, 7, 1, '', NULL, '2016-11-08 13:18:37'),
(2493, 263, 95, '', 1, 2, 7, 1, '', NULL, '2016-11-08 13:18:37'),
(2494, 263, 69, '', 3, 2, 7, 1, '', NULL, '2016-11-08 13:18:37'),
(2495, 263, 65, '', 1, 2, 7, 1, '', NULL, '2016-11-08 13:18:37'),
(2496, 263, 73, '', 6, 2, 7, 1, '', NULL, '2016-11-08 13:18:37'),
(2497, 263, 75, '', 2, 2, 7, 1, '', NULL, '2016-11-08 13:18:37'),
(2498, NULL, 1, '', -1, 2, 6, 3, '', '', '2016-11-08 13:42:39'),
(2499, NULL, 14, '', -2, 2, 6, 3, '', '', '2016-11-08 13:42:55'),
(2500, NULL, 26, '', -1, 2, 6, 3, '', '', '2016-11-08 13:43:24'),
(2501, NULL, 27, '', -1, 2, 6, 3, '', '', '2016-11-08 13:43:39'),
(2502, NULL, 44, '', -2, 2, 6, 3, '', '', '2016-11-08 13:44:07'),
(2503, NULL, 31, '', -1, 2, 6, 3, '', '', '2016-11-08 13:44:22'),
(2504, NULL, 33, '', -1, 2, 6, 3, '', '', '2016-11-08 13:44:36'),
(2505, NULL, 34, '', -1, 2, 6, 3, '', '', '2016-11-08 13:44:54'),
(2506, NULL, 36, '', -1, 2, 6, 3, '', '', '2016-11-08 13:45:05'),
(2507, NULL, 42, '', -1, 2, 6, 3, '', '', '2016-11-08 13:45:23'),
(2508, NULL, 39, '', -1, 2, 6, 3, '', '', '2016-11-08 13:45:36'),
(2509, NULL, 36, '', -1, 2, 6, 3, '', '', '2016-11-08 13:45:47'),
(2510, 264, 1, '', 1, 2, 6, 4, '', NULL, '2016-11-08 13:58:01'),
(2511, 264, 14, '', 2, 2, 6, 4, '', NULL, '2016-11-08 13:58:01'),
(2512, 264, 26, '', 1, 2, 6, 4, '', NULL, '2016-11-08 13:58:01'),
(2513, 264, 27, '', 1, 2, 6, 4, '', NULL, '2016-11-08 13:58:01'),
(2514, 264, 31, '', 1, 2, 6, 4, '', NULL, '2016-11-08 13:58:02'),
(2515, 264, 33, '', 1, 2, 6, 4, '', NULL, '2016-11-08 13:58:02'),
(2516, 264, 34, '', 1, 2, 6, 4, '', NULL, '2016-11-08 13:58:02'),
(2517, 264, 36, '', 2, 2, 6, 4, '', NULL, '2016-11-08 13:58:02'),
(2518, 264, 39, '', 1, 2, 6, 4, '', NULL, '2016-11-08 13:58:02'),
(2519, 264, 42, '', 1, 2, 6, 4, '', NULL, '2016-11-08 13:58:02'),
(2520, 264, 44, '', 2, 2, 6, 4, '', NULL, '2016-11-08 13:58:02'),
(2521, 265, 1, '', 1, 2, 9, 1, '', NULL, '2016-11-08 14:01:47'),
(2522, 265, 14, '', 2, 2, 9, 1, '', NULL, '2016-11-08 14:01:47'),
(2523, 265, 26, '', 1, 2, 9, 1, '', NULL, '2016-11-08 14:01:47'),
(2524, 265, 7, '', 1, 2, 9, 1, '', NULL, '2016-11-08 14:01:47'),
(2525, 265, 27, '', 2, 2, 9, 1, '', NULL, '2016-11-08 14:01:47'),
(2526, 265, 31, '', 1, 2, 9, 1, '', NULL, '2016-11-08 14:01:47'),
(2527, 265, 33, '', 1, 2, 9, 1, '', NULL, '2016-11-08 14:01:47'),
(2528, 265, 34, '', 1, 2, 9, 1, '', NULL, '2016-11-08 14:01:48'),
(2529, 265, 36, '', 2, 2, 9, 1, '', NULL, '2016-11-08 14:01:48'),
(2530, 265, 39, '', 1, 2, 9, 1, '', NULL, '2016-11-08 14:01:48'),
(2531, 265, 44, '', 2, 2, 9, 1, '', NULL, '2016-11-08 14:01:48'),
(2532, 265, 42, '', 1, 2, 9, 1, '', NULL, '2016-11-08 14:01:48'),
(2533, 266, 1, '', 1, 2, 14, 1, '', NULL, '2016-11-08 14:06:44'),
(2534, 266, 14, '', 2, 2, 14, 1, '', NULL, '2016-11-08 14:06:44'),
(2535, 266, 26, '', 1, 2, 14, 1, '', NULL, '2016-11-08 14:06:44'),
(2536, 266, 27, '', 1, 2, 14, 1, '', NULL, '2016-11-08 14:06:44'),
(2537, 266, 31, '', 1, 2, 14, 1, '', NULL, '2016-11-08 14:06:45'),
(2538, 266, 33, '', 1, 2, 14, 1, '', NULL, '2016-11-08 14:06:45'),
(2539, 266, 34, '', 1, 2, 14, 1, '', NULL, '2016-11-08 14:06:45'),
(2540, 266, 36, '', 2, 2, 14, 1, '', NULL, '2016-11-08 14:06:45'),
(2541, 266, 39, '', 1, 2, 14, 1, '', NULL, '2016-11-08 14:06:45'),
(2542, 266, 44, '', 1, 2, 14, 1, '', NULL, '2016-11-08 14:06:45'),
(2543, 266, 42, '', 1, 2, 14, 1, '', NULL, '2016-11-08 14:06:45'),
(2544, 266, 127, '', 1, 2, 14, 1, '', NULL, '2016-11-08 14:06:45'),
(2545, NULL, 1, '', -1, 2, 10, 3, '', '', '2016-11-08 14:19:20'),
(2546, NULL, 14, '', -2, 2, 10, 3, '', '', '2016-11-08 14:19:46'),
(2547, NULL, 26, '', -1, 2, 10, 3, '', '', '2016-11-08 14:19:56'),
(2548, NULL, 27, '', -1, 2, 10, 3, '', '', '2016-11-08 14:20:05'),
(2549, NULL, 31, '', -1, 2, 10, 3, '', '', '2016-11-08 14:20:14'),
(2550, NULL, 33, '', -1, 2, 10, 3, '', '', '2016-11-08 14:20:24'),
(2551, NULL, 34, '', -1, 2, 10, 3, '', '', '2016-11-08 14:20:34'),
(2552, NULL, 36, '', -2, 2, 10, 3, '', '', '2016-11-08 14:20:44'),
(2553, NULL, 39, '', -1, 2, 10, 3, '', '', '2016-11-08 14:20:55'),
(2554, NULL, 42, '', -1, 2, 10, 3, '', '', '2016-11-08 14:21:04'),
(2555, NULL, 44, '', -2, 2, 10, 3, '', '', '2016-11-08 14:21:14'),
(2556, NULL, 30, '', -1, 2, 10, 2, '', '607', '2016-11-08 14:21:39'),
(2557, NULL, 1, '', -1, 2, 14, 3, '', '', '2016-11-08 18:58:11'),
(2558, NULL, 14, '', -2, 2, 14, 3, '', '', '2016-11-08 18:58:21'),
(2559, NULL, 26, '', -1, 2, 14, 3, '', '', '2016-11-08 18:58:32'),
(2560, NULL, 27, '', -1, 2, 14, 3, '', '', '2016-11-08 18:58:41'),
(2561, NULL, 31, '', -1, 2, 14, 3, '', '', '2016-11-08 18:58:51'),
(2562, NULL, 33, '', -1, 2, 14, 3, '', '', '2016-11-08 18:59:00'),
(2563, NULL, 34, '', -1, 2, 14, 3, '', '', '2016-11-08 18:59:10'),
(2564, NULL, 36, '', -2, 2, 14, 3, '', '', '2016-11-08 18:59:20'),
(2565, NULL, 39, '', -1, 2, 14, 3, '', '', '2016-11-08 18:59:30'),
(2566, NULL, 42, '', -1, 2, 14, 3, '', '', '2016-11-08 18:59:39'),
(2567, NULL, 44, '', -1, 2, 14, 3, '', '', '2016-11-08 19:00:01'),
(2568, NULL, 127, '', -1, 2, 14, 2, '', '624', '2016-11-08 19:00:28'),
(2569, NULL, 7, '', -1, 2, 9, 2, '', '510', '2016-11-08 19:01:35'),
(2570, NULL, 31, '', -1, 2, 9, 2, '', '559', '2016-11-08 19:02:00'),
(2571, NULL, 14, '', -1, 2, 9, 2, '', '559', '2016-11-08 19:02:14'),
(2572, NULL, 14, '', -1, 2, 9, 3, '', '', '2016-11-08 19:02:23'),
(2573, NULL, 26, '', -1, 2, 9, 3, '', '', '2016-11-08 19:02:32'),
(2574, NULL, 33, '', -1, 2, 9, 3, '', '', '2016-11-08 19:02:41'),
(2575, NULL, 1, '', -1, 2, 9, 3, '', '', '2016-11-08 19:02:53'),
(2576, NULL, 27, '', -2, 2, 9, 3, '', '', '2016-11-08 19:03:05'),
(2577, NULL, 42, '', -1, 2, 9, 3, '', '', '2016-11-08 19:03:12'),
(2578, NULL, 44, '', -2, 2, 9, 3, '', '', '2016-11-08 19:03:22'),
(2579, NULL, 39, '', -1, 2, 9, 3, '', '', '2016-11-08 19:03:30'),
(2580, NULL, 34, '', -1, 2, 9, 3, '', '', '2016-11-08 19:03:57'),
(2581, NULL, 36, '', -2, 2, 9, 3, '', '', '2016-11-08 19:04:07'),
(2582, 267, 1, '', 1, 2, 10, 4, '', NULL, '2016-11-09 10:17:32'),
(2583, 267, 14, '', 2, 2, 10, 4, '', NULL, '2016-11-09 10:17:32'),
(2584, 267, 26, '', 1, 2, 10, 4, '', NULL, '2016-11-09 10:17:32'),
(2585, 267, 27, '', 1, 2, 10, 4, '', NULL, '2016-11-09 10:17:32'),
(2586, 267, 31, '', 1, 2, 10, 4, '', NULL, '2016-11-09 10:17:32'),
(2587, 267, 33, '', 1, 2, 10, 4, '', NULL, '2016-11-09 10:17:33'),
(2588, 267, 34, '', 1, 2, 10, 4, '', NULL, '2016-11-09 10:17:33'),
(2589, 267, 36, '', 2, 2, 10, 4, '', NULL, '2016-11-09 10:17:33'),
(2590, 267, 39, '', 1, 2, 10, 4, '', NULL, '2016-11-09 10:17:33'),
(2591, 267, 42, '', 1, 2, 10, 4, '', NULL, '2016-11-09 10:17:33'),
(2592, 267, 44, '', 2, 2, 10, 4, '', NULL, '2016-11-09 10:17:33'),
(2593, 268, 1, '', 1, 2, 14, 4, '', NULL, '2016-11-09 10:17:48'),
(2594, 268, 14, '', 2, 2, 14, 4, '', NULL, '2016-11-09 10:17:48'),
(2595, 268, 26, '', 1, 2, 14, 4, '', NULL, '2016-11-09 10:17:49'),
(2596, 268, 27, '', 1, 2, 14, 4, '', NULL, '2016-11-09 10:17:49'),
(2597, 268, 31, '', 1, 2, 14, 4, '', NULL, '2016-11-09 10:17:49'),
(2598, 268, 33, '', 1, 2, 14, 4, '', NULL, '2016-11-09 10:17:49'),
(2599, 268, 34, '', 1, 2, 14, 4, '', NULL, '2016-11-09 10:17:49'),
(2600, 268, 36, '', 2, 2, 14, 4, '', NULL, '2016-11-09 10:17:49'),
(2601, 268, 39, '', 1, 2, 14, 4, '', NULL, '2016-11-09 10:17:49'),
(2602, 268, 42, '', 1, 2, 14, 4, '', NULL, '2016-11-09 10:17:49'),
(2603, 268, 44, '', 1, 2, 14, 4, '', NULL, '2016-11-09 10:17:49'),
(2604, 269, 1, '', 1, 2, 10, 1, '', NULL, '2016-11-09 10:37:50'),
(2605, 269, 14, '', 1, 2, 10, 1, '', NULL, '2016-11-09 10:37:50'),
(2606, 269, 26, '', 1, 2, 10, 1, '', NULL, '2016-11-09 10:37:51'),
(2607, 269, 27, '', 2, 2, 10, 1, '', NULL, '2016-11-09 10:37:51'),
(2608, 269, 33, '', 1, 2, 10, 1, '', NULL, '2016-11-09 10:37:51'),
(2609, 269, 34, '', 1, 2, 10, 1, '', NULL, '2016-11-09 10:37:51'),
(2610, 269, 36, '', 2, 2, 10, 1, '', NULL, '2016-11-09 10:37:51'),
(2611, 269, 39, '', 1, 2, 10, 1, '', NULL, '2016-11-09 10:37:51'),
(2612, 269, 44, '', 2, 2, 10, 1, '', NULL, '2016-11-09 10:37:51'),
(2613, 269, 42, '', 1, 2, 10, 1, '', NULL, '2016-11-09 10:37:51'),
(2614, 270, 1, '', 1, 2, 14, 1, '', NULL, '2016-11-09 10:40:22'),
(2615, 270, 14, '', 2, 2, 14, 1, '', NULL, '2016-11-09 10:40:22'),
(2616, 270, 26, '', 1, 2, 14, 1, '', NULL, '2016-11-09 10:40:22'),
(2617, 270, 27, '', 1, 2, 14, 1, '', NULL, '2016-11-09 10:40:22'),
(2618, 270, 31, '', 1, 2, 14, 1, '', NULL, '2016-11-09 10:40:22'),
(2619, 270, 33, '', 1, 2, 14, 1, '', NULL, '2016-11-09 10:40:22'),
(2620, 270, 34, '', 1, 2, 14, 1, '', NULL, '2016-11-09 10:40:23'),
(2621, 270, 36, '', 2, 2, 14, 1, '', NULL, '2016-11-09 10:40:23'),
(2622, 270, 39, '', 1, 2, 14, 1, '', NULL, '2016-11-09 10:40:23'),
(2623, 270, 44, '', 2, 2, 14, 1, '', NULL, '2016-11-09 10:40:23'),
(2624, 270, 42, '', 1, 2, 14, 1, '', NULL, '2016-11-09 10:40:23'),
(2625, NULL, 1, '', -1, 2, 14, 3, '', '', '2016-11-09 13:57:18'),
(2626, NULL, 14, '', -1, 2, 14, 3, '', '', '2016-11-09 13:57:27'),
(2627, NULL, 14, '', -1, 2, 14, 3, '', '', '2016-11-09 13:57:48'),
(2628, NULL, 26, '', -1, 2, 14, 3, '', '', '2016-11-09 13:57:57'),
(2629, NULL, 27, '', -1, 2, 14, 3, '', '', '2016-11-09 13:58:07'),
(2630, NULL, 31, '', -1, 2, 14, 3, '', '', '2016-11-09 13:58:16'),
(2631, NULL, 33, '', -1, 2, 14, 3, '', '', '2016-11-09 13:58:27'),
(2632, NULL, 34, '', -1, 2, 14, 3, '', '', '2016-11-09 13:58:44'),
(2633, NULL, 36, '', -2, 2, 14, 3, '', '', '2016-11-09 13:58:56'),
(2634, NULL, 39, '', -1, 2, 14, 3, '', '', '2016-11-09 13:59:07'),
(2635, NULL, 42, '', -1, 2, 14, 3, '', '', '2016-11-09 13:59:17'),
(2636, NULL, 44, '', -2, 2, 14, 3, '', '', '2016-11-09 13:59:42'),
(2637, NULL, 1, '', -1, 2, 10, 3, '', '', '2016-11-09 14:08:26'),
(2638, NULL, 14, '', -1, 2, 10, 3, '', '', '2016-11-09 14:08:51'),
(2639, NULL, 26, '', -1, 2, 10, 3, '', '', '2016-11-09 14:09:54'),
(2640, NULL, 27, '', -2, 2, 10, 3, '', '', '2016-11-09 14:10:27'),
(2641, NULL, 33, '', -1, 2, 10, 3, '', '', '2016-11-09 14:10:48'),
(2642, NULL, 34, '', -1, 2, 10, 3, '', '', '2016-11-09 14:11:10'),
(2643, NULL, 36, '', -2, 2, 10, 3, '', '', '2016-11-09 14:11:36'),
(2644, NULL, 39, '', -1, 2, 10, 3, '', '', '2016-11-09 14:12:04'),
(2645, NULL, 42, '', -1, 2, 10, 3, '', '', '2016-11-09 14:13:02'),
(2646, NULL, 44, '', -2, 2, 10, 3, '', '', '2016-11-09 14:13:28'),
(2647, NULL, 59, '', -1, 2, 13, 2, '8336', '5543', '2016-11-10 03:03:32'),
(2648, NULL, 58, '', -2, 2, 13, 3, '', '', '2016-11-10 03:04:03'),
(2649, NULL, 61, '', -2, 2, 13, 3, '', '', '2016-11-10 03:04:14'),
(2650, NULL, 64, '', -2, 2, 13, 3, '', '', '2016-11-10 03:04:24'),
(2651, NULL, 65, '', -1, 2, 13, 3, '', '', '2016-11-10 03:04:32'),
(2652, NULL, 66, '', -2, 2, 13, 3, '', '', '2016-11-10 03:04:43'),
(2653, NULL, 69, '', -3, 2, 13, 3, '', '', '2016-11-10 03:04:52'),
(2654, NULL, 73, '', -6, 2, 13, 3, '', '', '2016-11-10 03:05:03'),
(2655, NULL, 75, '', -2, 2, 13, 3, '', '', '2016-11-10 03:05:19'),
(2656, NULL, 76, '', -1, 2, 13, 3, '', '', '2016-11-10 03:05:31'),
(2657, NULL, 101, '', -1, 2, 13, 3, '', '', '2016-11-10 03:05:40'),
(2658, NULL, 112, '', -2, 2, 13, 3, '', '', '2016-11-10 03:05:51'),
(2659, NULL, 115, '', -2, 2, 13, 3, '', '', '2016-11-10 03:06:01'),
(2660, NULL, 117, '', -1, 2, 13, 3, '', '', '2016-11-10 03:06:12'),
(2661, NULL, 121, '', -1, 2, 13, 3, '', '', '2016-11-10 03:06:23'),
(2662, NULL, 122, '', -2, 2, 13, 3, '', '', '2016-11-10 03:06:33'),
(2663, NULL, 123, '', -2, 2, 13, 3, '', '', '2016-11-10 03:06:44'),
(2664, NULL, 58, '', -2, 2, 7, 3, '', '', '2016-11-10 03:09:22'),
(2665, NULL, 61, '', -1, 2, 7, 3, '', '', '2016-11-10 03:09:30'),
(2666, NULL, 64, '', -2, 2, 7, 3, '', '', '2016-11-10 03:09:41'),
(2667, NULL, 65, '', -1, 2, 7, 3, '', '', '2016-11-10 03:09:49'),
(2668, NULL, 66, '', -2, 2, 7, 3, '', '', '2016-11-10 03:10:47'),
(2669, NULL, 69, '', -3, 2, 7, 3, '', '', '2016-11-10 03:10:57'),
(2670, NULL, 73, '', -6, 2, 7, 3, '', '', '2016-11-10 03:11:07'),
(2671, NULL, 75, '', -2, 2, 7, 3, '', '', '2016-11-10 03:11:16'),
(2672, NULL, 76, '', -1, 2, 7, 3, '', '', '2016-11-10 03:11:25'),
(2673, NULL, 95, '', -1, 2, 7, 3, '', '', '2016-11-10 03:11:33'),
(2674, NULL, 101, '', -1, 2, 7, 3, '', '', '2016-11-10 03:11:41'),
(2675, NULL, 115, '', -2, 2, 7, 3, '', '', '2016-11-10 03:11:49'),
(2676, NULL, 117, '', -1, 2, 7, 3, '', '', '2016-11-10 03:11:57'),
(2677, NULL, 121, '', -2, 2, 7, 3, '', '', '2016-11-10 03:12:05'),
(2678, NULL, 122, '', -2, 2, 7, 3, '', '', '2016-11-10 03:12:14'),
(2679, NULL, 123, '', -2, 2, 7, 3, '', '', '2016-11-10 03:12:22'),
(2680, 271, 58, '', 2, 2, 7, 4, '', NULL, '2016-11-10 06:11:31'),
(2681, 271, 61, '', 1, 2, 7, 4, '', NULL, '2016-11-10 06:11:31'),
(2682, 271, 64, '', 2, 2, 7, 4, '', NULL, '2016-11-10 06:11:32'),
(2683, 271, 65, '', 1, 2, 7, 4, '', NULL, '2016-11-10 06:11:32'),
(2684, 271, 66, '', 2, 2, 7, 4, '', NULL, '2016-11-10 06:11:32'),
(2685, 271, 69, '', 3, 2, 7, 4, '', NULL, '2016-11-10 06:11:32'),
(2686, 271, 73, '', 6, 2, 7, 4, '', NULL, '2016-11-10 06:11:32'),
(2687, 271, 75, '', 2, 2, 7, 4, '', NULL, '2016-11-10 06:11:32'),
(2688, 271, 76, '', 1, 2, 7, 4, '', NULL, '2016-11-10 06:11:32'),
(2689, 271, 95, '', 1, 2, 7, 4, '', NULL, '2016-11-10 06:11:32'),
(2690, 271, 101, '', 1, 2, 7, 4, '', NULL, '2016-11-10 06:11:33'),
(2691, 271, 115, '', 2, 2, 7, 4, '', NULL, '2016-11-10 06:11:33'),
(2692, 271, 117, '', 1, 2, 7, 4, '', NULL, '2016-11-10 06:11:33'),
(2693, 271, 121, '', 2, 2, 7, 4, '', NULL, '2016-11-10 06:11:33'),
(2694, 271, 122, '', 2, 2, 7, 4, '', NULL, '2016-11-10 06:11:33'),
(2695, 271, 123, '', 2, 2, 7, 4, '', NULL, '2016-11-10 06:11:33'),
(2696, 272, 58, '', 2, 2, 13, 4, '', NULL, '2016-11-10 06:11:51'),
(2697, 272, 61, '', 2, 2, 13, 4, '', NULL, '2016-11-10 06:11:51'),
(2698, 272, 64, '', 2, 2, 13, 4, '', NULL, '2016-11-10 06:11:52'),
(2699, 272, 65, '', 1, 2, 13, 4, '', NULL, '2016-11-10 06:11:52'),
(2700, 272, 66, '', 2, 2, 13, 4, '', NULL, '2016-11-10 06:11:52'),
(2701, 272, 69, '', 3, 2, 13, 4, '', NULL, '2016-11-10 06:11:52'),
(2702, 272, 73, '', 6, 2, 13, 4, '', NULL, '2016-11-10 06:11:52'),
(2703, 272, 75, '', 2, 2, 13, 4, '', NULL, '2016-11-10 06:11:52'),
(2704, 272, 76, '', 1, 2, 13, 4, '', NULL, '2016-11-10 06:11:52'),
(2705, 272, 101, '', 1, 2, 13, 4, '', NULL, '2016-11-10 06:11:52'),
(2706, 272, 112, '', 2, 2, 13, 4, '', NULL, '2016-11-10 06:11:52'),
(2707, 272, 115, '', 2, 2, 13, 4, '', NULL, '2016-11-10 06:11:53'),
(2708, 272, 117, '', 1, 2, 13, 4, '', NULL, '2016-11-10 06:11:53'),
(2709, 272, 121, '', 1, 2, 13, 4, '', NULL, '2016-11-10 06:11:53'),
(2710, 272, 122, '', 2, 2, 13, 4, '', NULL, '2016-11-10 06:11:53'),
(2711, 272, 123, '', 2, 2, 13, 4, '', NULL, '2016-11-10 06:11:53'),
(2712, 276, 1, '', 1, 2, 10, 1, '', NULL, '2016-11-10 07:25:26'),
(2713, 276, 27, '', 2, 2, 10, 1, '', NULL, '2016-11-10 07:25:26'),
(2714, 276, 26, '', 1, 2, 10, 1, '', NULL, '2016-11-10 07:25:26'),
(2715, 276, 33, '', 1, 2, 10, 1, '', NULL, '2016-11-10 07:25:26'),
(2716, 276, 34, '', 1, 2, 10, 1, '', NULL, '2016-11-10 07:25:26'),
(2717, 276, 36, '', 2, 2, 10, 1, '', NULL, '2016-11-10 07:25:26'),
(2718, 276, 39, '', 1, 2, 10, 1, '', NULL, '2016-11-10 07:25:26'),
(2719, 276, 44, '', 2, 2, 10, 1, '', NULL, '2016-11-10 07:25:26'),
(2720, 276, 42, '', 1, 2, 10, 1, '', NULL, '2016-11-10 07:25:27'),
(2721, 276, 27, '', 1, 2, 10, 1, '', NULL, '2016-11-10 07:25:27'),
(2722, 277, 1, '', 1, 2, 10, 4, '', NULL, '2016-11-10 07:26:38'),
(2723, 277, 14, '', 1, 2, 10, 4, '', NULL, '2016-11-10 07:26:38'),
(2724, 277, 26, '', 1, 2, 10, 4, '', NULL, '2016-11-10 07:26:38'),
(2725, 277, 27, '', 2, 2, 10, 4, '', NULL, '2016-11-10 07:26:39'),
(2726, 277, 33, '', 1, 2, 10, 4, '', NULL, '2016-11-10 07:26:39'),
(2727, 277, 34, '', 1, 2, 10, 4, '', NULL, '2016-11-10 07:26:39'),
(2728, 277, 36, '', 2, 2, 10, 4, '', NULL, '2016-11-10 07:26:39'),
(2729, 277, 39, '', 1, 2, 10, 4, '', NULL, '2016-11-10 07:26:39'),
(2730, 277, 42, '', 1, 2, 10, 4, '', NULL, '2016-11-10 07:26:39'),
(2731, 277, 44, '', 2, 2, 10, 4, '', NULL, '2016-11-10 07:26:39'),
(2732, 278, 31, '', 1, 2, 9, 1, '', NULL, '2016-11-10 07:53:16'),
(2733, 278, 7, '', 1, 2, 9, 1, '', NULL, '2016-11-10 07:53:16'),
(2734, NULL, 7, '', -1, 2, 9, 2, '', '510', '2016-11-10 07:53:46'),
(2735, NULL, 31, '', -1, 2, 9, 2, '', '559', '2016-11-10 07:54:12'),
(2736, 279, 7, '', 1, 2, 14, 1, '', NULL, '2016-11-10 11:43:40'),
(2737, NULL, 7, '', -1, 2, 14, 2, '', '586', '2016-11-10 11:44:28'),
(2738, 280, 7, '', 2, 2, 10, 1, '', NULL, '2016-11-10 13:23:13'),
(2739, NULL, 1, '', -1, 2, 10, 3, '', '', '2016-11-10 13:54:17'),
(2740, NULL, 26, '', -1, 2, 10, 3, '', '', '2016-11-10 13:56:41'),
(2741, NULL, 27, '', -3, 2, 10, 3, '', '', '2016-11-10 13:57:02'),
(2742, NULL, 33, '', -1, 2, 10, 3, '', '', '2016-11-10 13:57:12'),
(2743, NULL, 34, '', -1, 2, 10, 3, '', '', '2016-11-10 13:57:25'),
(2744, NULL, 36, '', -2, 2, 10, 3, '', '', '2016-11-10 13:57:38'),
(2745, NULL, 39, '', -1, 2, 10, 3, '', '', '2016-11-10 13:57:48'),
(2746, NULL, 42, '', -1, 2, 10, 3, '', '', '2016-11-10 13:58:01'),
(2747, NULL, 44, '', -2, 2, 10, 3, '', '', '2016-11-10 13:58:25'),
(2748, NULL, 7, '', -1, 2, 10, 2, '', '559', '2016-11-10 13:59:00'),
(2749, NULL, 7, '', -1, 2, 10, 2, '', '504', '2016-11-10 13:59:15'),
(2750, 281, 5, '', 1, 2, 14, 1, '', NULL, '2016-11-10 14:23:38'),
(2751, 282, 1, '', 1, 2, 10, 4, '', NULL, '2016-11-10 14:24:30'),
(2752, 282, 26, '', 1, 2, 10, 4, '', NULL, '2016-11-10 14:24:31'),
(2753, 282, 27, '', 3, 2, 10, 4, '', NULL, '2016-11-10 14:24:31'),
(2754, 282, 33, '', 1, 2, 10, 4, '', NULL, '2016-11-10 14:24:31'),
(2755, 282, 34, '', 1, 2, 10, 4, '', NULL, '2016-11-10 14:24:31'),
(2756, 282, 36, '', 2, 2, 10, 4, '', NULL, '2016-11-10 14:24:31'),
(2757, 282, 39, '', 1, 2, 10, 4, '', NULL, '2016-11-10 14:24:31'),
(2758, 282, 42, '', 1, 2, 10, 4, '', NULL, '2016-11-10 14:24:31'),
(2759, 282, 44, '', 2, 2, 10, 4, '', NULL, '2016-11-10 14:24:31'),
(2760, 283, 1, '', 1, 2, 14, 4, '', NULL, '2016-11-10 14:25:07'),
(2761, 283, 14, '', 2, 2, 14, 4, '', NULL, '2016-11-10 14:25:07'),
(2762, 283, 26, '', 1, 2, 14, 4, '', NULL, '2016-11-10 14:25:08'),
(2763, 283, 27, '', 1, 2, 14, 4, '', NULL, '2016-11-10 14:25:08'),
(2764, 283, 31, '', 1, 2, 14, 4, '', NULL, '2016-11-10 14:25:08'),
(2765, 283, 33, '', 1, 2, 14, 4, '', NULL, '2016-11-10 14:25:08'),
(2766, 283, 34, '', 1, 2, 14, 4, '', NULL, '2016-11-10 14:25:08'),
(2767, 283, 36, '', 2, 2, 14, 4, '', NULL, '2016-11-10 14:25:08'),
(2768, 283, 39, '', 1, 2, 14, 4, '', NULL, '2016-11-10 14:25:08'),
(2769, 283, 42, '', 1, 2, 14, 4, '', NULL, '2016-11-10 14:25:08'),
(2770, 283, 44, '', 2, 2, 14, 4, '', NULL, '2016-11-10 14:25:08'),
(2771, NULL, 5, '', -1, 2, 14, 2, '', '539', '2016-11-10 14:26:06'),
(2772, 285, 1, '', 1, 2, 10, 1, '', NULL, '2016-11-11 12:07:56'),
(2773, 285, 26, '', 1, 2, 10, 1, '', NULL, '2016-11-11 12:07:56'),
(2774, 285, 27, '', 1, 2, 10, 1, '', NULL, '2016-11-11 12:07:56'),
(2775, 285, 33, '', 1, 2, 10, 1, '', NULL, '2016-11-11 12:07:57'),
(2776, 285, 34, '', 1, 2, 10, 1, '', NULL, '2016-11-11 12:07:57'),
(2777, 285, 36, '', 2, 2, 10, 1, '', NULL, '2016-11-11 12:07:57'),
(2778, 285, 39, '', 1, 2, 10, 1, '', NULL, '2016-11-11 12:07:57'),
(2779, 285, 44, '', 2, 2, 10, 1, '', NULL, '2016-11-11 12:07:57'),
(2780, 285, 42, '', 1, 2, 10, 1, '', NULL, '2016-11-11 12:07:57'),
(2781, 286, 1, '', 1, 2, 11, 1, '', NULL, '2016-11-11 12:09:21'),
(2782, 286, 33, '', 1, 2, 11, 1, '', NULL, '2016-11-11 12:09:21'),
(2783, 286, 34, '', 1, 2, 11, 1, '', NULL, '2016-11-11 12:09:21'),
(2784, 286, 39, '', 1, 2, 11, 1, '', NULL, '2016-11-11 12:09:21'),
(2785, 286, 27, '', 1, 2, 11, 1, '', NULL, '2016-11-11 12:09:21'),
(2786, 286, 36, '', 2, 2, 11, 1, '', NULL, '2016-11-11 12:09:22'),
(2787, 286, 42, '', 1, 2, 11, 1, '', NULL, '2016-11-11 12:09:22'),
(2788, 286, 44, '', 2, 2, 11, 1, '', NULL, '2016-11-11 12:09:22'),
(2789, 286, 14, '', 2, 2, 11, 1, '', NULL, '2016-11-11 12:09:22'),
(2790, NULL, 1, '', -1, 2, 10, 3, '', '', '2016-11-11 15:18:40'),
(2791, NULL, 26, '', -1, 2, 10, 3, '', '', '2016-11-11 15:18:48'),
(2792, NULL, 27, '', -1, 2, 10, 3, '', '', '2016-11-11 15:18:57'),
(2793, NULL, 33, '', -1, 2, 10, 3, '', '', '2016-11-11 15:19:06'),
(2794, NULL, 34, '', -1, 2, 10, 3, '', '', '2016-11-11 15:19:15'),
(2795, NULL, 36, '', -2, 2, 10, 3, '', '', '2016-11-11 15:19:26'),
(2796, NULL, 39, '', -1, 2, 10, 3, '', '', '2016-11-11 15:19:35'),
(2797, NULL, 42, '', -1, 2, 10, 3, '', '', '2016-11-11 15:20:11'),
(2798, NULL, 44, '', -2, 2, 10, 3, '', '', '2016-11-11 15:20:22'),
(2799, 291, 1, '', 1, 2, 10, 4, '', NULL, '2016-11-11 15:28:09'),
(2800, 291, 26, '', 1, 2, 10, 4, '', NULL, '2016-11-11 15:28:09'),
(2801, 291, 27, '', 1, 2, 10, 4, '', NULL, '2016-11-11 15:28:09'),
(2802, 291, 33, '', 1, 2, 10, 4, '', NULL, '2016-11-11 15:28:09'),
(2803, 291, 34, '', 1, 2, 10, 4, '', NULL, '2016-11-11 15:28:09'),
(2804, 291, 36, '', 2, 2, 10, 4, '', NULL, '2016-11-11 15:28:10'),
(2805, 291, 39, '', 1, 2, 10, 4, '', NULL, '2016-11-11 15:28:10'),
(2806, 291, 42, '', 1, 2, 10, 4, '', NULL, '2016-11-11 15:28:10'),
(2807, 291, 44, '', 2, 2, 10, 4, '', NULL, '2016-11-11 15:28:10'),
(2808, 292, 31, '', 1, 2, 10, 1, '', NULL, '2016-11-11 15:28:57'),
(2809, NULL, 31, '', -1, 2, 10, 2, '', '581', '2016-11-11 15:30:23'),
(2810, NULL, 1, '', -1, 2, 11, 3, '', '', '2016-11-11 21:40:17'),
(2811, NULL, 14, '', -1, 2, 11, 3, '', '', '2016-11-11 21:44:01'),
(2812, NULL, 14, '', -1, 2, 11, 3, '', '', '2016-11-11 21:44:13'),
(2813, NULL, 27, '', -1, 2, 11, 3, '', '', '2016-11-11 21:44:21'),
(2814, NULL, 33, '', -1, 2, 11, 3, '', '', '2016-11-11 21:44:33'),
(2815, NULL, 34, '', -1, 2, 11, 3, '', '', '2016-11-11 21:44:40'),
(2816, NULL, 36, '', -1, 2, 11, 3, '', '', '2016-11-11 21:44:47'),
(2817, NULL, 36, '', -1, 2, 11, 3, '', '', '2016-11-11 21:44:54'),
(2818, NULL, 39, '', -1, 2, 11, 3, '', '', '2016-11-11 21:45:01'),
(2819, NULL, 44, '', -2, 2, 11, 3, '', '', '2016-11-11 21:45:08'),
(2820, NULL, 42, '', -1, 2, 11, 3, '', '', '2016-11-11 21:45:16'),
(2821, 293, 1, '', 1, 2, 11, 4, '', NULL, '2016-11-11 21:45:53'),
(2822, 293, 14, '', 2, 2, 11, 4, '', NULL, '2016-11-11 21:45:53'),
(2823, 293, 27, '', 1, 2, 11, 4, '', NULL, '2016-11-11 21:45:53'),
(2824, 293, 33, '', 1, 2, 11, 4, '', NULL, '2016-11-11 21:45:53'),
(2825, 293, 34, '', 1, 2, 11, 4, '', NULL, '2016-11-11 21:45:53'),
(2826, 293, 36, '', 2, 2, 11, 4, '', NULL, '2016-11-11 21:45:54'),
(2827, 293, 39, '', 1, 2, 11, 4, '', NULL, '2016-11-11 21:45:54'),
(2828, 293, 42, '', 1, 2, 11, 4, '', NULL, '2016-11-11 21:45:54'),
(2829, 293, 44, '', 2, 2, 11, 4, '', NULL, '2016-11-11 21:45:54'),
(2830, 294, 58, '', 1, 2, 13, 1, '', NULL, '2016-11-11 22:06:21'),
(2831, 294, 41, '', 1, 2, 13, 1, '', NULL, '2016-11-11 22:06:21'),
(2832, 294, 75, '', 1, 2, 13, 1, '', NULL, '2016-11-11 22:06:21'),
(2833, NULL, 41, '', -1, 2, 13, 2, '4601', '5045', '2016-11-11 22:07:57'),
(2834, NULL, 58, '', -1, 2, 13, 2, '8063', '5622', '2016-11-11 22:08:49'),
(2835, NULL, 75, '', -1, 2, 13, 2, '5421', '5367', '2016-11-11 22:09:51'),
(2836, 295, 68, '', 1, 2, 14, 1, '', NULL, '2016-11-12 05:12:59'),
(2837, 295, 74, '', 1, 2, 14, 1, '', NULL, '2016-11-12 05:12:59'),
(2838, 295, 41, '', 2, 2, 14, 1, '', NULL, '2016-11-12 05:12:59'),
(2839, 295, 80, '', 1, 2, 14, 1, '', NULL, '2016-11-12 05:12:59'),
(2840, 295, 61, '', 2, 2, 14, 1, '', NULL, '2016-11-12 05:12:59'),
(2841, NULL, 41, '', -1, 2, 14, 2, '4418', '5560', '2016-11-12 05:13:45'),
(2842, NULL, 41, '', -1, 2, 14, 2, '4418', '5560', '2016-11-12 05:14:18'),
(2843, NULL, 61, '', -2, 2, 14, 2, '5425', '5717', '2016-11-12 05:15:12'),
(2844, NULL, 80, '', -1, 2, 14, 2, '4418', '5560', '2016-11-12 05:18:19'),
(2845, NULL, 68, '', -1, 2, 14, 2, '2499', '5048', '2016-11-12 05:18:51'),
(2846, NULL, 74, '', -1, 2, 14, 2, '2499', '5048', '2016-11-12 05:19:06'),
(2847, 296, 7, '', 1, 2, 6, 1, '', NULL, '2016-11-12 22:18:08'),
(2848, NULL, 7, '', -1, 2, 6, 2, '', '559', '2016-11-12 22:18:34'),
(2849, 297, 1, '', 1, 2, 5, 1, '', NULL, '2016-11-13 07:54:40'),
(2850, 297, 14, '', 1, 2, 5, 1, '', NULL, '2016-11-13 07:54:40'),
(2851, 297, 26, '', 1, 2, 5, 1, '', NULL, '2016-11-13 07:54:41'),
(2852, 297, 27, '', 1, 2, 5, 1, '', NULL, '2016-11-13 07:54:41'),
(2853, 297, 31, '', 1, 2, 5, 1, '', NULL, '2016-11-13 07:54:41'),
(2854, 297, 33, '', 1, 2, 5, 1, '', NULL, '2016-11-13 07:54:41'),
(2855, 297, 34, '', 1, 2, 5, 1, '', NULL, '2016-11-13 07:54:41'),
(2856, 297, 36, '', 1, 2, 5, 1, '', NULL, '2016-11-13 07:54:41'),
(2857, 297, 39, '', 1, 2, 5, 1, '', NULL, '2016-11-13 07:54:41'),
(2858, 297, 44, '', 1, 2, 5, 1, '', NULL, '2016-11-13 07:54:41'),
(2859, 297, 42, '', 1, 2, 5, 1, '', NULL, '2016-11-13 07:54:42'),
(2860, 297, 7, '', 1, 2, 5, 1, '', NULL, '2016-11-13 07:54:42'),
(2861, NULL, 7, '', -1, 2, 5, 2, '', '517', '2016-11-13 14:50:58'),
(2862, NULL, 1, '', -1, 2, 5, 3, '', '', '2016-11-13 14:51:07'),
(2863, NULL, 14, '', -1, 2, 5, 3, '', '', '2016-11-13 14:51:33'),
(2864, NULL, 26, '', -1, 2, 5, 3, '', '', '2016-11-13 14:51:41'),
(2865, NULL, 27, '', -1, 2, 5, 3, '', '', '2016-11-13 14:51:50'),
(2866, NULL, 31, '', -1, 2, 5, 3, '', '', '2016-11-13 14:51:59'),
(2867, NULL, 33, '', -1, 2, 5, 3, '', '', '2016-11-13 14:52:06'),
(2868, NULL, 34, '', -1, 2, 5, 3, '', '', '2016-11-13 14:52:15'),
(2869, NULL, 36, '', -1, 2, 5, 3, '', '', '2016-11-13 14:52:37'),
(2870, NULL, 39, '', -1, 2, 5, 3, '', '', '2016-11-13 14:52:45'),
(2871, NULL, 44, '', -1, 2, 5, 3, '', '', '2016-11-13 14:52:54'),
(2872, NULL, 42, '', -1, 2, 5, 3, '', '', '2016-11-13 14:53:03'),
(2873, 300, 1, '', 1, 2, 5, 4, '', NULL, '2016-11-14 09:51:02'),
(2874, 300, 14, '', 1, 2, 5, 4, '', NULL, '2016-11-14 09:51:02'),
(2875, 300, 26, '', 1, 2, 5, 4, '', NULL, '2016-11-14 09:51:02'),
(2876, 300, 27, '', 1, 2, 5, 4, '', NULL, '2016-11-14 09:51:02'),
(2877, 300, 31, '', 1, 2, 5, 4, '', NULL, '2016-11-14 09:51:02'),
(2878, 300, 33, '', 1, 2, 5, 4, '', NULL, '2016-11-14 09:51:02'),
(2879, 300, 34, '', 1, 2, 5, 4, '', NULL, '2016-11-14 09:51:02'),
(2880, 300, 36, '', 1, 2, 5, 4, '', NULL, '2016-11-14 09:51:02'),
(2881, 300, 39, '', 1, 2, 5, 4, '', NULL, '2016-11-14 09:51:02'),
(2882, 300, 42, '', 1, 2, 5, 4, '', NULL, '2016-11-14 09:51:03'),
(2883, 300, 44, '', 1, 2, 5, 4, '', NULL, '2016-11-14 09:51:03'),
(2884, 301, 24, '', 1, 2, 14, 1, '', NULL, '2016-11-14 10:05:10'),
(2885, 301, 132, '', 1, 2, 14, 1, '', NULL, '2016-11-14 10:05:10'),
(2886, NULL, 24, '', -1, 2, 14, 2, '8092', '5651', '2016-11-14 10:05:57'),
(2887, NULL, 132, '', -1, 2, 14, 2, '', '539', '2016-11-14 10:06:11'),
(2888, 304, 7, '', 1, 2, 5, 1, '', NULL, '2016-11-14 13:21:15'),
(2889, 305, 7, '', 1, 2, 9, 1, '', NULL, '2016-11-14 13:21:33'),
(2890, NULL, 7, '', -1, 2, 5, 2, '', '507', '2016-11-14 13:22:07'),
(2891, NULL, 7, '', -1, 2, 9, 2, '', '510', '2016-11-14 13:22:38'),
(2892, 308, 1, '', 1, 2, 9, 4, '', NULL, '2016-11-14 15:45:31'),
(2893, 308, 14, '', 1, 2, 9, 4, '', NULL, '2016-11-14 15:45:31'),
(2894, 308, 26, '', 1, 2, 9, 4, '', NULL, '2016-11-14 15:45:31'),
(2895, 308, 27, '', 2, 2, 9, 4, '', NULL, '2016-11-14 15:45:31'),
(2896, 308, 33, '', 1, 2, 9, 4, '', NULL, '2016-11-14 15:45:31'),
(2897, 308, 34, '', 1, 2, 9, 4, '', NULL, '2016-11-14 15:45:31'),
(2898, 308, 36, '', 2, 2, 9, 4, '', NULL, '2016-11-14 15:45:31'),
(2899, 308, 39, '', 1, 2, 9, 4, '', NULL, '2016-11-14 15:45:31'),
(2900, 308, 42, '', 1, 2, 9, 4, '', NULL, '2016-11-14 15:45:32'),
(2901, 308, 44, '', 2, 2, 9, 4, '', NULL, '2016-11-14 15:45:32'),
(2902, 310, 58, '', 1, 2, 14, 1, '', NULL, '2016-11-15 10:36:56'),
(2903, 310, 65, '', 1, 2, 14, 1, '', NULL, '2016-11-15 10:36:57'),
(2904, NULL, 58, '', -1, 2, 14, 2, '5608', '5760', '2016-11-15 10:39:37'),
(2905, NULL, 65, '', -1, 2, 14, 2, '7001', '5569', '2016-11-15 10:40:36'),
(2906, 311, 1, '', 1, 2, 6, 1, '', NULL, '2016-11-15 14:09:54'),
(2907, 311, 14, '', 2, 2, 6, 1, '', NULL, '2016-11-15 14:09:54'),
(2908, 311, 26, '', 1, 2, 6, 1, '', NULL, '2016-11-15 14:09:54'),
(2909, 311, 27, '', 2, 2, 6, 1, '', NULL, '2016-11-15 14:09:54'),
(2910, 311, 31, '', 1, 2, 6, 1, '', NULL, '2016-11-15 14:09:54'),
(2911, 311, 33, '', 1, 2, 6, 1, '', NULL, '2016-11-15 14:09:54'),
(2912, 311, 34, '', 1, 2, 6, 1, '', NULL, '2016-11-15 14:09:54'),
(2913, 311, 36, '', 2, 2, 6, 1, '', NULL, '2016-11-15 14:09:55'),
(2914, 311, 39, '', 1, 2, 6, 1, '', NULL, '2016-11-15 14:09:55'),
(2915, 311, 44, '', 2, 2, 6, 1, '', NULL, '2016-11-15 14:09:55'),
(2916, 311, 42, '', 1, 2, 6, 1, '', NULL, '2016-11-15 14:09:55'),
(2917, 312, 1, '', 1, 2, 10, 1, '', NULL, '2016-11-15 14:12:09'),
(2918, 312, 14, '', 2, 2, 10, 1, '', NULL, '2016-11-15 14:12:09'),
(2919, 312, 26, '', 1, 2, 10, 1, '', NULL, '2016-11-15 14:12:09'),
(2920, 312, 27, '', 2, 2, 10, 1, '', NULL, '2016-11-15 14:12:09'),
(2921, 312, 31, '', 1, 2, 10, 1, '', NULL, '2016-11-15 14:12:09'),
(2922, 312, 33, '', 1, 2, 10, 1, '', NULL, '2016-11-15 14:12:09'),
(2923, 312, 34, '', 1, 2, 10, 1, '', NULL, '2016-11-15 14:12:10'),
(2924, 312, 36, '', 2, 2, 10, 1, '', NULL, '2016-11-15 14:12:10'),
(2925, 312, 39, '', 1, 2, 10, 1, '', NULL, '2016-11-15 14:12:10'),
(2926, 312, 44, '', 2, 2, 10, 1, '', NULL, '2016-11-15 14:12:10'),
(2927, 312, 42, '', 1, 2, 10, 1, '', NULL, '2016-11-15 14:12:10'),
(2928, 313, 4, '', 1, 2, 11, 1, '', NULL, '2016-11-15 15:03:07'),
(2929, 313, 58, '', 2, 2, 11, 1, '', NULL, '2016-11-15 15:03:07'),
(2930, 313, 61, '', 2, 2, 11, 1, '', NULL, '2016-11-15 15:03:07'),
(2931, 313, 76, '', 1, 2, 11, 1, '', NULL, '2016-11-15 15:03:07'),
(2932, 313, 121, '', 1, 2, 11, 1, '', NULL, '2016-11-15 15:03:07'),
(2933, 313, 117, '', 1, 2, 11, 1, '', NULL, '2016-11-15 15:03:07'),
(2934, 313, 122, '', 2, 2, 11, 1, '', NULL, '2016-11-15 15:03:08'),
(2935, 313, 101, '', 1, 2, 11, 1, '', NULL, '2016-11-15 15:03:08'),
(2936, 313, 123, '', 2, 2, 11, 1, '', NULL, '2016-11-15 15:03:08'),
(2937, 313, 64, '', 2, 2, 11, 1, '', NULL, '2016-11-15 15:03:08'),
(2938, 313, 115, '', 2, 2, 11, 1, '', NULL, '2016-11-15 15:03:08'),
(2939, 313, 66, '', 2, 2, 11, 1, '', NULL, '2016-11-15 15:03:08'),
(2940, 313, 112, '', 2, 2, 11, 1, '', NULL, '2016-11-15 15:03:08'),
(2941, 313, 69, '', 3, 2, 11, 1, '', NULL, '2016-11-15 15:03:08'),
(2942, 313, 65, '', 1, 2, 11, 1, '', NULL, '2016-11-15 15:03:08'),
(2943, 313, 73, '', 6, 2, 11, 1, '', NULL, '2016-11-15 15:03:09'),
(2944, 313, 75, '', 2, 2, 11, 1, '', NULL, '2016-11-15 15:03:09'),
(2945, 314, 4, '', 2, 2, 9, 1, '', NULL, '2016-11-15 15:06:53'),
(2946, 314, 61, '', 2, 2, 9, 1, '', NULL, '2016-11-15 15:06:53'),
(2947, 314, 76, '', 1, 2, 9, 1, '', NULL, '2016-11-15 15:06:53'),
(2948, 314, 121, '', 2, 2, 9, 1, '', NULL, '2016-11-15 15:06:53'),
(2949, 314, 117, '', 1, 2, 9, 1, '', NULL, '2016-11-15 15:06:53'),
(2950, 314, 122, '', 2, 2, 9, 1, '', NULL, '2016-11-15 15:06:53'),
(2951, 314, 101, '', 1, 2, 9, 1, '', NULL, '2016-11-15 15:06:54'),
(2952, 314, 64, '', 2, 2, 9, 1, '', NULL, '2016-11-15 15:06:54'),
(2953, 314, 123, '', 2, 2, 9, 1, '', NULL, '2016-11-15 15:06:54'),
(2954, 314, 115, '', 2, 2, 9, 1, '', NULL, '2016-11-15 15:06:54'),
(2955, 314, 66, '', 2, 2, 9, 1, '', NULL, '2016-11-15 15:06:54'),
(2956, 314, 95, '', 1, 2, 9, 1, '', NULL, '2016-11-15 15:06:54'),
(2957, 314, 112, '', 2, 2, 9, 1, '', NULL, '2016-11-15 15:06:54'),
(2958, 314, 69, '', 3, 2, 9, 1, '', NULL, '2016-11-15 15:06:54'),
(2959, 314, 65, '', 1, 2, 9, 1, '', NULL, '2016-11-15 15:06:54'),
(2960, 314, 73, '', 6, 2, 9, 1, '', NULL, '2016-11-15 15:06:55'),
(2961, 314, 75, '', 2, 2, 9, 1, '', NULL, '2016-11-15 15:06:55'),
(2962, NULL, 4, '', -1, 2, 11, 2, '4412', '5104', '2016-11-15 15:07:53'),
(2963, NULL, 1, '', -1, 2, 10, 3, '', '', '2016-11-15 21:08:05'),
(2964, NULL, 1, '', -1, 2, 6, 3, '', '', '2016-11-15 21:08:15'),
(2965, NULL, 14, '', -2, 2, 10, 3, '', '', '2016-11-15 21:08:16'),
(2966, NULL, 26, '', -1, 2, 10, 3, '', '', '2016-11-15 21:08:27'),
(2967, NULL, 14, '', -1, 2, 6, 3, '', '', '2016-11-15 21:08:29'),
(2968, NULL, 27, '', -2, 2, 10, 3, '', '', '2016-11-15 21:08:41'),
(2969, NULL, 14, '', -1, 2, 6, 3, '', '', '2016-11-15 21:08:43'),
(2970, NULL, 31, '', -1, 2, 10, 3, '', '', '2016-11-15 21:08:50'),
(2971, NULL, 26, '', -1, 2, 6, 3, '', '', '2016-11-15 21:08:54'),
(2972, NULL, 33, '', -1, 2, 10, 3, '', '', '2016-11-15 21:08:59'),
(2973, NULL, 34, '', -1, 2, 10, 3, '', '', '2016-11-15 21:09:08'),
(2974, NULL, 27, '', -2, 2, 6, 3, '', '', '2016-11-15 21:09:10'),
(2975, NULL, 31, '', -1, 2, 6, 3, '', '', '2016-11-15 21:09:23'),
(2976, NULL, 36, '', -2, 2, 10, 3, '', '', '2016-11-15 21:09:25'),
(2977, NULL, 33, '', -1, 2, 6, 3, '', '', '2016-11-15 21:09:35'),
(2978, NULL, 39, '', -1, 2, 10, 3, '', '', '2016-11-15 21:09:36'),
(2979, NULL, 42, '', -1, 2, 10, 3, '', '', '2016-11-15 21:09:47'),
(2980, NULL, 34, '', -1, 2, 6, 3, '', '', '2016-11-15 21:09:56'),
(2981, NULL, 44, '', -2, 2, 10, 3, '', '', '2016-11-15 21:09:56'),
(2982, NULL, 36, '', -2, 2, 6, 3, '', '', '2016-11-15 21:10:09'),
(2983, NULL, 39, '', -1, 2, 6, 3, '', '', '2016-11-15 21:10:19'),
(2984, NULL, 42, '', -1, 2, 6, 3, '', '', '2016-11-15 21:10:30'),
(2985, NULL, 44, '', -2, 2, 6, 3, '', '', '2016-11-15 21:10:44'),
(2986, NULL, 64, '', -2, 2, 9, 3, '', '', '2016-11-16 03:18:14'),
(2987, NULL, 65, '', -1, 2, 9, 3, '', '', '2016-11-16 03:18:23'),
(2988, NULL, 112, '', -2, 2, 9, 3, '', '', '2016-11-16 03:18:33'),
(2989, NULL, 75, '', -2, 2, 9, 3, '', '', '2016-11-16 03:18:43'),
(2990, NULL, 76, '', -1, 2, 9, 3, '', '', '2016-11-16 03:18:50'),
(2991, NULL, 101, '', -1, 2, 9, 3, '', '', '2016-11-16 03:18:57'),
(2992, NULL, 73, '', -6, 2, 9, 3, '', '', '2016-11-16 03:19:06'),
(2993, NULL, 121, '', -2, 2, 9, 3, '', '', '2016-11-16 03:19:16'),
(2994, NULL, 95, '', -1, 2, 9, 3, '', '', '2016-11-16 03:19:23'),
(2995, NULL, 123, '', -2, 2, 9, 3, '', '', '2016-11-16 03:19:32'),
(2996, NULL, 122, '', -2, 2, 9, 3, '', '', '2016-11-16 03:19:43'),
(2997, NULL, 115, '', -2, 2, 9, 3, '', '', '2016-11-16 03:19:50'),
(2998, NULL, 4, '', -2, 2, 9, 3, '', '', '2016-11-16 03:19:59'),
(2999, NULL, 66, '', -2, 2, 9, 3, '', '', '2016-11-16 03:20:07'),
(3000, NULL, 117, '', -1, 2, 9, 3, '', '', '2016-11-16 03:20:15'),
(3001, NULL, 69, '', -3, 2, 9, 3, '', '', '2016-11-16 03:20:23'),
(3002, NULL, 61, '', -2, 2, 9, 3, '', '', '2016-11-16 03:20:32'),
(3003, 315, 1, '', 1, 2, 6, 4, '', NULL, '2016-11-16 07:20:03'),
(3004, 315, 14, '', 2, 2, 6, 4, '', NULL, '2016-11-16 07:20:03'),
(3005, 315, 26, '', 1, 2, 6, 4, '', NULL, '2016-11-16 07:20:03'),
(3006, 315, 27, '', 2, 2, 6, 4, '', NULL, '2016-11-16 07:20:03'),
(3007, 315, 31, '', 1, 2, 6, 4, '', NULL, '2016-11-16 07:20:03'),
(3008, 315, 33, '', 1, 2, 6, 4, '', NULL, '2016-11-16 07:20:03'),
(3009, 315, 34, '', 1, 2, 6, 4, '', NULL, '2016-11-16 07:20:04'),
(3010, 315, 36, '', 2, 2, 6, 4, '', NULL, '2016-11-16 07:20:04'),
(3011, 315, 39, '', 1, 2, 6, 4, '', NULL, '2016-11-16 07:20:04'),
(3012, 315, 42, '', 1, 2, 6, 4, '', NULL, '2016-11-16 07:20:04'),
(3013, 315, 44, '', 2, 2, 6, 4, '', NULL, '2016-11-16 07:20:04'),
(3014, 316, 1, '', 1, 2, 10, 4, '', NULL, '2016-11-16 07:20:38'),
(3015, 316, 14, '', 2, 2, 10, 4, '', NULL, '2016-11-16 07:20:38'),
(3016, 316, 26, '', 1, 2, 10, 4, '', NULL, '2016-11-16 07:20:38'),
(3017, 316, 27, '', 2, 2, 10, 4, '', NULL, '2016-11-16 07:20:39'),
(3018, 316, 31, '', 1, 2, 10, 4, '', NULL, '2016-11-16 07:20:39'),
(3019, 316, 33, '', 1, 2, 10, 4, '', NULL, '2016-11-16 07:20:39'),
(3020, 316, 34, '', 1, 2, 10, 4, '', NULL, '2016-11-16 07:20:39'),
(3021, 316, 36, '', 2, 2, 10, 4, '', NULL, '2016-11-16 07:20:39'),
(3022, 316, 39, '', 1, 2, 10, 4, '', NULL, '2016-11-16 07:20:39'),
(3023, 316, 42, '', 1, 2, 10, 4, '', NULL, '2016-11-16 07:20:39'),
(3024, 316, 44, '', 2, 2, 10, 4, '', NULL, '2016-11-16 07:20:39'),
(3025, 317, 4, '', 2, 2, 9, 4, '', NULL, '2016-11-16 07:24:43'),
(3026, 317, 61, '', 2, 2, 9, 4, '', NULL, '2016-11-16 07:24:44'),
(3027, 317, 64, '', 2, 2, 9, 4, '', NULL, '2016-11-16 07:24:44'),
(3028, 317, 65, '', 1, 2, 9, 4, '', NULL, '2016-11-16 07:24:44'),
(3029, 317, 66, '', 2, 2, 9, 4, '', NULL, '2016-11-16 07:24:44'),
(3030, 317, 69, '', 3, 2, 9, 4, '', NULL, '2016-11-16 07:24:44'),
(3031, 317, 73, '', 6, 2, 9, 4, '', NULL, '2016-11-16 07:24:44'),
(3032, 317, 75, '', 2, 2, 9, 4, '', NULL, '2016-11-16 07:24:44'),
(3033, 317, 76, '', 1, 2, 9, 4, '', NULL, '2016-11-16 07:24:44'),
(3034, 317, 95, '', 1, 2, 9, 4, '', NULL, '2016-11-16 07:24:44'),
(3035, 317, 101, '', 1, 2, 9, 4, '', NULL, '2016-11-16 07:24:45'),
(3036, 317, 112, '', 2, 2, 9, 4, '', NULL, '2016-11-16 07:24:45'),
(3037, 317, 115, '', 2, 2, 9, 4, '', NULL, '2016-11-16 07:24:45'),
(3038, 317, 117, '', 1, 2, 9, 4, '', NULL, '2016-11-16 07:24:45'),
(3039, 317, 121, '', 2, 2, 9, 4, '', NULL, '2016-11-16 07:24:45'),
(3040, 317, 122, '', 2, 2, 9, 4, '', NULL, '2016-11-16 07:24:45'),
(3041, 317, 123, '', 2, 2, 9, 4, '', NULL, '2016-11-16 07:24:45'),
(3042, NULL, 75, '', -1, 2, 11, 2, '5421', '5367', '2016-11-16 07:32:52'),
(3043, NULL, 61, '', -2, 2, 11, 3, '', '', '2016-11-16 07:34:39'),
(3044, NULL, 64, '', -2, 2, 11, 3, '', '', '2016-11-16 07:34:49'),
(3045, NULL, 65, '', -1, 2, 11, 3, '', '', '2016-11-16 07:38:19'),
(3046, NULL, 66, '', -2, 2, 11, 3, '', '', '2016-11-16 07:38:40'),
(3047, NULL, 69, '', -3, 2, 11, 3, '', '', '2016-11-16 07:38:55'),
(3048, NULL, 76, '', -1, 2, 11, 3, '', '', '2016-11-16 07:39:04'),
(3049, NULL, 101, '', -1, 2, 11, 3, '', '', '2016-11-16 07:39:23'),
(3050, NULL, 123, '', -2, 2, 11, 3, '', '', '2016-11-16 07:39:41'),
(3051, NULL, 75, '', -1, 2, 11, 3, '', '', '2016-11-16 07:39:50'),
(3052, NULL, 115, '', -2, 2, 11, 3, '', '', '2016-11-16 07:39:58'),
(3053, NULL, 122, '', -2, 2, 11, 3, '', '', '2016-11-16 07:40:21'),
(3054, NULL, 121, '', -1, 2, 11, 3, '', '', '2016-11-16 07:40:38'),
(3055, NULL, 117, '', -1, 2, 11, 3, '', '', '2016-11-16 07:40:45'),
(3056, NULL, 112, '', -2, 2, 11, 3, '', '', '2016-11-16 07:40:54'),
(3057, NULL, 73, '', -6, 2, 11, 3, '', '', '2016-11-16 07:41:16'),
(3058, NULL, 58, '', -1, 2, 11, 2, '8138', '5696', '2016-11-16 07:42:58'),
(3059, NULL, 58, '', -1, 2, 11, 3, '', '', '2016-11-16 07:43:53'),
(3060, 318, 1, '', 1, 2, 7, 1, '', NULL, '2016-11-16 08:04:49'),
(3061, 318, 14, '', 2, 2, 7, 1, '', NULL, '2016-11-16 08:04:49'),
(3062, 318, 26, '', 1, 2, 7, 1, '', NULL, '2016-11-16 08:04:49'),
(3063, 318, 27, '', 2, 2, 7, 1, '', NULL, '2016-11-16 08:04:49'),
(3064, 318, 31, '', 1, 2, 7, 1, '', NULL, '2016-11-16 08:04:50'),
(3065, 318, 33, '', 1, 2, 7, 1, '', NULL, '2016-11-16 08:04:50'),
(3066, 318, 34, '', 1, 2, 7, 1, '', NULL, '2016-11-16 08:04:50'),
(3067, 318, 36, '', 2, 2, 7, 1, '', NULL, '2016-11-16 08:04:50'),
(3068, 318, 39, '', 1, 2, 7, 1, '', NULL, '2016-11-16 08:04:50'),
(3069, 318, 44, '', 2, 2, 7, 1, '', NULL, '2016-11-16 08:04:50'),
(3070, 318, 42, '', 1, 2, 7, 1, '', NULL, '2016-11-16 08:04:50'),
(3071, 319, 1, '', 1, 2, 5, 1, '', NULL, '2016-11-16 08:11:58'),
(3072, 319, 14, '', 2, 2, 5, 1, '', NULL, '2016-11-16 08:11:58'),
(3073, 319, 26, '', 1, 2, 5, 1, '', NULL, '2016-11-16 08:11:59'),
(3074, 319, 27, '', 2, 2, 5, 1, '', NULL, '2016-11-16 08:11:59'),
(3075, 319, 31, '', 1, 2, 5, 1, '', NULL, '2016-11-16 08:11:59'),
(3076, 319, 33, '', 1, 2, 5, 1, '', NULL, '2016-11-16 08:11:59'),
(3077, 319, 34, '', 1, 2, 5, 1, '', NULL, '2016-11-16 08:11:59'),
(3078, 319, 36, '', 2, 2, 5, 1, '', NULL, '2016-11-16 08:11:59'),
(3079, 319, 39, '', 1, 2, 5, 1, '', NULL, '2016-11-16 08:11:59'),
(3080, 319, 44, '', 1, 2, 5, 1, '', NULL, '2016-11-16 08:11:59'),
(3081, 319, 42, '', 1, 2, 5, 1, '', NULL, '2016-11-16 08:11:59'),
(3082, 320, 92, '', 1, 2, 7, 1, '', NULL, '2016-11-16 09:23:03'),
(3083, NULL, 92, '', -1, 2, 7, 2, '5421', '5367', '2016-11-16 09:23:44'),
(3084, 322, 7, '', 1, 2, 5, 1, '', NULL, '2016-11-16 13:09:42'),
(3085, NULL, 7, '', -1, 2, 5, 2, '', '610', '2016-11-16 13:12:21'),
(3086, 323, 58, '', 1, 2, 11, 4, '', NULL, '2016-11-16 13:16:20'),
(3087, 323, 61, '', 2, 2, 11, 4, '', NULL, '2016-11-16 13:16:20'),
(3088, 323, 64, '', 2, 2, 11, 4, '', NULL, '2016-11-16 13:16:20'),
(3089, 323, 65, '', 1, 2, 11, 4, '', NULL, '2016-11-16 13:16:20'),
(3090, 323, 66, '', 2, 2, 11, 4, '', NULL, '2016-11-16 13:16:20'),
(3091, 323, 69, '', 3, 2, 11, 4, '', NULL, '2016-11-16 13:16:20'),
(3092, 323, 73, '', 6, 2, 11, 4, '', NULL, '2016-11-16 13:16:20'),
(3093, 323, 75, '', 1, 2, 11, 4, '', NULL, '2016-11-16 13:16:21');
INSERT INTO `service_request` (`id`, `arrival_id`, `product_id`, `sn`, `quantity`, `storage_id`, `release_user_id`, `service_status_id`, `bus_number`, `automat_number`, `change_status_datetime`) VALUES
(3094, 323, 76, '', 1, 2, 11, 4, '', NULL, '2016-11-16 13:16:21'),
(3095, 323, 101, '', 1, 2, 11, 4, '', NULL, '2016-11-16 13:16:21'),
(3096, 323, 112, '', 2, 2, 11, 4, '', NULL, '2016-11-16 13:16:21'),
(3097, 323, 115, '', 2, 2, 11, 4, '', NULL, '2016-11-16 13:16:21'),
(3098, 323, 117, '', 1, 2, 11, 4, '', NULL, '2016-11-16 13:16:21'),
(3099, 323, 121, '', 1, 2, 11, 4, '', NULL, '2016-11-16 13:16:21'),
(3100, 323, 122, '', 2, 2, 11, 4, '', NULL, '2016-11-16 13:16:21'),
(3101, 323, 123, '', 2, 2, 11, 4, '', NULL, '2016-11-16 13:16:21'),
(3102, NULL, 1, '', -1, 2, 5, 3, '', '', '2016-11-16 14:14:54'),
(3103, NULL, 14, '', -2, 2, 5, 3, '', '', '2016-11-16 14:15:06'),
(3104, NULL, 26, '', -1, 2, 5, 3, '', '', '2016-11-16 14:15:14'),
(3105, NULL, 27, '', -2, 2, 5, 3, '', '', '2016-11-16 14:15:39'),
(3106, NULL, 31, '', -1, 2, 5, 3, '', '', '2016-11-16 14:15:54'),
(3107, NULL, 33, '', -1, 2, 5, 3, '', '', '2016-11-16 14:16:08'),
(3108, NULL, 34, '', -1, 2, 5, 3, '', '', '2016-11-16 14:16:21'),
(3109, NULL, 36, '', -2, 2, 5, 3, '', '', '2016-11-16 14:16:30'),
(3110, NULL, 39, '', -1, 2, 5, 3, '', '', '2016-11-16 14:16:48'),
(3111, NULL, 42, '', -1, 2, 5, 3, '', '', '2016-11-16 14:17:22'),
(3112, NULL, 44, '', -1, 2, 5, 3, '', '', '2016-11-16 14:17:33'),
(3113, 324, 1, '', 1, 2, 5, 4, '', NULL, '2016-11-16 14:25:44'),
(3114, 324, 14, '', 2, 2, 5, 4, '', NULL, '2016-11-16 14:25:44'),
(3115, 324, 26, '', 1, 2, 5, 4, '', NULL, '2016-11-16 14:25:44'),
(3116, 324, 27, '', 2, 2, 5, 4, '', NULL, '2016-11-16 14:25:44'),
(3117, 324, 31, '', 1, 2, 5, 4, '', NULL, '2016-11-16 14:25:44'),
(3118, 324, 33, '', 1, 2, 5, 4, '', NULL, '2016-11-16 14:25:44'),
(3119, 324, 34, '', 1, 2, 5, 4, '', NULL, '2016-11-16 14:25:44'),
(3120, 324, 36, '', 2, 2, 5, 4, '', NULL, '2016-11-16 14:25:45'),
(3121, 324, 39, '', 1, 2, 5, 4, '', NULL, '2016-11-16 14:25:45'),
(3122, 324, 42, '', 1, 2, 5, 4, '', NULL, '2016-11-16 14:25:45'),
(3123, 324, 44, '', 1, 2, 5, 4, '', NULL, '2016-11-16 14:25:45'),
(3124, NULL, 1, '', -1, 2, 7, 3, '', '', '2016-11-16 14:38:50'),
(3125, NULL, 26, '', -1, 2, 7, 3, '', '', '2016-11-16 14:38:58'),
(3126, NULL, 14, '', -2, 2, 7, 3, '', '', '2016-11-16 14:39:07'),
(3127, NULL, 27, '', -2, 2, 7, 3, '', '', '2016-11-16 14:39:15'),
(3128, NULL, 33, '', -1, 2, 7, 3, '', '', '2016-11-16 14:39:24'),
(3129, NULL, 36, '', -2, 2, 7, 3, '', '', '2016-11-16 14:39:33'),
(3130, NULL, 31, '', -1, 2, 7, 3, '', '', '2016-11-16 14:39:41'),
(3131, NULL, 34, '', -1, 2, 7, 3, '', '', '2016-11-16 14:39:49'),
(3132, NULL, 39, '', -1, 2, 7, 3, '', '', '2016-11-16 14:39:56'),
(3133, NULL, 42, '', -1, 2, 7, 3, '', '', '2016-11-16 14:40:02'),
(3134, NULL, 44, '', -2, 2, 7, 3, '', '', '2016-11-16 14:40:11'),
(3135, 325, 1, '', 1, 2, 7, 4, '', NULL, '2016-11-16 14:40:34'),
(3136, 325, 14, '', 2, 2, 7, 4, '', NULL, '2016-11-16 14:40:34'),
(3137, 325, 26, '', 1, 2, 7, 4, '', NULL, '2016-11-16 14:40:34'),
(3138, 325, 27, '', 2, 2, 7, 4, '', NULL, '2016-11-16 14:40:34'),
(3139, 325, 31, '', 1, 2, 7, 4, '', NULL, '2016-11-16 14:40:35'),
(3140, 325, 33, '', 1, 2, 7, 4, '', NULL, '2016-11-16 14:40:35'),
(3141, 325, 34, '', 1, 2, 7, 4, '', NULL, '2016-11-16 14:40:35'),
(3142, 325, 36, '', 2, 2, 7, 4, '', NULL, '2016-11-16 14:40:35'),
(3143, 325, 39, '', 1, 2, 7, 4, '', NULL, '2016-11-16 14:40:35'),
(3144, 325, 42, '', 1, 2, 7, 4, '', NULL, '2016-11-16 14:40:35'),
(3145, 325, 44, '', 2, 2, 7, 4, '', NULL, '2016-11-16 14:40:35'),
(3146, 326, 1, '', 1, 2, 13, 1, '', NULL, '2016-11-16 14:43:31'),
(3147, 326, 14, '', 2, 2, 13, 1, '', NULL, '2016-11-16 14:43:31'),
(3148, 326, 26, '', 1, 2, 13, 1, '', NULL, '2016-11-16 14:43:31'),
(3149, 326, 27, '', 2, 2, 13, 1, '', NULL, '2016-11-16 14:43:31'),
(3150, 326, 31, '', 1, 2, 13, 1, '', NULL, '2016-11-16 14:43:32'),
(3151, 326, 33, '', 1, 2, 13, 1, '', NULL, '2016-11-16 14:43:32'),
(3152, 326, 34, '', 1, 2, 13, 1, '', NULL, '2016-11-16 14:43:32'),
(3153, 326, 36, '', 2, 2, 13, 1, '', NULL, '2016-11-16 14:43:32'),
(3154, 326, 39, '', 1, 2, 13, 1, '', NULL, '2016-11-16 14:43:32'),
(3155, 326, 44, '', 2, 2, 13, 1, '', NULL, '2016-11-16 14:43:32'),
(3156, 326, 42, '', 1, 2, 13, 1, '', NULL, '2016-11-16 14:43:32'),
(3157, 327, 1, '', 3, 2, 10, 1, '', NULL, '2016-11-16 14:45:25'),
(3158, 327, 1, '', 1, 2, 10, 1, '', NULL, '2016-11-16 14:45:26'),
(3159, 327, 14, '', 2, 2, 10, 1, '', NULL, '2016-11-16 14:45:26'),
(3160, 327, 26, '', 1, 2, 10, 1, '', NULL, '2016-11-16 14:45:26'),
(3161, 327, 27, '', 2, 2, 10, 1, '', NULL, '2016-11-16 14:45:26'),
(3162, 327, 31, '', 1, 2, 10, 1, '', NULL, '2016-11-16 14:45:26'),
(3163, 327, 33, '', 1, 2, 10, 1, '', NULL, '2016-11-16 14:45:26'),
(3164, 327, 34, '', 1, 2, 10, 1, '', NULL, '2016-11-16 14:45:26'),
(3165, 327, 36, '', 2, 2, 10, 1, '', NULL, '2016-11-16 14:45:26'),
(3166, 327, 39, '', 1, 2, 10, 1, '', NULL, '2016-11-16 14:45:26'),
(3167, 327, 44, '', 2, 2, 10, 1, '', NULL, '2016-11-16 14:45:27'),
(3168, 327, 42, '', 1, 2, 10, 1, '', NULL, '2016-11-16 14:45:27'),
(3169, 328, 58, '', 2, 2, 11, 1, '', NULL, '2016-11-16 14:58:27'),
(3170, 328, 61, '', 2, 2, 11, 1, '', NULL, '2016-11-16 14:58:27'),
(3171, 328, 76, '', 1, 2, 11, 1, '', NULL, '2016-11-16 14:58:27'),
(3172, 328, 121, '', 1, 2, 11, 1, '', NULL, '2016-11-16 14:58:27'),
(3173, 328, 117, '', 1, 2, 11, 1, '', NULL, '2016-11-16 14:58:28'),
(3174, 328, 122, '', 2, 2, 11, 1, '', NULL, '2016-11-16 14:58:28'),
(3175, 328, 101, '', 1, 2, 11, 1, '', NULL, '2016-11-16 14:58:28'),
(3176, 328, 64, '', 2, 2, 11, 1, '', NULL, '2016-11-16 14:58:28'),
(3177, 328, 123, '', 2, 2, 11, 1, '', NULL, '2016-11-16 14:58:28'),
(3178, 328, 115, '', 2, 2, 11, 1, '', NULL, '2016-11-16 14:58:28'),
(3179, 328, 66, '', 2, 2, 11, 1, '', NULL, '2016-11-16 14:58:28'),
(3180, 328, 112, '', 2, 2, 11, 1, '', NULL, '2016-11-16 14:58:28'),
(3181, 328, 69, '', 3, 2, 11, 1, '', NULL, '2016-11-16 14:58:28'),
(3182, 328, 65, '', 1, 2, 11, 1, '', NULL, '2016-11-16 14:58:29'),
(3183, 328, 73, '', 6, 2, 11, 1, '', NULL, '2016-11-16 14:58:29'),
(3184, 328, 75, '', 2, 2, 11, 1, '', NULL, '2016-11-16 14:58:29'),
(3185, 329, 58, '', 2, 2, 9, 1, '', NULL, '2016-11-16 15:02:26'),
(3186, 329, 61, '', 2, 2, 9, 1, '', NULL, '2016-11-16 15:02:26'),
(3187, 329, 76, '', 1, 2, 9, 1, '', NULL, '2016-11-16 15:02:26'),
(3188, 329, 121, '', 2, 2, 9, 1, '', NULL, '2016-11-16 15:02:26'),
(3189, 329, 117, '', 1, 2, 9, 1, '', NULL, '2016-11-16 15:02:26'),
(3190, 329, 122, '', 2, 2, 9, 1, '', NULL, '2016-11-16 15:02:26'),
(3191, 329, 101, '', 1, 2, 9, 1, '', NULL, '2016-11-16 15:02:27'),
(3192, 329, 64, '', 2, 2, 9, 1, '', NULL, '2016-11-16 15:02:27'),
(3193, 329, 123, '', 2, 2, 9, 1, '', NULL, '2016-11-16 15:02:27'),
(3194, 329, 115, '', 2, 2, 9, 1, '', NULL, '2016-11-16 15:02:27'),
(3195, 329, 66, '', 2, 2, 9, 1, '', NULL, '2016-11-16 15:02:27'),
(3196, 329, 95, '', 1, 2, 9, 1, '', NULL, '2016-11-16 15:02:27'),
(3197, 329, 112, '', 2, 2, 9, 1, '', NULL, '2016-11-16 15:02:27'),
(3198, 329, 69, '', 3, 2, 9, 1, '', NULL, '2016-11-16 15:02:27'),
(3199, 329, 65, '', 1, 2, 9, 1, '', NULL, '2016-11-16 15:02:27'),
(3200, 329, 73, '', 6, 2, 9, 1, '', NULL, '2016-11-16 15:02:28'),
(3201, 329, 75, '', 2, 2, 9, 1, '', NULL, '2016-11-16 15:02:28');

-- --------------------------------------------------------

--
-- Struktura tabeli dla tabeli `service_status`
--

CREATE TABLE IF NOT EXISTS `service_status` (
  `id` int(11) NOT NULL AUTO_INCREMENT,
  `name` varchar(255) COLLATE latin2_bin NOT NULL,
  PRIMARY KEY (`id`)
) ENGINE=InnoDB  DEFAULT CHARSET=latin2 COLLATE=latin2_bin AUTO_INCREMENT=5 ;

--
-- Zrzut danych tabeli `service_status`
--

INSERT INTO `service_status` (`id`, `name`) VALUES
(1, 'Otrzymano z magazynu'),
(2, 'Monta w automacie'),
(3, 'Do zwrotu'),
(4, 'Zwrcono na magazyn');

-- --------------------------------------------------------

--
-- Struktura tabeli dla tabeli `storage`
--

CREATE TABLE IF NOT EXISTS `storage` (
  `id` int(11) NOT NULL AUTO_INCREMENT,
  `name` varchar(255) COLLATE latin2_bin NOT NULL,
  PRIMARY KEY (`id`)
) ENGINE=InnoDB  DEFAULT CHARSET=latin2 COLLATE=latin2_bin AUTO_INCREMENT=3 ;

--
-- Zrzut danych tabeli `storage`
--

INSERT INTO `storage` (`id`, `name`) VALUES
(1, 'Magazyn Warszawa'),
(2, 'Magazyn Wrocaw');

-- --------------------------------------------------------

--
-- Struktura tabeli dla tabeli `users`
--

CREATE TABLE IF NOT EXISTS `users` (
  `id` int(11) NOT NULL AUTO_INCREMENT,
  `login` varchar(255) COLLATE latin2_bin NOT NULL,
  `password` varchar(255) COLLATE latin2_bin NOT NULL,
  `user_name` varchar(255) COLLATE latin2_bin NOT NULL,
  `email` varchar(255) COLLATE latin2_bin NOT NULL,
  `user_group_id` int(11) NOT NULL,
  `storage_id` int(11) NOT NULL,
  `is_active` enum('0','1') COLLATE latin2_bin NOT NULL DEFAULT '1',
  PRIMARY KEY (`id`)
) ENGINE=InnoDB  DEFAULT CHARSET=latin2 COLLATE=latin2_bin AUTO_INCREMENT=21 ;

--
-- Zrzut danych tabeli `users`
--

INSERT INTO `users` (`id`, `login`, `password`, `user_name`, `email`, `user_group_id`, `storage_id`, `is_active`) VALUES
(1, 'mennica_test', 'fa8d52b91c0742b7f2f983bd978c453c', 'mennica test', '', 1, 0, '1'),
(2, 'vector_test', '1edabd3ab3a3b8acf3efd272f613380f', 'vector test', '', 2, 2, '1'),
(3, 'serwisant1', '6cce4ad64dc940b1f7a60ea642dd5fb0', 'serwisant', '', 3, 1, '1'),
(4, 'manager', '1d0258c2440a8d19e716292b231e3190', 'manager', '', 4, 0, '1'),
(5, 'blarkowski', 'c18761d2e84d55d1eac111eedcbebb66', 'Bartosz Larkowski', 'blarkowski@vectorsoft.pl ', 3, 2, '1'),
(6, 'abuller', '9292153d210693abbe00dc0c3db99c21', 'Artur Buller', 'abuller@vectorsoft.pl', 3, 2, '1'),
(7, 'smiernik', 'e18fd59926017dd7378db77487f8de1e', 'Szymon Miernik', 'smiernik@vectorsoft.pl', 3, 2, '1'),
(8, 'wsliwa', 'ad3702c2bf9407673ea885482274c128', 'Wojciech liwa', 'wsliwa@vectorsoft.pl', 3, 2, '1'),
(9, 'lmazurowski', '67618b7f04ffa71c67b6b5bebfc20953', 'ukasz Mazurowski', 'lmazurowski@vectorsoft.pl', 3, 2, '1'),
(10, 'cskwarzynski', 'd85684ec91478e549da228b0c358a2cc', 'Cezary Skwarzyski', 'cskwarzynski@vectorsoft.pl', 3, 2, '1'),
(11, 'wperko', 'f68ae8b3314b2c66ede3f6c8ccb77414', 'Wojciech Perko', 'wperko@vectorsoft.pl', 3, 2, '1'),
(12, 'kmelewski', 'b23cd911ba8c898cf1bb7e17ecc0b271', 'Krzysztof Melewski', 'kmelewski@vectorsoft.pl', 3, 2, '1'),
(13, 'msieradzki', 'f2069b44521e12d51313538a55c4e96c', 'Mariusz Sieradzki', 'msieradzki@vectorsoft.pl', 3, 2, '1'),
(14, 'tkarabiniewicz', '889b5b5ee64dcd534ea9c4fd9a8dd267', 'Tomasz Karabiniewicz', 'tkarabiniewicz@vectorsoft.pl', 3, 2, '1'),
(15, 'kjasinski', '812849e5c899b6bf2c88a7b4d2515bee', 'Krzysztof Jasiski', 'kjasinski@vectorsoft.pl', 2, 2, '1'),
(16, 'kkowalczyk', 'deleted', 'Konrad Kowalczyk', 'kkowalczyk@vetorsoft.pl', 2, 2, '0'),
(17, 'mprzybylski', '281a86b1af025c1710111c4170a85ddc', 'Micha Przybylski', 'mprzybylski@vectorsoft.pl', 2, 2, '1'),
(18, 'kwiaterski', 'f88990a8212454ecc8c141a6e1098393', 'Konrad Wiaterski', '', 1, 0, '1'),
(19, 'ddawidczyk', '1f65262db75062be18a5f3f2965b023b', 'Dariusz Dawidczyk', '', 1, 0, '1'),
(20, 'fmarzec', '1664aa61a6544b03ebd07706884def63', 'Filip Marzec', 'fmarzec@vectorsoft.pl', 3, 2, '1');

-- --------------------------------------------------------

--
-- Struktura tabeli dla tabeli `users_group`
--

CREATE TABLE IF NOT EXISTS `users_group` (
  `id` int(11) NOT NULL AUTO_INCREMENT,
  `name` varchar(255) COLLATE latin2_bin NOT NULL,
  PRIMARY KEY (`id`)
) ENGINE=InnoDB  DEFAULT CHARSET=latin2 COLLATE=latin2_bin AUTO_INCREMENT=5 ;

--
-- Zrzut danych tabeli `users_group`
--

INSERT INTO `users_group` (`id`, `name`) VALUES
(1, 'mennica'),
(2, 'vectorsoft_magazyn'),
(3, 'serwisant'),
(4, 'manager');

/*!40101 SET CHARACTER_SET_CLIENT=@OLD_CHARACTER_SET_CLIENT */;
/*!40101 SET CHARACTER_SET_RESULTS=@OLD_CHARACTER_SET_RESULTS */;
/*!40101 SET COLLATION_CONNECTION=@OLD_COLLATION_CONNECTION */;
